expression,reading,meaning,tags,parts_of_speech,group
そう; そうです,そう; そうです,"yes; appears, to be the case",N5,noun,Basic Greetings
いいえ,いいえ,"no, not at all",N5,expression,Basic Greetings
ええ,ええ,yes,N5,expression,Basic Greetings
下さい,ください,(with te-form verb) please do for me,N5,expression,Basic Greetings
さあ,さあ,"come now, well",N5,expression,Basic Greetings
どうぞ,どうぞ,"please, kindly, by all means",N5,expression,Basic Greetings
どうも,どうも,Thank you; somehow; no matter how hard one may try,N5,expression,Basic Greetings
はい,はい,yes,N5,expression,Basic Greetings
もしもし,もしもし,Hello? (used on the phone),N5,expression,Basic Greetings
あれ,あれ,that one (over there),N5,noun,Numbers & Counting
一,いち,one,N5,noun,Numbers & Counting
一日,いちにち,one day (duration),N5,noun,Numbers & Counting
一番,いちばん,"best (most), first, number one",N5,noun,Numbers & Counting
一緒,いっしょ,together,N5,noun,Numbers & Counting
五つ,いつつ,five things,N5,noun,Numbers & Counting
大勢,おおぜい,great number of people,N5,noun,Numbers & Counting
かかる,かかる,"it takes (amount of time, money) (v.i.)",N5,noun,Numbers & Counting
九,きゅう,nine,N5,noun,Numbers & Counting
九,く,nine,N5,noun,Numbers & Counting
五,ご,five,N5,noun,Numbers & Counting
九つ,ここのつ,nine things,N5,noun,Numbers & Counting
これ,これ,this one,N5,noun,Numbers & Counting
三,さん,three,N5,noun,Numbers & Counting
四,し,four,N5,noun,Numbers & Counting
七,しち,seven,N5,noun,Numbers & Counting
十,じゅう,ten,N5,noun,Numbers & Counting
背,せい,"(one's) height, stature",N5,noun,Numbers & Counting
ゼロ,ゼロ,zero,N5,noun,Numbers & Counting
千,せん,thousand,N5,noun,Numbers & Counting
それ,それ,that one,N5,noun,Numbers & Counting
たて,たて,"length, height",N5,noun,Numbers & Counting
誰か,だれか,someone,N5,noun,Numbers & Counting
十,(〜を) とお,ten (~),N5,noun,Numbers & Counting
どっち,どっち,"which one, which way",N5,noun,Numbers & Counting
どれ,どれ,which one,N5,noun,Numbers & Counting
七つ,ななつ,seven things,N5,noun,Numbers & Counting
二,に,two,N5,noun,Numbers & Counting
二十歳,はたち,20 years old,N5,noun,Numbers & Counting
八,はち,eight,N5,noun,Numbers & Counting
奥さん,おくさん,(someone else's) wife (hon.),N5,verb,Numbers & Counting
半,はん,"half (e.g., にじはん | half-past two)",N5,noun,Numbers & Counting
番号,ばんごう,"number, series of digits",N5,noun,Numbers & Counting
半分,はんぶん,half,N5,noun,Numbers & Counting
一つ,ひとつ,one thing,N5,noun,Numbers & Counting
一月,ひとつき,one month,N5,noun,Numbers & Counting
一人,ひとり,one person,N5,noun,Numbers & Counting
百,ひゃく,hundred,N5,noun,Numbers & Counting
二つ,ふたつ,two things,N5,noun,Numbers & Counting
二人,ふたり,two people,N5,noun,Numbers & Counting
万,まん,ten thousand,N5,noun,Numbers & Counting
万年筆,まんねんひつ,fountain pen,N5,noun,Numbers & Counting
三つ,みっつ,three things,N5,noun,Numbers & Counting
六つ,むっつ,six things,N5,noun,Numbers & Counting
八百屋,やおや,greengrocer,N5,noun,Numbers & Counting
八つ,やっつ,eight things,N5,noun,Numbers & Counting
四つ,よっつ,four things,N5,noun,Numbers & Counting
零,れい,"zero, nought",N5,noun,Numbers & Counting
六,ろく,six,N5,noun,Numbers & Counting
丸い; 円い,まるい,"round, circular",N5,i-adjective,Numbers & Counting
どちら,どちら,which (one) (way); where (polite),N5,na-adjective,Numbers & Counting
よく,よく,"frequently, often (much); well, skillfully",N5,na-adjective,Numbers & Counting
皆さん,みなさん,"all of you, everyone",N5,adverb,Numbers & Counting
みんな,みんな,"all, everyone, everybody",N5,adverb,Numbers & Counting
～回,～かい,counter for occurrences (~ times),N5,counter,Numbers & Counting
～冊,～さつ,counter for books,N5,counter,Numbers & Counting
～人,～じん,counter for people,N5,counter,Numbers & Counting
～台,～だい,counter for vehicles; machines,N5,counter,Numbers & Counting
～度,～ど,counter for occurrences; ~ degree; ~ point,N5,counter,Numbers & Counting
～人,～にん,counter for people,N5,counter,Numbers & Counting
～杯,～はい,counter for cupfuls,N5,counter,Numbers & Counting
呼ぶ,よぶ,to call (one's name); to invite,N5,verb,Numbers & Counting
～匹,～ひき,counter for small animals,N5,counter,Numbers & Counting
～くらい; ぐらい,～くらい; ぐらい,approximate (quantity),N5,prefix/suffix,Numbers & Counting
朝,あさ,morning,N5,noun,Time & Dates
明後日,あさって,day after tomorrow,N5,noun,Time & Dates
明日,あした,tomorrow,N5,noun,Time & Dates
後,あと,afterwards (later); in the future; the rest; since then,N5,noun,Time & Dates
五日,いつか,five days; fifth day of the month,N5,noun,Time & Dates
今,いま,now,N5,noun,Time & Dates
一昨日,おととい,the day before yesterday,N5,noun,Time & Dates
おととし,おととし,year before last,N5,noun,Time & Dates
おまわりさん,おまわりさん,policeman (friendly term),N5,noun,Time & Dates
火曜日,かようび,Tuesday,N5,noun,Time & Dates
カレンダー,カレンダー,calendar,N5,noun,Time & Dates
昨日,きのう,yesterday,N5,noun,Time & Dates
今日,きょう,"today, this day",N5,noun,Time & Dates
去年,きょねん,last year,N5,noun,Time & Dates
金曜日,きんようび,Friday,N5,noun,Time & Dates
今朝,けさ,this morning,N5,noun,Time & Dates
月曜日,げつようび,Monday,N5,noun,Time & Dates
午後,ごご,"afternoon, P.M.",N5,noun,Time & Dates
九日,ここのか,nine days; ninth day of the month,N5,noun,Time & Dates
午前,ごぜん,"morning, A.M.",N5,noun,Time & Dates
今年,ことし,this year,N5,noun,Time & Dates
今月,こんげつ,this month,N5,noun,Time & Dates
今週,こんしゅう,this week,N5,noun,Time & Dates
今晩,こんばん,"tonight, this evening",N5,noun,Time & Dates
先,さき,"future; recent, previous",N5,noun,Time & Dates
さ来年,さらいねん,year after next,N5,noun,Time & Dates
時間,じかん,time,N5,noun,Time & Dates
自分,じぶん,"myself, oneself",N5,noun,Time & Dates
水曜日,すいようび,Wednesday,N5,noun,Time & Dates
先月,せんげつ,last month,N5,noun,Time & Dates
先週,せんしゅう,last week,N5,noun,Time & Dates
それから,それから,"and then, after that",N5,noun,Time & Dates
誕生日,たんじょうび,birthday,N5,noun,Time & Dates
一日,ついたち,one day; first day of the month,N5,noun,Time & Dates
十日,とおか,ten days; tenth day of the month,N5,noun,Time & Dates
時計,とけい,a watch; a clock,N5,noun,Time & Dates
年,とし,"year, age",N5,noun,Time & Dates
隣,となり,"next to, next door to",N5,noun,Time & Dates
土曜日,どようび,Saturday,N5,noun,Time & Dates
七日,なのか,seven days; seventh day (of the month),N5,noun,Time & Dates
日曜日,にちようび,Sunday,N5,noun,Time & Dates
初めて,はじめて,for the first time,N5,noun,Time & Dates
二十日,はつか,"twenty days, twentieth (day of the month)",N5,noun,Time & Dates
晩,ばん,evening,N5,noun,Time & Dates
消す,けす,"to erase, to delete, to turn off power",N5,verb,Time & Dates
昼,ひる,"noon, daytime",N5,noun,Time & Dates
二日,ふつか,two days; second day of the month,N5,noun,Time & Dates
前,まえ,"before, in front",N5,noun,Time & Dates
三日,みっか,"three days, third day of the month",N5,noun,Time & Dates
六日,むいか,six days; sixth day of month,N5,noun,Time & Dates
木曜日,もくようび,Thursday,N5,noun,Time & Dates
休み,やすみ,holiday; day off; absence,N5,noun,Time & Dates
夕方,ゆうがた,"late afternoon (typically just before dinner time), evening",N5,noun,Time & Dates
昨夜,ゆうべ,last night,N5,noun,Time & Dates
八日,ようか,eight days; eighth day of the month,N5,noun,Time & Dates
四日,よっか,four days; fourth day of the month,N5,noun,Time & Dates
夜,よる,"evening, night",N5,noun,Time & Dates
来月,らいげつ,next month,N5,noun,Time & Dates
来週,らいしゅう,next week,N5,noun,Time & Dates
来年,らいねん,next year,N5,noun,Time & Dates
忙しい,いそがしい,"busy (people, days)",N5,i-adjective,Time & Dates
早い,はやい,early,N5,i-adjective,Time & Dates
結構,けっこう,"splendid; enough, tolerably",N5,na-adjective,Time & Dates
暇,ひま,"free time, leisure",N5,na-adjective,Time & Dates
いつも,いつも,"always, usually, every time, never (with neg. verb)",N5,adverb,Time & Dates
すぐに,すぐに,"immediately, soon",N5,adverb,Time & Dates
多分,たぶん,"perhaps, probably, maybe",N5,adverb,Time & Dates
時々,ときどき,sometimes,N5,adverb,Time & Dates
毎朝,まいあさ,every morning,N5,adverb,Time & Dates
毎月,まいげつ; まいつき,"every month, monthly",N5,adverb,Time & Dates
毎週,まいしゅう,every week,N5,adverb,Time & Dates
毎日,まいにち,every day,N5,adverb,Time & Dates
毎年,まいねん; まいとし,"every year, yearly, annually",N5,adverb,Time & Dates
毎晩,まいばん,every night,N5,adverb,Time & Dates
まだ,まだ,"yet, still, besides",N5,adverb,Time & Dates
もう,もう,already; again; more,N5,adverb,Time & Dates
～か月,～かげつ,(number of) months,N5,prefix/suffix,Time & Dates
～月,～がつ,month of year,N5,prefix/suffix,Time & Dates
～ころ; ～ごろ,～ころ; ～ごろ,"about, toward, approximately (time)",N5,prefix/suffix,Time & Dates
～歳,～さい,~ years old,N5,prefix/suffix,Time & Dates
～時,～じ,~ o'clock (time),N5,prefix/suffix,Time & Dates
～時間,～じかん,~ hours,N5,prefix/suffix,Time & Dates
～中,～じゅう,"during, while",N5,prefix/suffix,Time & Dates
～週間,～しゅうかん,~ weeks,N5,prefix/suffix,Time & Dates
～ずつ,～ずつ,at a time,N5,prefix/suffix,Time & Dates
～中,～ちゅう,"during, while ~ing",N5,prefix/suffix,Time & Dates
～時,～とき,at the time of ~,N5,prefix/suffix,Time & Dates
～など,～など,et cetera,N5,prefix/suffix,Time & Dates
～日,～にち,"~ day of the month, for ~ days",N5,prefix/suffix,Time & Dates
休む,やすむ,"to rest, to have a break, to get time off",N5,verb,Time & Dates
～年,～ねん,~ years,N5,prefix/suffix,Time & Dates
～分,～ふん,~ minutes,N5,prefix/suffix,Time & Dates
お母さん,おかあさん,mother (formal),N5,noun,Family & Relationships
伯父; 叔父さん,おじさん,"uncle, middle-aged man",N5,noun,Family & Relationships
お父さん,おとうさん,father (formal),N5,noun,Family & Relationships
兄,あに,(my) older brother (humble),N5,verb,Family & Relationships
弟,おとうと,younger brother,N5,noun,Family & Relationships
大人,おとな,adult,N5,noun,Family & Relationships
お兄さん,おにいさん,(someone else's) older brother (formal),N5,noun,Family & Relationships
姉,あね,(my) older sister (humble),N5,verb,Family & Relationships
お姉さん,おねえさん,older sister (formal),N5,noun,Family & Relationships
伯母さん; 叔母さん,おばさん,aunt,N5,noun,Family & Relationships
家族,かぞく,"family, members of a family",N5,noun,Family & Relationships
妹,いもうと,younger sister (humble),N5,verb,Family & Relationships
こっち,こっち,this person; this direction; this side,N5,noun,Everyday Essentials
子供,こども,child(ren),N5,noun,Family & Relationships
丈夫,じょうぶ,"strong, solid, durable",N5,noun,Colors & Descriptions
兄弟,きょうだい,"siblings (humble), brothers and sisters",N5,verb,Family & Relationships
父,ちち,(my) father,N5,noun,Family & Relationships
どうして,どうして,"why, for what reason",N5,noun,Family & Relationships
母,はは,(my) mother,N5,noun,Family & Relationships
やる,やる,"to do; to give (to pets, parents, siblings, etc.)",N5,verb,Family & Relationships
人,ひと,"man, person",N5,noun,Family & Relationships
両親,りょうしん,"parents (lit., both parents)",N5,noun,Family & Relationships
明るい,あかるい,bright (in reference to personality or weather); cheerful,N5,i-adjective,Family & Relationships
おじいさん,おじいさん,"grandfather, male senior citizen",N5,na-adjective,Family & Relationships
おばあさん,おばあさん,"grandmother, female senior-citizen",N5,na-adjective,Family & Relationships
こちら,こちら,this person (polite); this way (polite),N5,na-adjective,Everyday Essentials
大丈夫,だいじょうぶ,It's ok (all right); No need to worry; Everything is under control,N5,adverb,Family & Relationships
足; 脚,あし,foot; leg,N5,noun,Body & Health
頭,あたま,head,N5,noun,Body & Health
医者,いしゃ,doctor; physician,N5,noun,Body & Health
かぶる,かぶる,"to wear, to put on (e.g., a hat on the head)",N5,verb,Body & Health
入口,いりぐち,entrance,N5,noun,Body & Health
後ろ,うしろ,"back, behind, rear",N5,noun,Body & Health
お腹,おなか,stomach,N5,noun,Body & Health
消える,きえる,"to vanish, to disappear",N5,verb,Body & Health
顔,かお,face (body part),N5,noun,Body & Health
風邪,かぜ,"cold, flu",N5,noun,Body & Health
体,からだ,body; health,N5,noun,Body & Health
吸う,すう,"to breathe in, to suck",N5,verb,Body & Health
漢字,かんじ,kanji; Chinese character,N5,noun,Body & Health
切手,きって,postal (postage) stamps,N5,noun,Body & Health
薬,くすり,medicine,N5,noun,Body & Health
出す,だす,to take (something) out; to hand in (something),N5,verb,Body & Health
口,くち,job opening; mouth,N5,noun,Body & Health
元気,げんき,"health(y), energetic",N5,noun,Body & Health
生徒,せいと,student; pupil,N5,noun,Body & Health
疲れる,つかれる,to get (become) tired; to become fatigued,N5,verb,Body & Health
近く,ちかく,nearby; in the neighborhood,N5,noun,Body & Health
手,て,hand,N5,noun,Body & Health
出口,でぐち,an exit,N5,noun,Body & Health
出る,でる,"to appear, to leave",N5,verb,Body & Health
歯,は,tooth,N5,noun,Body & Health
鼻,はな,nose,N5,noun,Body & Health
ハンカチ,ハンカチ,handkerchief,N5,noun,Body & Health
習う,ならう,to learn,N5,verb,Body & Health
左,ひだり,left hand side,N5,noun,Body & Health
病院,びょういん,hospital,N5,noun,Body & Health
病気,びょうき,illness; sickness,N5,noun,Body & Health
磨く,みがく,to brush (teeth); to polish,N5,verb,Body & Health
まっすぐ,まっすぐ,"straight (ahead), direct",N5,noun,Body & Health
右,みぎ,right hand side,N5,noun,Body & Health
耳,みみ,ear,N5,noun,Body & Health
渡す,わたす,to hand (something) over (v.t.); to get across,N5,verb,Body & Health
目,め,eye(s),N5,noun,Body & Health
暖かい,あたたかい,warm,N5,i-adjective,Body & Health
暑い,あつい,"hot (in reference to weather), warm",N5,i-adjective,Body & Health
熱い,あつい,hot (objects),N5,i-adjective,Body & Health
厚い,あつい,"kind, warm(hearted), thick, deep",N5,i-adjective,Body & Health
痛い,いたい,hurt; painful; sore,N5,i-adjective,Body & Health
寒い,さむい,cold (in reference to weather),N5,i-adjective,Body & Health
近い,ちかい,"near, close by, short",N5,i-adjective,Body & Health
温い,ぬるい,lukewarm,N5,i-adjective,Body & Health
上手,じょうず,"be good at, skillful",N5,na-adjective,Body & Health
下手,へた,"unskillful, poor",N5,na-adjective,Body & Health
便利,べんり,"convenient, handy",N5,na-adjective,Body & Health
朝御飯,あさごはん,breakfast,N5,noun,Food & Cooking
飴,あめ,(hard) candy,N5,noun,Food & Cooking
お菓子,おかし,"confections, sweets, snack",N5,noun,Food & Cooking
お酒,おさけ,sake; alcohol,N5,noun,Food & Cooking
お皿,おさら,"plate, dish",N5,noun,Food & Cooking
お茶,おちゃ,(green) tea,N5,noun,Food & Cooking
お弁当,おべんとう,a boxed lunch,N5,noun,Food & Cooking
カップ,カップ,cup,N5,noun,Food & Cooking
カレー,カレー,curry (abbr. for curry and rice),N5,noun,Food & Cooking
喫茶店,きっさてん,café,N5,noun,Food & Cooking
牛肉,ぎゅうにく,beef,N5,noun,Food & Cooking
牛乳,ぎゅうにゅう,milk,N5,noun,Food & Cooking
果物,くだもの,fruit,N5,noun,Food & Cooking
紅茶,こうちゃ,black tea,N5,noun,Food & Cooking
コーヒー,コーヒー,coffee,N5,noun,Food & Cooking
コップ,コップ,a tumbler; a glass,N5,noun,Food & Cooking
教える,おしえる,"to teach, to inform, to instruct",N5,verb,Food & Cooking
御飯,ごはん,rice (cooked); meal,N5,noun,Food & Cooking
魚,さかな,fish,N5,noun,Food & Cooking
砂糖,さとう,sugar,N5,noun,Food & Cooking
塩,しお,salt,N5,noun,Food & Cooking
下,した,"under, below, beneath",N5,noun,Food & Cooking
醤油,しょうゆ,soy sauce,N5,noun,Food & Cooking
食堂,しょくどう,"cafeteria, dining hall",N5,noun,Food & Cooking
ストーブ,ストーブ,heater (lit: stove),N5,noun,Food & Cooking
スプーン,スプーン,spoon,N5,noun,Food & Cooking
そば,そば,"near, close, beside; Japanese traditional buckwheat noodle",N5,noun,Food & Cooking
台所,だいどころ,kitchen,N5,noun,Food & Cooking
食べ物,たべもの,food,N5,noun,Food & Cooking
卵,たまご,egg,N5,noun,Food & Cooking
茶碗,ちゃわん,rice bowl,N5,noun,Food & Cooking
鶏肉,とりにく,chicken meat,N5,noun,Food & Cooking
ナイフ,ナイフ,knife,N5,noun,Food & Cooking
食べる,たべる,to eat,N5,verb,Food & Cooking
肉,にく,meat,N5,noun,Food & Cooking
飲み物,のみもの,"drink, beverage",N5,noun,Food & Cooking
灰皿,はいざら,ashtray,N5,noun,Food & Cooking
箸,はし,chopsticks,N5,noun,Food & Cooking
バター,バター,butter,N5,noun,Food & Cooking
パン,パン,bread,N5,noun,Food & Cooking
晩御飯,ばんごはん,"dinner, evening meal",N5,noun,Food & Cooking
昼御飯,ひるごはん,"lunch, midday meal",N5,noun,Food & Cooking
フォーク,フォーク,fork,N5,noun,Food & Cooking
豚肉,ぶたにく,pork,N5,noun,Food & Cooking
野菜,やさい,vegetable,N5,noun,Food & Cooking
夕飯,ゆうはん,"dinner, supper, evening meal",N5,noun,Food & Cooking
料理,りょうり,cooking; cuisine,N5,noun,Food & Cooking
レストラン,レストラン,restaurant,N5,noun,Food & Cooking
甘い,あまい,"generous, sweet",N5,i-adjective,Food & Cooking
美味しい,おいしい,"delicious, tasty",N5,i-adjective,Food & Cooking
作る,つくる,"to make, to create",N5,verb,Food & Cooking
辛い,からい,hot and spicy; salty,N5,i-adjective,Food & Cooking
涼しい,すずしい,"cool, refreshing (in reference to weather)",N5,i-adjective,Food & Cooking
まずい,まずい,"terrible (in reference to food), unappetizing, unpleasant (taste)",N5,i-adjective,Food & Cooking
とても,とても,"very (much), greatly, exceedingly",N5,adverb,Food & Cooking
～個,～こ,"counter for small items (e.g., fruits, cups)",N5,counter,Food & Cooking
アパート,アパート,apartment (abbr.),N5,noun,Home & Daily Life
家,いえ,"house, home",N5,noun,Home & Daily Life
椅子,いす,chair,N5,noun,Home & Daily Life
うち,うち,home; house; my place,N5,noun,Home & Daily Life
エレベーター,エレベーター,elevator,N5,noun,Home & Daily Life
お風呂,おふろ,a bath,N5,noun,Home & Daily Life
階段,かいだん,stairs,N5,noun,Home & Daily Life
鍵,かぎ,a lock; a key,N5,noun,Home & Daily Life
家庭,かてい,home; family,N5,noun,Home & Daily Life
角,かど,"corner (e.g., desk, pavement)",N5,noun,Home & Daily Life
玄関,げんかん,entrance (to a house or a building),N5,noun,Home & Daily Life
シャワー,シャワー,shower,N5,noun,Home & Daily Life
洗濯,せんたく,"washing, laundry",N5,noun,Home & Daily Life
建物,たてもの,building,N5,noun,Home & Daily Life
浴びる,あびる,"to bathe, to shower",N5,verb,Home & Daily Life
机,つくえ,desk,N5,noun,Home & Daily Life
テーブル,テーブル,table,N5,noun,Home & Daily Life
電気,でんき,"electricity, (electric) light",N5,noun,Home & Daily Life
戸,と,door (Japanese style),N5,noun,Home & Daily Life
ドア,ドア,door (Western style),N5,noun,Home & Daily Life
トイレ,トイレ,bathroom; toilet,N5,noun,Home & Daily Life
庭,にわ,garden,N5,noun,Home & Daily Life
ベッド,ベッド,bed,N5,noun,Home & Daily Life
部屋,へや,a room,N5,noun,Home & Daily Life
ポスト,ポスト,"mailbox; post, position",N5,noun,Home & Daily Life
本棚,ほんだな,bookshelf,N5,noun,Home & Daily Life
窓,まど,window,N5,noun,Home & Daily Life
眼鏡,めがね,eye glasses,N5,noun,Home & Daily Life
冷蔵庫,れいぞうこ,refrigerator,N5,noun,Home & Daily Life
寝る,ねる,to sleep; to go to sleep; to go to bed,N5,verb,Home & Daily Life
廊下,ろうか,corridor,N5,noun,Home & Daily Life
お手洗い,おてあらい,"toilet, restroom, bathroom (lit., a place to wash one's hands)",N5,i-adjective,Home & Daily Life
～階,～かい,counter for stories (floors) of a building,N5,counter,Home & Daily Life
あそこ,あそこ,"there, over there, that place",N5,noun,Clothing & Accessories
あの,あの,"that over there; like that, that way; um...",N5,noun,Clothing & Accessories
いかが,いかが,"how, in what way",N5,noun,Clothing & Accessories
上着,うわぎ,"coat, jacket",N5,noun,Clothing & Accessories
傘,かさ,"umbrella, parasol",N5,noun,Clothing & Accessories
靴,くつ,"shoes, footwear",N5,noun,Clothing & Accessories
靴下,くつした,socks,N5,noun,Clothing & Accessories
コート,コート,"coat; court (e.g., tennis)",N5,noun,Clothing & Accessories
シャツ,シャツ,shirt,N5,noun,Clothing & Accessories
着る,きる,to put on (clothes above your waist); to wear,N5,verb,Clothing & Accessories
スカート,スカート,skirt,N5,noun,Clothing & Accessories
ズボン,ズボン,trousers,N5,noun,Clothing & Accessories
セーター,セーター,sweater,N5,noun,Clothing & Accessories
そうして; そして,そうして; そして,"and, like that",N5,noun,Clothing & Accessories
そこ,そこ,"that place, there; bottom, sole",N5,noun,Clothing & Accessories
その,その,that,N5,noun,Clothing & Accessories
それでは,それでは,"in that situation, well then...",N5,noun,Clothing & Accessories
ちょっと,ちょっと,"a little, somewhat; just a little, somewhat",N5,noun,Clothing & Accessories
どう,どう,"how, in what way",N5,noun,Clothing & Accessories
する,する,"to do, to try; to wear small items (e.g., necktie, watch, etc.)",N5,verb,Clothing & Accessories
どこ,どこ,"where, what place",N5,noun,Clothing & Accessories
何,なん; なに,what,N5,noun,Clothing & Accessories
ネクタイ,ネクタイ,"tie, necktie",N5,noun,Clothing & Accessories
話,はなし,"talk (chat), story",N5,noun,Clothing & Accessories
春,はる,spring,N5,noun,Clothing & Accessories
服,ふく,clothes,N5,noun,Clothing & Accessories
帽子,ぼうし,hat; cap,N5,noun,Clothing & Accessories
ボタン,ボタン,button,N5,noun,Clothing & Accessories
洋服,ようふく,Western-style clothes,N5,noun,Clothing & Accessories
脱ぐ,ぬぐ,to take off (clothes),N5,verb,Clothing & Accessories
ワイシャツ,ワイシャツ,"shirt (lit: white shirt), business shirt",N5,noun,Clothing & Accessories
つまらない,つまらない,"boring, dull; insignificant",N5,i-adjective,Clothing & Accessories
どんな,どんな,"what, what kind of",N5,na-adjective,Clothing & Accessories
また,また,and; furthermore,N5,adverb,Clothing & Accessories
何～,なん～,what sort of ~,N5,prefix/suffix,Clothing & Accessories
嫌,いや,"disagreeable, detestable, unpleasant",N5,noun,School & Education
鉛筆,えんぴつ,pencil,N5,noun,School & Education
学生,がくせい,student,N5,noun,School & Education
開く,あく,"to open, to become open",N5,verb,School & Education
学校,がっこう,a school,N5,noun,School & Education
教室,きょうしつ,classroom,N5,noun,School & Education
クラス,クラス,a class,N5,noun,School & Education
開ける,あける,to open (v.t.),N5,verb,School & Education
授業,じゅぎょう,a class (of school),N5,noun,School & Education
宿題,しゅくだい,homework,N5,noun,School & Education
先生,せんせい,"teacher, professor; master; doctor",N5,noun,School & Education
起きる,おきる,"to get up (e.g., from sleeping); to happen",N5,verb,School & Education
大学,だいがく,college; university,N5,noun,School & Education
テスト,テスト,test,N5,noun,School & Education
図書館,としょかん,library,N5,noun,School & Education
取る,とる,to take (a class); to get (a grade),N5,verb,School & Education
ノート,ノート,notebook,N5,noun,School & Education
ペン,ペン,pen,N5,noun,School & Education
勉強,べんきょう (する),study,N5,noun,School & Education
留学生,りゅうがくせい,international student,N5,noun,School & Education
段々,だんだん,"gradually, by degrees",N5,adverb,School & Education
会社,かいしゃ,"company, corporation",N5,noun,Work & Career
警官,けいかん,police officer,N5,noun,Work & Career
勤める,つとめる,to work (for),N5,verb,Work & Career
作文,さくぶん,essay; composition,N5,noun,Work & Career
仕事,しごと,"work, job, occupation, employment",N5,noun,Work & Career
働く,はたらく,to work,N5,verb,Work & Career
デパート,デパート,(abbr.) department store,N5,noun,Work & Career
郵便局,ゆうびんきょく,post office,N5,noun,Work & Career
駅,えき,station,N5,noun,Travel & Transport
切符,きっぷ,a ticket,N5,noun,Travel & Transport
車,くるま,"car, vehicle",N5,noun,Travel & Transport
交差点,こうさてん,intersection,N5,noun,Travel & Transport
自転車,じてんしゃ,bicycle,N5,noun,Travel & Transport
自動車,じどうしゃ,automobile,N5,noun,Travel & Transport
タクシー,タクシー,taxi,N5,noun,Travel & Transport
地下鉄,ちかてつ,"underground train, subway",N5,noun,Travel & Transport
地図,ちず,a map,N5,noun,Travel & Transport
着く,つく,"to arrive at, to reach",N5,verb,Travel & Transport
電車,でんしゃ,electric train,N5,noun,Travel & Transport
荷物,にもつ,luggage; baggage,N5,noun,Travel & Transport
橋,はし,bridge,N5,noun,Travel & Transport
バス,バス,bus; bath; bass,N5,noun,Travel & Transport
飛行機,ひこうき,airplane,N5,noun,Travel & Transport
ホテル,ホテル,hotel,N5,noun,Travel & Transport
道,みち,"road, street; way, directions",N5,noun,Travel & Transport
旅行,りょこう,"travel, trip",N5,noun,Travel & Transport
広い,ひろい,spacious; wide; broad,N5,i-adjective,Travel & Transport
乗る,のる,"to get on, to ride in, to board",N5,verb,Travel & Transport
大切,たいせつ,important,N5,na-adjective,Travel & Transport
にぎやか,にぎやか,"bustling, busy",N5,na-adjective,Travel & Transport
お金,おかね,money,N5,noun,Shopping & Money
買い物,かいもの,shopping,N5,noun,Shopping & Money
銀行,ぎんこう,bank,N5,noun,Shopping & Money
売る,うる,to sell (v.t.),N5,verb,Shopping & Money
財布,さいふ,wallet,N5,noun,Shopping & Money
店,みせ,"store, shop",N5,noun,Shopping & Money
安い,やすい,inexpensive; cheap (things),N5,i-adjective,Shopping & Money
買う,かう,to buy,N5,verb,Shopping & Money
～がる,～がる,feel,N5,prefix/suffix,Shopping & Money
～屋,～や,~ shop,N5,prefix/suffix,Shopping & Money
好き,すき,"liking, fondness, love",N5,noun,Feelings & Emotions
危ない,あぶない,"dangerous, critical",N5,i-adjective,Feelings & Emotions
嫌い,きらい,dislike,N5,i-adjective,Feelings & Emotions
暗い,くらい,"dark, gloomy",N5,i-adjective,Feelings & Emotions
楽しい,たのしい,"enjoyable, fun",N5,i-adjective,Feelings & Emotions
大好き,だいすき,"very like-able, like very much",N5,adverb,Feelings & Emotions
重い,おもい,heavy; serious,N5,i-adjective,Personality & Character
軽い,かるい,"light, non-serious, minor",N5,i-adjective,Personality & Character
あちら,あちら,this way (polite),N5,na-adjective,Personality & Character
居る,いる,"(humble) to be (animate), to exist",N5,verb,Personality & Character
静か,しずか,"quiet, calm",N5,na-adjective,Personality & Character
青,あお,blue,N5,noun,Colors & Descriptions
赤,あか,red,N5,noun,Colors & Descriptions
いくつ,いくつ,"how many, how old",N5,noun,Colors & Descriptions
色,いろ,color,N5,noun,Colors & Descriptions
大きな,おおきな,big,N5,noun,Colors & Descriptions
同じ,おなじ,"same, identical",N5,noun,Colors & Descriptions
黄色,きいろ,yellow,N5,noun,Colors & Descriptions
困る,こまる,"to be bothered, to have difficulty",N5,verb,Colors & Descriptions
黒,くろ,black,N5,noun,Colors & Descriptions
白,しろ,white,N5,noun,Colors & Descriptions
小さな,ちいさな,"small, little",N5,noun,Colors & Descriptions
茶色,ちゃいろ,brown,N5,noun,Colors & Descriptions
なぜ,なぜ,why (same as どうして),N5,noun,Colors & Descriptions
ニュース,ニュース,news,N5,noun,Colors & Descriptions
始まる,はじまる,(something) begins,N5,noun,Colors & Descriptions
違う,ちがう,to be different; to differ; wrong,N5,verb,Colors & Descriptions
緑,みどり,green,N5,noun,Colors & Descriptions
物,もの,thing (concrete object),N5,noun,Colors & Descriptions
青い,あおい,blue,N5,i-adjective,Colors & Descriptions
赤い,あかい,red,N5,i-adjective,Colors & Descriptions
新しい,あたらしい,new,N5,i-adjective,Colors & Descriptions
薄い,うすい,"thin, weak",N5,i-adjective,Colors & Descriptions
大きい,おおきい,"big, large",N5,i-adjective,Colors & Descriptions
つける,つける,"to turn on (e.g., a light); to take",N5,verb,Colors & Descriptions
遅い,おそい,slow; (to be) late,N5,i-adjective,Colors & Descriptions
面白い,おもしろい,"interesting, amusing",N5,i-adjective,Colors & Descriptions
可愛い,かわいい,"cute, adorable",N5,i-adjective,Colors & Descriptions
黄色い,きいろい,yellow,N5,i-adjective,Colors & Descriptions
汚い,きたない,"dirty, unclean, filthy",N5,i-adjective,Colors & Descriptions
黒い,くろい,black; dark,N5,i-adjective,Colors & Descriptions
白い,しろい,white,N5,i-adjective,Colors & Descriptions
無くす,なくす,to lose something,N5,verb,Colors & Descriptions
狭い,せまい,narrow; not spacious,N5,i-adjective,Colors & Descriptions
高い,たかい,"tall, high; expensive",N5,i-adjective,Colors & Descriptions
小さい,ちいさい,"small, little",N5,i-adjective,Colors & Descriptions
冷たい,つめたい,"cold (things, people)",N5,i-adjective,Colors & Descriptions
強い,つよい,"strong, powerful",N5,i-adjective,Colors & Descriptions
長い,ながい,"long, lengthy",N5,i-adjective,Colors & Descriptions
速い,はやい,"fast, quick",N5,i-adjective,Colors & Descriptions
並べる,ならべる,to put (things) side by side; to line up,N5,verb,Colors & Descriptions
低い,ひくい,"short, low",N5,i-adjective,Colors & Descriptions
太い,ふとい,"fat, thick",N5,i-adjective,Colors & Descriptions
古い,ふるい,"old (in reference to objects, not people), aged, ancient",N5,i-adjective,Colors & Descriptions
細い,ほそい,"thin, slender, fine",N5,i-adjective,Colors & Descriptions
短い,みじかい,short (length),N5,i-adjective,Colors & Descriptions
易しい,やさしい,"easy, plain, simple",N5,i-adjective,Colors & Descriptions
弱い,よわい,weak,N5,i-adjective,Colors & Descriptions
はく,はく,to put on (items below your waist),N5,verb,Colors & Descriptions
若い,わかい,young,N5,i-adjective,Colors & Descriptions
色々,いろいろ,various,N5,na-adjective,Colors & Descriptions
綺麗,きれい,"pretty, clean, tidy",N5,na-adjective,Colors & Descriptions
掃除,そうじ (する),"cleaning, sweeping",N5,na-adjective,Colors & Descriptions
大変,たいへん,"very; difficult, hard",N5,adverb,Colors & Descriptions
ゆっくりと,ゆっくりと,"slowly, at ease",N5,adverb,Colors & Descriptions
～本,～ほん,counter for long cylindrical things,N5,counter,Colors & Descriptions
～枚,～まい,counter for flat things,N5,counter,Colors & Descriptions
意味,いみ,"meaning, significance",N5,noun,Communication
言う,いう,to say,N5,verb,Communication
英語,えいご,English (language),N5,noun,Communication
書く,かく,to write,N5,verb,Communication
かばん,かばん,"bag, basket",N5,noun,Communication
かける,かける,"to dial/call (e.g., phone); to sit down",N5,verb,Communication
声,こえ,voice,N5,noun,Communication
聞く,きく,"to hear, to listen, to ask",N5,verb,Communication
言葉,ことば,language; word(s); expression(s),N5,noun,Communication
答える,こたえる,"to answer, to reply",N5,verb,Communication
雑誌,ざっし,"magazine, journal",N5,noun,Communication
頼む,たのむ,"to request, to ask (a favor)",N5,verb,Communication
質問,しつもん,"question, inquiry",N5,noun,Communication
話す,はなす,to speak,N5,verb,Communication
新聞,しんぶん,newspaper,N5,noun,Communication
読む,よむ,to read,N5,verb,Communication
手紙,てがみ,letter,N5,noun,Communication
電話,でんわ,a telephone,N5,noun,Communication
文章,ぶんしょう,"sentence, text",N5,noun,Communication
～語,～ご,"word, language",N5,prefix/suffix,Communication
秋,あき,fall (season),N5,noun,Nature & Weather
雨,あめ,rain,N5,noun,Nature & Weather
池,いけ,pond,N5,noun,Nature & Weather
曇る,くもる,"to become cloudy, to become dim",N5,verb,Nature & Weather
海,うみ,"sea, beach",N5,noun,Nature & Weather
風,かぜ,"wind, breeze",N5,noun,Nature & Weather
花瓶,かびん,(flower) vase,N5,noun,Nature & Weather
咲く,さく,to bloom,N5,verb,Nature & Weather
川; 河,かわ,river,N5,noun,Nature & Weather
木,き,"tree, wood, timber",N5,noun,Nature & Weather
曇り,くもり,"cloudiness, cloudy weather",N5,noun,Nature & Weather
晴れる,はれる,to be sunny,N5,verb,Nature & Weather
石鹸,せっけん,soap,N5,noun,Nature & Weather
空,そら,sky,N5,noun,Nature & Weather
沢山,たくさん,"many, much",N5,noun,Nature & Weather
吹く,ふく,"to blow (wind, etc.)",N5,verb,Nature & Weather
天気,てんき,weather,N5,noun,Nature & Weather
夏,なつ,summer,N5,noun,Nature & Weather
夏休み,なつやすみ,summer vacation,N5,noun,Nature & Weather
降る,ふる,"to precipitate, to fall (e.g., rain, snow, etc.)",N5,verb,Nature & Weather
花,はな,flower,N5,noun,Nature & Weather
晴れ,はれ,clear (sunny) weather,N5,noun,Nature & Weather
冬,ふゆ,winter,N5,noun,Nature & Weather
山,やま,mountain,N5,noun,Nature & Weather
雪,ゆき,snow,N5,noun,Nature & Weather
犬,いぬ,dog,N5,noun,Animals & Nature
飛ぶ,とぶ,"to fly, to hop",N5,verb,Animals & Nature
鳥,とり,"chicken (lit., bird)",N5,noun,Animals & Nature
欲しい,ほしい,"to want, in need of",N5,verb,Animals & Nature
猫,ねこ,cat,N5,noun,Animals & Nature
ペット,ペット,pet,N5,noun,Animals & Nature
遠い,とおい,"far (away), distant",N5,i-adjective,Animals & Nature
ここ,ここ,"here, this place",N5,noun,Actions & Movement
上げる,あげる,"to raise, to lift",N5,verb,Actions & Movement
散歩,さんぽ (する),"walk, stroll",N5,noun,Actions & Movement
遊ぶ,あそぶ,to play; to spend time pleasantly; to hang out,N5,verb,Actions & Movement
所,ところ,place,N5,noun,Actions & Movement
歩く,あるく,to walk,N5,verb,Actions & Movement
初め; 始め,はじめ,"beginning, start",N5,noun,Actions & Movement
入れる,いれる,to put in,N5,verb,Actions & Movement
りっぱ,りっぱ,"splendid, fine",N5,na-adjective,Actions & Movement
置く,おく,to put; to lay; to place,N5,verb,Actions & Movement
～たち,～たち,plural suffix,N5,prefix/suffix,Actions & Movement
押す,おす,"to push, to press, to stamp (e.g., a passport)",N5,verb,Actions & Movement
終る,おわる,"to finish, to close",N5,verb,Actions & Movement
返す,かえす,to return something,N5,verb,Actions & Movement
帰る,かえる,"to go back, to go home, to return",N5,verb,Actions & Movement
掛ける,かける,"to put on (e.g., glasses); to hang (e.g., on a wall)",N5,verb,Actions & Movement
貸す,かす,to lend,N5,verb,Actions & Movement
切る,きる,to cut; to hang up (a phone),N5,verb,Actions & Movement
差す,さす,"to raise (stretch out) hands, to raise (e.g., umbrella)",N5,verb,Actions & Movement
閉まる,しまる,"to close, to be closed",N5,verb,Actions & Movement
閉める,しめる,"to close, to shut",N5,verb,Actions & Movement
締める,しめる,"to tie, to fasten, to tighten",N5,verb,Actions & Movement
座る,すわる,to sit,N5,verb,Actions & Movement
立つ,たつ,to stand up,N5,verb,Actions & Movement
並ぶ,ならぶ,"to line up, to stand in a line (v.i.)",N5,verb,Actions & Movement
入る,はいる,"to enter, to contain, to hold",N5,verb,Actions & Movement
貼る,はる,to post; to paste; to attach,N5,verb,Actions & Movement
曲る,まがる,"to turn, to bend",N5,verb,Actions & Movement
持つ,もつ,"to hold, to carry; to possess",N5,verb,Actions & Movement
プール,プール,swimming pool,N5,noun,Sports & Activities
泳ぐ,およぐ,to swim,N5,verb,Sports & Activities
ボールペン,ボールペン,ball-point pen,N5,noun,Sports & Activities
登る,のぼる,to climb,N5,verb,Sports & Activities
マッチ,マッチ,match,N5,noun,Sports & Activities
走る,はしる,to run,N5,verb,Sports & Activities
練習,れんしゅう (する),(to) practice,N5,noun,Sports & Activities
歌,うた,a song,N5,noun,Arts & Entertainment
歌う,うたう,to sing,N5,verb,Arts & Entertainment
絵,え,a painting; a picture; a drawing,N5,noun,Arts & Entertainment
出かける,でかける,to go out; to depart,N5,verb,Arts & Entertainment
映画,えいが,"movie, film",N5,noun,Arts & Entertainment
撮る,とる,"to take (a photo), to make (a film)",N5,verb,Arts & Entertainment
映画館,えいがかん,"movie theater, cinema",N5,noun,Arts & Entertainment
引く,ひく,"to pull, to draw; subtract",N5,verb,Arts & Entertainment
音楽,おんがく,Music,N5,noun,Arts & Entertainment
弾く,ひく,to play (a string instrument or piano),N5,verb,Arts & Entertainment
ギター,ギター,guitar,N5,noun,Arts & Entertainment
見せる,みせる,"to show, to display",N5,verb,Arts & Entertainment
写真,しゃしん,a picture; a photograph,N5,noun,Arts & Entertainment
渡る,わたる,"to cross over, to go across",N5,verb,Arts & Entertainment
スポーツ,スポーツ,sport(s),N5,noun,Arts & Entertainment
テープレコーダー,テープレコーダー,tape recorder,N5,noun,Arts & Entertainment
テレビ,テレビ,"television, TV",N5,noun,Arts & Entertainment
パーティー,パーティー,a party,N5,noun,Arts & Entertainment
フィルム,フィルム,film (roll of),N5,noun,Arts & Entertainment
本,ほん,book,N5,noun,Arts & Entertainment
本当,ほんとう,"real, true",N5,noun,Arts & Entertainment
ラジオ,ラジオ,radio,N5,noun,Arts & Entertainment
ラジオカセ,ラジオカセ,radio cassette player,N5,noun,Arts & Entertainment
レコード,レコード,record,N5,noun,Arts & Entertainment
外国,がいこく,foreign country; abroad,N5,noun,Geography & Places
外国人,がいこくじん,foreigner,N5,noun,Geography & Places
北,きた,north,N5,noun,Geography & Places
国,くに,country; place of origin,N5,noun,Geography & Places
公園,こうえん,a park,N5,noun,Geography & Places
西,にし,west,N5,noun,Geography & Places
東,ひがし,east,N5,noun,Geography & Places
辺,へん,"area, vicinity",N5,noun,Geography & Places
町,まち,town; city,N5,noun,Geography & Places
南,みなみ,South,N5,noun,Geography & Places
村,むら,village,N5,noun,Geography & Places
あっち,あっち,over there,N5,noun,Everyday Essentials
洗う,あらう,to wash,N5,verb,Everyday Essentials
あなた,あなた,you,N5,noun,Everyday Essentials
在る,ある,"to be, to have",N5,verb,Everyday Essentials
いくら,いくら,"how much, how many",N5,noun,Everyday Essentials
有る,ある,"to be, to have",N5,verb,Everyday Essentials
いつ,いつ,when,N5,noun,Everyday Essentials
行く,いく; ゆく,to go,N5,verb,Everyday Essentials
上,うえ,"above (up, top, etc.), over, on top of",N5,noun,Everyday Essentials
要る,いる,to need,N5,verb,Everyday Essentials
男,おとこ,"man, male",N5,noun,Everyday Essentials
生まれる,うまれる,to be born,N5,verb,Everyday Essentials
男の子,おとこのこ,boy,N5,noun,Everyday Essentials
降りる,おりる,to get off,N5,verb,Everyday Essentials
女,おんな,"woman, female",N5,noun,Everyday Essentials
方,かた,-- honorific form for 人 (ひと) --; way of doing,N5,verb,Everyday Essentials
女の子,おんなのこ,girl,N5,noun,Everyday Essentials
来る,くる,to come,N5,verb,Everyday Essentials
片仮名,かたかな,katakana,N5,noun,Everyday Essentials
死ぬ,しぬ,to die,N5,verb,Everyday Essentials
紙,かみ,paper,N5,noun,Everyday Essentials
住む,すむ,"to reside, to live in",N5,verb,Everyday Essentials
キロ; キログラム,キロ; キログラム,(abbr.) kilo (kilogram),N5,noun,Everyday Essentials
使う,つかう,to use,N5,verb,Everyday Essentials
キロ; キロメートル,キロ; キロメートル,(abbr.) kilo (kilometer),N5,noun,Everyday Essentials
できる,できる,to be able to (to accomplish),N5,verb,Everyday Essentials
グラム,グラム,gram,N5,noun,Everyday Essentials
止まる,とまる,to come to a halt,N5,verb,Everyday Essentials
結婚,けっこん (する),marriage (get married),N5,noun,Everyday Essentials
鳴く,なく,to make sound (animal),N5,verb,Everyday Essentials
この,この,this,N5,noun,Everyday Essentials
なる,なる,to become,N5,verb,Everyday Essentials
こんな,こんな,"such, like this",N5,noun,Everyday Essentials
飲む,のむ,to drink,N5,verb,Everyday Essentials
辞書,じしょ,dictionary,N5,noun,Everyday Essentials
待つ,まつ,to wait,N5,verb,Everyday Essentials
字引,じびき,dictionary,N5,noun,Everyday Essentials
見る,みる,"to see, to look",N5,verb,Everyday Essentials
じゃ; じゃあ,じゃ; じゃあ,"well, well then",N5,noun,Everyday Essentials
会う,あう,"to meet, to see",N5,verb,Everyday Essentials
少し,すこし,"little, few",N5,noun,Everyday Essentials
借りる,かりる,"to borrow, to owe",N5,verb,Everyday Essentials
背広,せびろ,men's suit,N5,noun,Everyday Essentials
覚える,おぼえる,"to learn, to commit to memory, to remember, to memorize",N5,verb,Everyday Essentials
全部,ぜんぶ,"all, entire, whole",N5,noun,Everyday Essentials
知る,しる,"to know, to understand",N5,verb,Everyday Essentials
そちら,そちら,over there,N5,noun,Everyday Essentials
分かる,わかる,to understand,N5,verb,Everyday Essentials
そっち,そっち,over there,N5,noun,Everyday Essentials
忘れる,わすれる,to forget,N5,verb,Everyday Essentials
外,そと,"outside, exterior",N5,noun,Everyday Essentials
コピーする,コピーする,to copy,N5,verb,Everyday Essentials
大使館,たいしかん,embassy,N5,noun,Everyday Essentials
たばこ,たばこ,"tobacco, cigarettes",N5,noun,Everyday Essentials
誰,だれ,who,N5,noun,Everyday Essentials
次,つぎ,next,N5,noun,Everyday Essentials
テープ,テープ,tape,N5,noun,Everyday Essentials
では,では,"then, well, so",N5,noun,Everyday Essentials
動物,どうぶつ,animal,N5,noun,Everyday Essentials
どなた,どなた,who,N5,noun,Everyday Essentials
どの,どの,which,N5,noun,Everyday Essentials
中,なか,"inside, middle, among",N5,noun,Everyday Essentials
名前,なまえ,name,N5,noun,Everyday Essentials
葉書,はがき,postcard,N5,noun,Everyday Essentials
箱,はこ,box,N5,noun,Everyday Essentials
平仮名,ひらがな,hiragana,N5,noun,Everyday Essentials
封筒,ふうとう,envelope,N5,noun,Everyday Essentials
ページ,ページ,a page,N5,noun,Everyday Essentials
外,ほか,"other, the rest",N5,noun,Everyday Essentials
ポケット,ポケット,pocket,N5,noun,Everyday Essentials
水,みず,water,N5,noun,Everyday Essentials
向こう,むこう,"beyond, over there",N5,noun,Everyday Essentials
メートル,メートル,meter,N5,noun,Everyday Essentials
もっと,もっと,more,N5,noun,Everyday Essentials
門,もん,gate,N5,noun,Everyday Essentials
横,よこ,beside; side; width,N5,noun,Everyday Essentials
私,わたし,"I, myself",N5,noun,Everyday Essentials
友達,ともだち,friend,N5,noun,Everyday Essentials
私,わたくし,"I (formal), myself, private affairs",N5,noun,Everyday Essentials
カメラ,カメラ,camera,N5,noun,Everyday Essentials
交番,こうばん,police box,N5,noun,Everyday Essentials
問題,もんだい,a problem,N5,noun,Everyday Essentials
いい; よい,いい; よい,good,N5,i-adjective,Everyday Essentials
うるさい,うるさい,noisy; annoying,N5,i-adjective,Everyday Essentials
多い,おおい,many; there are a lot,N5,i-adjective,Everyday Essentials
少ない,すくない,a little; a few,N5,i-adjective,Everyday Essentials
ない,ない,"there isn't, doesn't have",N5,i-adjective,Everyday Essentials
難しい,むずかしい,difficult,N5,i-adjective,Everyday Essentials
悪い,わるい,"bad, sinful; inferior",N5,i-adjective,Everyday Essentials
有名,ゆうめい,famous,N5,na-adjective,Everyday Essentials
余り,あまり,not very; surplus,N5,adverb,Everyday Essentials
しかし,しかし,however; but,N5,adverb,Everyday Essentials
でも,でも,"but, however",N5,adverb,Everyday Essentials
丁度,ちょうど,"just, right, exactly",N5,adverb,Everyday Essentials
～円,～えん,Yen,N5,prefix/suffix,Everyday Essentials
お～,お～,honorable ~ (honorific),N5,prefix/suffix,Everyday Essentials
～側,～がわ,~ side,N5,prefix/suffix,Everyday Essentials
～さん,～さん,"Mr. ~, Ms. ~",N5,prefix/suffix,Everyday Essentials
～すぎ,～すぎ,"past; to exceed, ~ too much",N5,prefix/suffix,Everyday Essentials
～だけ,～だけ,"only ~, just ~, as ~",N5,prefix/suffix,Everyday Essentials
～番,～ばん,~st; ~th best,N5,prefix/suffix,Everyday Essentials
～前,～まえ,in front of ~,N5,prefix/suffix,Everyday Essentials
ああ,ああ,"Ah!, Oh!",N5,expression,Everyday Essentials
だめ,だめ,"useless, no good, hopeless",N4,noun,Basic Greetings
そう,そう,"really, (is that) so; yes, right",N4,noun,Basic Greetings
以内,いない,"within, less (no more) than",N4,noun,Basic Greetings
ごちそう,ごちそう,"feast, treating (someone)",N4,noun,Basic Greetings
必ず,かならず,"surely, certainly",N4,adverb,Basic Greetings
もちろん,もちろん,"certainly, of course",N4,adverb,Basic Greetings
是非,ぜひ,"certainly, by all means; without fail",N4,adverb,Basic Greetings
きっと,きっと,"surely, definitely, undoubtedly, certainly",N4,adverb,Basic Greetings
うん,うん,"yes (informal), all right (ok)",N4,expression,Basic Greetings
失礼,しつれい,"discourtesy, impoliteness; Excuse me",N4,expression,Basic Greetings
お祝い,おいわい,"congratulation, celebration",N4,expression,Basic Greetings
おかげ,お陰,thanks or owing to,N4,expression,Basic Greetings
つもり,つもり,"intention, plan",N4,noun,Numbers & Counting
起こす,おこす,to wake (someone) up,N4,verb,Numbers & Counting
注意,ちゅうい,"caution, attention",N4,noun,Numbers & Counting
頑張る,がんばる,"to try one's best, to try hard, to persist",N4,verb,Numbers & Counting
出席,しゅっせきする,attendance,N4,noun,Numbers & Counting
痩せる,やせる,to lose weight,N4,verb,Numbers & Counting
人形,にんぎょう,"doll, figure",N4,noun,Numbers & Counting
漬ける,つける,"to soak, to moisten, to pickle",N4,verb,Numbers & Counting
倍,ばい,double,N4,noun,Numbers & Counting
それほど,それほど,to that degree; extent,N4,verb,Numbers & Counting
一度,いちど,"once, one time",N4,noun,Numbers & Counting
太る,ふとる,to gain weight,N4,verb,Numbers & Counting
周り,まわり,surroundings,N4,noun,Numbers & Counting
割れる,われる,to break,N4,verb,Numbers & Counting
十分,じゅうぶん,enough,N4,noun,Numbers & Counting
回る、回す,まわる、まわす,"to go around, to revolve",N4,verb,Numbers & Counting
忘れ物,わすれもの,"lost article, something forgotten",N4,noun,Numbers & Counting
割合,わりあい,"rate, ratio, percentage",N4,noun,Numbers & Counting
億,おく,hundred million,N4,noun,Numbers & Counting
数学,すうがく,mathematics,N4,noun,Numbers & Counting
程,ほど,"degree, extent",N4,noun,Numbers & Counting
柔らかい,やわらかい,"soft (in reference to texture), tender",N4,i-adjective,Numbers & Counting
お見舞い,おみまい,"calling on someone who is ill, visit",N4,i-adjective,Numbers & Counting
お嬢さん,おじょうさん,(someone's) daughter (polite),N4,na-adjective,Numbers & Counting
お子さん,おこさん,(someone else's) child (polite),N4,na-adjective,Numbers & Counting
一生懸命,いっしょうけんめい,"very hard (as in ""to work hard""), with utmost effort",N4,adverb,Numbers & Counting
いくら～ても,いくら～ても,however much one may ~,N4,adverb,Numbers & Counting
皆,みな,everyone,N4,adverb,Numbers & Counting
～軒,～けん,counter for houses,N4,counter,Numbers & Counting
正月,しょうがつ,"New Year, New Year's Day",N4,noun,Time & Dates
今度,こんど,"now, this time, near future, one of these days, next time",N4,noun,Time & Dates
日,ひ,"sun, sunshine, day",N4,noun,Time & Dates
パート (タイム),パート (タイム),part time (esp. female part time employees),N4,noun,Time & Dates
時代,じだい,"age, period, epoch, era",N4,noun,Time & Dates
さっき,さっき,a little while ago,N4,noun,Time & Dates
再来月,さらいげつ,the month after next,N4,noun,Time & Dates
寝坊,ねぼう,sleeping in late,N4,noun,Time & Dates
昔,むかし,old days; past,N4,noun,Time & Dates
予定,よてい,"plans, arrangement, schedule",N4,noun,Time & Dates
オーバー,オーバー,"overcoat; over, exceeding, exaggeration",N4,noun,Time & Dates
今夜,こんや,"this evening, tonight",N4,noun,Time & Dates
泊まる,とまる,to stay (over night) (v.i.),N4,verb,Time & Dates
はっきり,はっきり,"clearly, distinctly",N4,noun,Time & Dates
昼間,ひるま,"daytime, during the day",N4,noun,Time & Dates
再来週,さらいしゅう,the week after next,N4,noun,Time & Dates
計画,けいかくする,"plan, project, schedule",N4,noun,Time & Dates
まず,まず,"first (of all), to start with",N4,noun,Time & Dates
間,あいだ,"space, interval",N4,noun,Time & Dates
昼休み,ひるやすみ,"lunch break, noon recess",N4,noun,Time & Dates
日記,にっき,"diary, journal",N4,noun,Time & Dates
なるほど,なるほど,I see; I now understand,N4,noun,Time & Dates
ご存じ,ごぞんじ,"knowing, acquaintance",N4,noun,Time & Dates
久しぶり,ひさしぶり,it has been a long time; for the first time in a long time,N4,noun,Time & Dates
世話,せわする,looking after; to look after,N4,noun,Time & Dates
遅れる,おくれる,to (be) become late,N4,verb,Time & Dates
明日,あす,tomorrow,N4,noun,Time & Dates
この頃,このごろ,"these days, nowadays",N4,noun,Time & Dates
細かい,こまかい,"small; fine, minute",N4,i-adjective,Time & Dates
大分,だいぶ,"fairly well, to a large extent, considerably, pretty much",N4,na-adjective,Time & Dates
大抵,たいてい,"generally, usually",N4,adverb,Time & Dates
決して,けっして,never,N4,adverb,Time & Dates
彼ら,かれら,they (usually male),N4,adverb,Time & Dates
最近,さいきん,"recently, nowadays, in recent years, most recent, latest",N4,adverb,Time & Dates
中々,なかなか,"very, considerably, quite",N4,adverb,Time & Dates
随分,ずいぶん,extremely,N4,adverb,Time & Dates
そろそろ,そろそろ,"gradually, soon",N4,adverb,Time & Dates
この間,このあいだ,"the other day, recently",N4,adverb,Time & Dates
間に合う,まにあう,to be in time for,N4,verb,Time & Dates
もうすぐ,もうすぐ,very soon; in a few moments; days,N4,adverb,Time & Dates
これから,これから,"from now on, after this",N4,adverb,Time & Dates
～月,～つき,month,N4,prefix/suffix,Time & Dates
～おき,～おき,after every ~,N4,prefix/suffix,Time & Dates
赤ちゃん,あかちゃん,"baby, infant",N4,noun,Family & Relationships
親,おや,a parent,N4,noun,Family & Relationships
連れる,つれる,"to lead, to take (a person)",N4,verb,Family & Relationships
無理,むり,"unreasonable, impossible",N4,noun,Family & Relationships
夫,おっと,husband,N4,noun,Family & Relationships
妻,つま,wife (humble),N4,verb,Family & Relationships
ご主人,ごしゅじん,"(your, her) husband",N4,noun,Family & Relationships
理由,りゆう,reason,N4,noun,Family & Relationships
息子,むすこ,(humble) son,N4,verb,Family & Relationships
子,こ,child,N4,noun,Family & Relationships
復習,ふくしゅう,"review (of lessons), revision",N4,noun,Family & Relationships
娘,むすめ,daughter (humble),N4,verb,Family & Relationships
家内,かない,(one's own) wife,N4,noun,Family & Relationships
親切,しんせつ,kindness,N4,na-adjective,Family & Relationships
祖母,そぼ,grandmother,N4,na-adjective,Family & Relationships
祖父,そふ,grandfather,N4,na-adjective,Family & Relationships
～ちゃん,～ちゃん,suffix for familiar (female) person,N4,prefix/suffix,Family & Relationships
～君,～くん,"Mr. (junior) ~, master ~",N4,prefix/suffix,Family & Relationships
医学,いがく,medical science,N4,noun,Body & Health
聞こえる,きこえる,"to be heard, to be audible",N4,verb,Body & Health
表,おもて,surface; front; outside,N4,noun,Body & Health
怒る,おこる,to get angry; to scold angrily,N4,verb,Body & Health
運転手,うんてんしゅ,driver (by occupation),N4,noun,Body & Health
投げる,なげる,"to pitch, to cast away",N4,verb,Body & Health
人口,じんこう,population,N4,noun,Body & Health
足りる,たりる,to be sufficient; to be enough,N4,verb,Body & Health
坂,さか,"slope, hill",N4,noun,Body & Health
無くなる,なくなる,"to disappear, to get lost",N4,verb,Body & Health
歯医者,はいしゃ,dentist,N4,noun,Body & Health
治る,なおる,to get better; to recover from illness (v.i.),N4,verb,Body & Health
熱心,ねっしん,enthusiasm,N4,noun,Body & Health
届ける,とどける,to deliver (v.t.),N4,verb,Body & Health
熱,ねつ,"fever, temperature",N4,noun,Body & Health
塗る,ぬる,"to paint, to plaster",N4,verb,Body & Health
けがする,けがする,"injury (to animate object), hurt",N4,noun,Body & Health
探す,さがす,"to search, to seek, to look for",N4,verb,Body & Health
心,こころ,"heart, mind",N4,noun,Body & Health
通う,かよう,to go back and forth; to commute,N4,verb,Body & Health
技術,ぎじゅつ,"technique, technology, skill",N4,noun,Body & Health
足す,たす,to add (numbers),N4,verb,Body & Health
校長,こうちょう,"principal, headmaster",N4,noun,Body & Health
叱る,しかる,to scold,N4,verb,Body & Health
喉,のど,throat,N4,noun,Body & Health
滑る,すべる,"to slide, to slip",N4,verb,Body & Health
血,ち,blood,N4,noun,Body & Health
手伝う,てつだう,to help,N4,verb,Body & Health
毛,け,"hair, fur",N4,noun,Body & Health
焼ける,やける,"to burn, to be roasted",N4,verb,Body & Health
裏,うら,"reverse side, back",N4,noun,Body & Health
冷える,ひえる,"to grow cold, to cool down",N4,verb,Body & Health
具合,ぐあい,"condition, state, health",N4,noun,Body & Health
点く,つく,"to be started, to be switched on",N4,verb,Body & Health
髪,かみ,hair,N4,noun,Body & Health
向かう,むかう,"to face, to go towards",N4,verb,Body & Health
指輪,ゆびわ,(finger) ring,N4,noun,Body & Health
腕,うで,arm (in reference to body),N4,noun,Body & Health
退院,たいいんする,leaving hospital,N4,noun,Body & Health
注射,ちゅうしゃ,injection,N4,noun,Body & Health
かっこう,格好,"appearance, manner, shape, form, posture",N4,noun,Body & Health
背中,せなか,back (of body),N4,noun,Body & Health
首,くび,neck,N4,noun,Body & Health
ひげ,ひげ,beard,N4,noun,Body & Health
入院,にゅういんする,hospitalization,N4,noun,Body & Health
看護婦,かんごふ,(female) nurse,N4,noun,Body & Health
電報,でんぽう,telegram,N4,noun,Body & Health
指,ゆび,finger,N4,noun,Body & Health
ひどい,ひどい,"terrible, awful, unfair, cruel",N4,i-adjective,Body & Health
うまい,うまい,delicious; skillful; fortunate,N4,i-adjective,Body & Health
大体,だいたい,approximately; in most cases; in general; to begin with (same as もともと),N4,adverb,Body & Health
～目,～め,"number ~ sequence, ~nd; ~th",N4,prefix/suffix,Body & Health
しっかり,しっかり,"firmly, steady",N4,noun,Food & Cooking
ガラス,ガラス,"glass, pane",N4,noun,Food & Cooking
サンドイッチ,サンドイッチ,sandwich,N4,noun,Food & Cooking
盗む,ぬすむ,to steal; to rob,N4,verb,Food & Cooking
原因,げんいん,"cause, origin, source",N4,noun,Food & Cooking
サラダ,サラダ,salad,N4,noun,Food & Cooking
ステーキ,ステーキ,steak,N4,noun,Food & Cooking
沸く,わく,"to boil, to grow hot",N4,verb,Food & Cooking
食料品,しょくりょうひん,"foodstuff, groceries",N4,noun,Food & Cooking
味噌,みそ,"miso, bean paste",N4,noun,Food & Cooking
ジャム,ジャム,jam,N4,noun,Food & Cooking
焼く,やく,"to bake, to grill",N4,verb,Food & Cooking
味,あじ,"flavor, taste",N4,noun,Food & Cooking
興味,きょうみ,interest (in something),N4,noun,Food & Cooking
米,こめ,uncooked rice,N4,noun,Food & Cooking
釣る,つる,to fish,N4,verb,Food & Cooking
ハンバーグ,ハンバーグ,hamburger steak,N4,noun,Food & Cooking
暖房,だんぼう,heating,N4,noun,Food & Cooking
席,せき,a seat,N4,noun,Food & Cooking
沸かす,わかす,to boil,N4,verb,Food & Cooking
ケーキ,ケーキ,cake,N4,noun,Food & Cooking
食事,しょくじする,meal,N4,noun,Food & Cooking
アルコール,アルコール,alcohol,N4,noun,Food & Cooking
苦い,にがい,bitter,N4,i-adjective,Food & Cooking
凄い,すごい,"terrific, great",N4,i-adjective,Food & Cooking
どんどん,どんどん,quickly and steadily; at a rapid pace,N4,adverb,Food & Cooking
床屋,とこや,barber's (shop),N4,noun,Home & Daily Life
別,べつ,"distinction, different",N4,noun,Home & Daily Life
屋上,おくじょう,rooftop,N4,noun,Home & Daily Life
ごみ,ごみ,"trash, garbage",N4,noun,Home & Daily Life
布団,ふとん,futon,N4,noun,Home & Daily Life
引っ越す,ひっこす,to move to a new place of residence,N4,verb,Home & Daily Life
ビル,ビル,(abbr.) building,N4,noun,Home & Daily Life
住所,じゅうしょ,address; place of residence,N4,noun,Home & Daily Life
捨てる,すてる,"throw away (trash), dump, discard",N4,noun,Home & Daily Life
壁,かべ,wall,N4,noun,Home & Daily Life
受付,うけつけ,reception(ist) desk,N4,noun,Home & Daily Life
移る,うつる,to move (from a house); to transfer (from a department); to shift,N4,verb,Home & Daily Life
鏡,かがみ,mirror,N4,noun,Home & Daily Life
冷房,れいぼう,"cooling, air conditioning",N4,noun,Home & Daily Life
押し入れ,おしいれ,closet,N4,noun,Home & Daily Life
引き出し,ひきだし,drawer,N4,noun,Home & Daily Life
留守,るす,absence; not at home,N4,noun,Home & Daily Life
動く,うごく,to move,N4,verb,Home & Daily Life
カーテン,カーテン,curtain,N4,noun,Home & Daily Life
棚,たな,"shelves, rack",N4,noun,Home & Daily Life
お宅,おたく,(someone else's) house; home -- polite word for 家 (いえ) --,N4,na-adjective,Home & Daily Life
～家,～か,person who is specialized in ~,N4,prefix/suffix,Home & Daily Life
絹,きぬ,silk,N4,noun,Clothing & Accessories
そんな,そんな,"such, like that, that sort of",N4,noun,Clothing & Accessories
手袋,てぶくろ,glove(s),N4,noun,Clothing & Accessories
着物,きもの,kimono; Japanese traditional dress,N4,noun,Clothing & Accessories
あんな,あんな,"such, like that",N4,noun,Clothing & Accessories
鳴る,なる,"to sound, to ring (v.i.)",N4,verb,Clothing & Accessories
サンダル,サンダル,sandal,N4,noun,Clothing & Accessories
下着,したぎ,underwear,N4,noun,Clothing & Accessories
それで,それで,"and (conj.), thereupon, because of that",N4,noun,Clothing & Accessories
そんなに,そんなに,"so much, like that",N4,noun,Clothing & Accessories
アクセサリー,アクセサリー,accessory,N4,noun,Clothing & Accessories
育てる,そだてる,to raise (v.t.); to bring up,N4,verb,Clothing & Accessories
両方,りょうほう,"both sides, both parties",N4,noun,Clothing & Accessories
糸,いと,thread,N4,noun,Clothing & Accessories
ソフト,ソフト,soft; soft hat; software,N4,noun,Clothing & Accessories
大学生,だいがくせい,"college student, university student",N4,noun,School & Education
予習,よしゅう,preparation of lessons (for class),N4,noun,School & Education
点,てん,"mark, score, grade; point, dot",N4,noun,School & Education
中学校,ちゅうがっこう,junior high school pupil,N4,noun,School & Education
小学校,しょうがっこう,elementary school,N4,noun,School & Education
消しゴム,けしゴム,eraser,N4,noun,School & Education
試験,しけん,an exam,N4,noun,School & Education
入学,にゅうがくする,entry to school or university,N4,noun,School & Education
教育,きょういく,education,N4,noun,School & Education
例えば,たとえば,"for example, e.g.",N4,noun,School & Education
卒業,そつぎょう,graduation,N4,noun,School & Education
高校生,こうこうせい,high school student,N4,noun,School & Education
講義,こうぎ,a lecture,N4,noun,School & Education
高校; 高等学校,こうこう; こうとうがっこう,high school; senior high school,N4,noun,School & Education
研究室,けんきゅうしつ,the professor's office; laboratory,N4,noun,School & Education
研究,けんきゅう,"study, research, investigation",N4,noun,School & Education
受ける,うける,"to take (an examination, interview, etc.); to receive",N4,verb,School & Education
～学部,～がくぶ,department of a university,N4,prefix/suffix,School & Education
課長,かちょう,section manager,N4,noun,Work & Career
アルバイト,アルバイト,part-time job,N4,noun,Work & Career
社長,しゃちょう,president of a company,N4,noun,Work & Career
会議室,かいぎしつ,conference room,N4,noun,Work & Career
事務所,じむしょ,office,N4,noun,Work & Career
公務員,こうむいん,"government worker, public servant",N4,noun,Work & Career
貿易,ぼうえき,trade,N4,noun,Work & Career
反対,はんたい,"oppose, opposition, resistance",N4,noun,Work & Career
部長,ぶちょう,department (division) manager,N4,noun,Work & Career
生産,せいさんする,production; to produce,N4,noun,Work & Career
産業,さんぎょう,industry,N4,noun,Work & Career
枝,えだ,"branch, twig",N4,noun,Work & Career
会場,かいじょう,"venue, meeting place",N4,noun,Work & Career
工業,こうぎょう,(manufacturing) industry,N4,noun,Work & Career
工場,こうじょう,factory,N4,noun,Work & Career
会議,かいぎ,business meeting; conference,N4,noun,Work & Career
堅; 硬; 固い,かたい,"solid, hard, firm",N4,i-adjective,Work & Career
～会,～かい,~ meeting,N4,prefix/suffix,Work & Career
用事,ようじ,business to take care of; tasks; errands,N4,expression,Work & Career
用,よう,"errand, task, business (to take care of)",N4,expression,Work & Career
ガソリン,ガソリン,"gasoline, petrol",N4,noun,Travel & Transport
オートバイ,オートバイ,motorcycle (lit: auto-bi(ke)),N4,noun,Travel & Transport
いらっしゃる,いらっしゃる,"-- honorific expression for いく, くる, and いる --",N4,verb,Travel & Transport
レポート; リポート,レポート; リポート,report,N4,noun,School & Education
飛行場,ひこうじょう,airport,N4,noun,Travel & Transport
致す,いたす,-- extra-modest expression for する --,N4,verb,Travel & Transport
柔道,じゅうどう,judo,N4,noun,Sports & Activities
水道,すいどう,"water service, water line",N4,noun,Home & Daily Life
なさる,なさる,-- honorific expression for する --,N4,verb,Travel & Transport
旅館,りょかん,a Japanese inn,N4,noun,Travel & Transport
乗り物,のりもの,vehicle,N4,noun,Travel & Transport
おる,おる,-- extra-modest expression for いる --,N4,verb,Travel & Transport
下宿,げしゅく,"lodging, boarding house",N4,noun,Travel & Transport
交通,こうつう,"traffic, transportation",N4,noun,Travel & Transport
ごらんになる,,-- honorific expression for みる --,N4,verb,Travel & Transport
急行,きゅうこう,express train or bus,N4,noun,Travel & Transport
空港,くうこう,airport,N4,noun,Travel & Transport
差し上げる,さしあげる,-- humble expression for あげる --,N4,verb,Travel & Transport
遠慮,えんりょする,"restraint, reserve, hesitate",N4,noun,Travel & Transport
港,みなと,"harbor, port",N4,noun,Travel & Transport
おっしゃる,おっしゃる,-- honorific expression for いう --,N4,verb,Travel & Transport
通り,とおり,"~ Street, ~ Avenue",N4,noun,Travel & Transport
輸入,ゆにゅう,import,N4,noun,Travel & Transport
参る,まいる,humble expression for 行く and 来る,N4,verb,Travel & Transport
道具,どうぐ,tool,N4,noun,Travel & Transport
特急,とっきゅう,limited express (train faster than an express),N4,noun,Travel & Transport
乗り換える,のりかえる,"to transfer (trains), to change (bus, train, etc.)",N4,verb,Travel & Transport
駐車場,ちゅうしゃじょう,parking lot,N4,noun,Travel & Transport
放送,ほうそうする,broadcasting,N4,noun,Travel & Transport
汽車,きしゃ,train (steam),N4,noun,Travel & Transport
最初,さいしょ,"beginning, first",N4,noun,Travel & Transport
出発,しゅっぱつする,departure,N4,noun,Travel & Transport
スーツケース,スーツケース,suitcase,N4,noun,Travel & Transport
舟,ふね,"ship, boat",N4,noun,Travel & Transport
見物,けんぶつ,sightseeing,N4,noun,Travel & Transport
ガソリンスタンド,ガソリンスタンド,"gas station, service station",N4,noun,Travel & Transport
番組,ばんぐみ,broadcast program,N4,noun,Travel & Transport
輸出,ゆしゅつする,export,N4,noun,Travel & Transport
大事,だいじ,"important, valuable, serious matter",N4,na-adjective,Travel & Transport
お礼,おれい,expression of gratitude; thanking; gift of appreciation; bow,N4,expression,Travel & Transport
品物,しなもの,goods,N4,noun,Shopping & Money
触る,さわる,"to touch, to feel",N4,verb,Shopping & Money
店員,てんいん,clerk; shop-employee,N4,noun,Shopping & Money
変える,かえる,"to change, to alter, to vary",N4,verb,Shopping & Money
おつり,おつり,change; balance of money returned to the purchaser,N4,noun,Shopping & Money
変わる,かわる,"to change (v.i.), to be transformed, to vary",N4,verb,Shopping & Money
チェックする,チェックする,check,N4,noun,Shopping & Money
払う,はらう,to pay,N4,verb,Shopping & Money
レジ,レジ,register,N4,noun,Shopping & Money
取り替える,とりかえる,"to exchange, to replace",N4,verb,Shopping & Money
お金持ち,かねもち; おかねもち,rich person,N4,noun,Shopping & Money
値段,ねだん,price,N4,noun,Shopping & Money
心配,しんぱいする,"worry, concern",N4,noun,Feelings & Emotions
驚く,おどろく,"to be surprised, to be astonished",N4,verb,Feelings & Emotions
気,き,"spirit, mood",N4,noun,Feelings & Emotions
楽む,たのしむ,to enjoy,N4,verb,Feelings & Emotions
残念,ざんねん,regret; regrettable,N4,noun,Feelings & Emotions
喜ぶ,よろこぶ,"to rejoice, to be delighted, to be glad",N4,verb,Feelings & Emotions
気分,きぶん,"feeling, mood",N4,noun,Feelings & Emotions
びっくりする,びっくりする,to be surprised,N4,verb,Feelings & Emotions
気持ち,きもち,"feeling, sensation, mood",N4,noun,Feelings & Emotions
うれしい,嬉しい,to be happy; to be glad,N4,verb,Feelings & Emotions
危険,きけん,"danger, risk, hazard",N4,noun,Feelings & Emotions
安心,あんしん,"peace of mind, relief",N4,noun,Feelings & Emotions
楽しみ,たのしみ,"pleasure, joy",N4,noun,Feelings & Emotions
悲しい,かなしい,"sad, sorrowful",N4,i-adjective,Feelings & Emotions
怖い,こわい,"scary, frightening",N4,i-adjective,Feelings & Emotions
恥ずかしい,はずかしい,"ashamed, embarrassed",N4,i-adjective,Feelings & Emotions
美しい,うつくしい,"beautiful, lovely",N4,i-adjective,Feelings & Emotions
おかしい,おかしい,strange; odd; funny,N4,i-adjective,Feelings & Emotions
寂しい,さびしい,"lonely, lonesome",N4,i-adjective,Feelings & Emotions
または,または,"or, otherwise",N4,noun,Personality & Character
いただく,頂く,-- extra-modest expression for たべる and のむ; humble expression for もらう --,N4,verb,Personality & Character
字,じ,letter; character,N4,noun,Personality & Character
申す,もうす,-- extra-modest (humble) expression for 言う (いう) --,N4,verb,Personality & Character
優しい,やさしい,"kind (person), gentle (person), easy (problem)",N4,i-adjective,Personality & Character
片付ける,かたづける,"to (clean) tidy up (v.t.), to put away",N4,verb,Personality & Character
丁寧,ていねい,"polite, courteous, careful",N4,na-adjective,Personality & Character
見える,みえる,to be visible; -- polite verb meaning 来る (くる) --,N4,verb,Personality & Character
真面目,まじめ,"diligent, serious",N4,na-adjective,Personality & Character
拝見,はいけんする,"(humble) (polite) seeing, look at",N4,verb,Personality & Character
伺う,うかがう,"humble form of 行く (いく), 聞く (きく) and 来る (くる)",N4,na-adjective,Personality & Character
様,よう,"way, manner, kind",N4,na-adjective,Personality & Character
～ございます,～ございます,"to be (polite), to exist",N4,prefix/suffix,Personality & Character
僕,ぼく,I (used by men towards those of equal or lower status),N4,noun,Colors & Descriptions
拾う,ひろう,"to pick up (something), to find",N4,verb,Colors & Descriptions
売り場,うりば,place where things are sold,N4,noun,Colors & Descriptions
通る,とおる,"to pass (by), to go through",N4,verb,Colors & Descriptions
事,こと,"thing(s), matter(s), fact",N4,noun,Colors & Descriptions
止める,とめる,to stop (something),N4,verb,Colors & Descriptions
赤ん坊,あかんぼう,baby,N4,noun,Colors & Descriptions
立てる,たてる,"to stand (something) up, to erect (something)",N4,verb,Colors & Descriptions
内,うち,"within, inside",N4,noun,Colors & Descriptions
暮れる,くれる,"to get dark, to come to an end",N4,verb,Colors & Descriptions
以下,いか,"less than, below",N4,noun,Colors & Descriptions
尋ねる,たずねる,to inquire (same as 質問する),N4,verb,Colors & Descriptions
確か,たしか,"if I remember correctly; certain, definite",N4,noun,Colors & Descriptions
見つかる,みつかる,"to be found (v.i.), to be discovered",N4,verb,Colors & Descriptions
電灯,でんとう,electric light,N4,noun,Colors & Descriptions
直す,なおす,to correct (v.t.); to fix,N4,verb,Colors & Descriptions
普通,ふつう,common; usual,N4,noun,Colors & Descriptions
汚れる,よごれる,to become dirty,N4,verb,Colors & Descriptions
光,ひかり,light,N4,noun,Colors & Descriptions
仕方,しかた,way (of doing something),N4,noun,Colors & Descriptions
厳しい,きびしい,hard; rigorous; strict,N4,i-adjective,Colors & Descriptions
深い,ふかい,"deep, profound",N4,i-adjective,Colors & Descriptions
浅い,あさい,"shallow, superficial",N4,i-adjective,Colors & Descriptions
珍しい,めずらしい,"unusual, rare",N4,i-adjective,Colors & Descriptions
いっぱい,一杯,"full, to the utmost",N4,i-adjective,Colors & Descriptions
正しい,ただしい,correct,N4,i-adjective,Colors & Descriptions
すっと,すっと,"straight, quickly",N4,adverb,Colors & Descriptions
～区,～く,"~ district, ~ ward, ~ borough",N4,prefix/suffix,Colors & Descriptions
意見,いけん,"opinion, view, idea",N4,noun,Communication
うかがう,うかがう,to ask,N4,verb,Communication
発音,はつおん,pronunciation,N4,noun,Communication
申し上げる,もうしあげる,"(humble)to say, to tell",N4,verb,Communication
文法,ぶんぽう,grammar,N4,noun,Communication
行う,おこなう,to carry out; to conduct (typically used in written language),N4,verb,Communication
答,こたえ,"answer, response",N4,noun,Communication
思い出す,おもいだす,"to recall, to remember",N4,verb,Communication
あいさつする,挨拶,greet(ing),N4,noun,Communication
謝る,あやまる,to apologize,N4,verb,Communication
アナウンサー,アナウンサー,announcer,N4,noun,Communication
伝える,つたえる,"to convey (a message); to tell, to report",N4,verb,Communication
会話,かいわ,conversation,N4,noun,Communication
褒める,ほめる,to praise; to say nice things,N4,verb,Communication
ワープロ,ワープロ,word processor,N4,noun,Communication
返事,へんじ,"reply, answer",N4,noun,Communication
説明,せつめい,explanation,N4,noun,Communication
承知,しょうちする,"consent, acceptance",N4,noun,Communication
約束,やくそく,"arrangement, appointment, promise",N4,noun,Communication
新聞社,しんぶんしゃ,newspaper company,N4,noun,Communication
台風,たいふう,typhoon,N4,noun,Nature & Weather
葉,は,leaf,N4,noun,Nature & Weather
地震,じしん,earthquake,N4,noun,Nature & Weather
月,つき,moon,N4,noun,Nature & Weather
季節,きせつ,season (in reference to weather),N4,noun,Nature & Weather
星,ほし,star,N4,noun,Nature & Weather
空く,あく,"to open, to become empty (vacant)",N4,verb,Nature & Weather
林,はやし,"woods, forest",N4,noun,Nature & Weather
雲,くも,cloud,N4,noun,Nature & Weather
森,もり,forest,N4,noun,Nature & Weather
石,いし,stone,N4,noun,Nature & Weather
お土産,おみやげ,souvenir,N4,noun,Nature & Weather
海岸,かいがん,"coast, seashore",N4,noun,Nature & Weather
空く,すく,"to be empty (in reference to people), to be less crowded",N4,verb,Nature & Weather
空気,くうき,"air, atmosphere",N4,noun,Nature & Weather
島,しま,island,N4,noun,Nature & Weather
天気予報,てんきよほう,weather forecast,N4,noun,Nature & Weather
砂,すな,sand,N4,noun,Nature & Weather
草,くさ,grass,N4,noun,Nature & Weather
花見,はなみ,cherry-blossom viewing,N4,noun,Nature & Weather
植える,うえる,to plant,N4,verb,Nature & Weather
湖,みずうみ,lake,N4,noun,Nature & Weather
木綿,もめん,cotton,N4,noun,Nature & Weather
～だす,～だす,to start doing ~,N4,prefix/suffix,Nature & Weather
～始める,～はじめる,to start doing ~,N4,prefix/suffix,Nature & Weather
建て,～だて,"~ storied, separate housing",N4,noun,Animals & Nature
噛む,かむ,"to bite, to chew",N4,verb,Animals & Nature
連絡,れんらく,"communication, contact, connection",N4,noun,Animals & Nature
捕まえる,つかまえる,"to catch, to arrest",N4,verb,Animals & Nature
場所,ばしょ,"place, location",N4,noun,Animals & Nature
飾る,かざる,"to decorate, to adorn",N4,verb,Animals & Nature
用意,ようい,preparation,N4,noun,Animals & Nature
込む,こむ,to be crowded,N4,verb,Animals & Nature
小鳥,ことり,small bird,N4,noun,Animals & Nature
別れる,わかれる,"to part from, to separate",N4,verb,Animals & Nature
支度,したくする,preparation,N4,noun,Animals & Nature
遠く,とおく,"far away, distant",N4,noun,Animals & Nature
虫,むし,insect,N4,noun,Animals & Nature
複雑,ふくざつ,"complexity, complication",N4,na-adjective,Animals & Nature
彼,かれ,"he, boyfriend",N4,noun,Actions & Movement
折る,おる,"to snap, to break; to bend",N4,verb,Actions & Movement
故障,こしょうする,breakdown,N4,noun,Actions & Movement
壊す,こわす,"to break, to break down",N4,verb,Actions & Movement
終わり,おわり,end,N4,noun,Actions & Movement
止む,やむ,"to cease, to stop",N4,verb,Actions & Movement
帰り,かえり,"return, coming back",N4,noun,Actions & Movement
建てる,たてる,to build,N4,verb,Actions & Movement
彼女,かのじょ,girlfriend; she,N4,noun,Actions & Movement
止める,やめる,"to end, to stop",N4,verb,Actions & Movement
最後,さいご,"last, end",N4,noun,Actions & Movement
壊れる,こわれる,"to be broken, to break",N4,verb,Actions & Movement
代わり,かわり,"substitute, replacement",N4,noun,Actions & Movement
揺れる,ゆれる,"to shake, to sway",N4,verb,Actions & Movement
真中,まんなか,"middle, center",N4,noun,Actions & Movement
落る,おちる,"to fall, to drop",N4,verb,Actions & Movement
～(て) しまう,～(て) しまう,to end up ~,N4,prefix/suffix,Actions & Movement
寄る,よる,to stop by,N4,verb,Actions & Movement
～続ける,～つづける,to continue doing ~,N4,prefix/suffix,Actions & Movement
決まる,きまる,to be set; fixed (v.i.),N4,verb,Actions & Movement
～おわる,～おわる,to finish doing ~,N4,prefix/suffix,Actions & Movement
開く,ひらく,to open; to hold (an event),N4,verb,Actions & Movement
包む,つつむ,"to wrap, to cover",N4,verb,Actions & Movement
始める,はじめる,"to start, to begin",N4,verb,Actions & Movement
亡くなる,なくなる,to pass away,N4,verb,Actions & Movement
打つ,うつ,"to hit, to strike",N4,verb,Actions & Movement
済む,すむ,"to finish, to end",N4,verb,Actions & Movement
折れる,おれる,"to break, to be folded, to give in; to turn (a corner)",N4,verb,Actions & Movement
送る,おくる,"to send, to dispatch",N4,verb,Actions & Movement
運ぶ,はこぶ,"to transport, to carry",N4,verb,Actions & Movement
下る,さがる,"to descend, to drop, to fall",N4,verb,Actions & Movement
直る,なおる,to be fixed,N4,verb,Actions & Movement
集める,あつめる,"to collect, to gather (v.t.), to assemble",N4,verb,Actions & Movement
続く,つづく,to be continued,N4,verb,Actions & Movement
続ける,つづける,"to continue, to keep up",N4,verb,Actions & Movement
落す,おとす,"to drop, to lose",N4,verb,Actions & Movement
倒れる,たおれる,"to collapse, to break down",N4,verb,Actions & Movement
戻る,もどる,to return (v.i.); to come back,N4,verb,Actions & Movement
訪ねる,たずねる,to visit,N4,verb,Actions & Movement
下げる,さげる,to lower (v.t.); to hang,N4,verb,Actions & Movement
集まる,あつまる,"to gather (v.i.), to collect",N4,verb,Actions & Movement
準備,じゅんびする,prepare,N4,noun,Thinking & Learning
比べる,くらべる,to compare,N4,verb,Thinking & Learning
訳,わけ,reason; explanation,N4,noun,Thinking & Learning
祈る,いのる,to pray; to wish,N4,verb,Thinking & Learning
経験,けいけんする,experience,N4,noun,Thinking & Learning
思う,おもう,"to think, to feel",N4,verb,Thinking & Learning
素晴らしい,すばらしい,wonderful; terrific,N4,i-adjective,Thinking & Learning
決める,きめる,to decide (v.t.),N4,verb,Thinking & Learning
調べる,しらべる,to check; to look up; to inquire; to search,N4,verb,Thinking & Learning
選ぶ,えらぶ,to choose; to select,N4,verb,Thinking & Learning
見つける,みつける,"to discover, to find (v.t.)",N4,verb,Thinking & Learning
考える,かんがえる,to think (about); to consider,N4,verb,Thinking & Learning
客,きゃく,"guest, customer",N4,noun,Social & Relationships
招待,しょうたいする,invitation,N4,noun,Social & Relationships
先輩,せんぱい,senior members of a group,N4,noun,Social & Relationships
慣れる,なれる,to grow accustomed to,N4,verb,Social & Relationships
君,きみ,you (informal for men),N4,noun,Social & Relationships
たまに,たまに,occasionally,N4,noun,Social & Relationships
～式,～しき,~ ceremony; ~ style,N4,prefix/suffix,Social & Relationships
役に立つ,やくにたつ,"to be helpful, to be useful",N4,verb,Social & Relationships
～員,～いん,member of ~,N4,prefix/suffix,Social & Relationships
迎える,むかえる,to welcome; to meet; to greet,N4,expression,Social & Relationships
運動,うんどうする,exercise,N4,noun,Sports & Activities
逃げる,にげる,"to escape, to run away",N4,verb,Sports & Activities
試合,しあい,"match, game, competition",N4,noun,Sports & Activities
負ける,まける,"to lose (a game) (v.i.), to be defeated",N4,verb,Sports & Activities
水泳,すいえい,swimming,N4,noun,Sports & Activities
合う,あう,"to fit, to match",N4,verb,Sports & Activities
テニス,テニス,tennis,N4,noun,Sports & Activities
競争,きょうそう,"competition, contest",N4,noun,Sports & Activities
とうとう,とうとう,"finally, at last",N4,adverb,Sports & Activities
やっと,やっと,"at last, finally",N4,adverb,Sports & Activities
漫画,まんが,"comic (book), cartoon",N4,noun,Arts & Entertainment
小説,しょうせつ,novel,N4,noun,Arts & Entertainment
美術館,びじゅつかん,"art gallery, art museum",N4,noun,Arts & Entertainment
お祭り,おまつり,festival,N4,noun,Arts & Entertainment
案内,あんないする,"information, guidance",N4,noun,Arts & Entertainment
過ぎる,すぎる,"to exceed, to go beyond",N4,verb,Arts & Entertainment
踊り,おどり,dance,N4,noun,Arts & Entertainment
教会,きょうかい,church,N4,noun,Arts & Entertainment
歴史,れきし,history,N4,noun,Arts & Entertainment
寺,てら,Buddhist temple,N4,noun,Arts & Entertainment
文学,ぶんがく,literature,N4,noun,Arts & Entertainment
踊る,おどる,to dance,N4,verb,Arts & Entertainment
展覧会,てんらんかい,exhibition,N4,noun,Arts & Entertainment
文化,ぶんか,culture,N4,noun,Arts & Entertainment
習慣,しゅうかん,custom (in reference to culture),N4,noun,Arts & Entertainment
コンサート,コンサート,concert,N4,noun,Arts & Entertainment
ピアノ,ピアノ,piano,N4,noun,Arts & Entertainment
上がる,あがる,"to rise, to go up",N4,verb,Arts & Entertainment
神社,じんじゃ,Shinto shrine,N4,noun,Arts & Entertainment
趣味,しゅみ,hobby; pastime,N4,noun,Arts & Entertainment
特に,とくに,particularly,N4,adverb,Arts & Entertainment
力,ちから,"strength, power",N4,noun,Technology & Science
スクリーン,スクリーン,screen,N4,noun,Technology & Science
科学,かがく,science,N4,noun,Technology & Science
パソコン,パソコン,(personal) computer,N4,noun,Technology & Science
コンピュータ; コンピューター,コンピュータ; コンピューター,computer,N4,noun,Technology & Science
写す,うつす,to copy (v.t.); to photograph,N4,verb,Technology & Science
タイプ,タイプ,"type, style",N4,noun,Technology & Science
郊外,こうがい,"suburb, outskirts",N4,noun,Geography & Places
アフリカ,アフリカ,Africa,N4,noun,Geography & Places
西洋,せいよう,"the West, Western countries",N4,noun,Geography & Places
動物園,どうぶつえん,zoo,N4,noun,Geography & Places
畳,たたみ,tatami mat (Japanese straw mat),N4,noun,Geography & Places
世界,せかい,world,N4,noun,Geography & Places
景色,けしき,"scenery, landscape",N4,noun,Geography & Places
都合,つごう,"circumstances, convenience",N4,noun,Geography & Places
アメリカ,アメリカ,"America, U.S.A.",N4,noun,Geography & Places
市,し,city,N4,noun,Geography & Places
都,と,metropolitan,N4,noun,Geography & Places
市民,しみん,citizen,N4,noun,Geography & Places
田舎,いなか,"rural, countryside",N4,noun,Geography & Places
アジア,アジア,Asia,N4,noun,Geography & Places
近所,きんじょ,neighborhood,N4,noun,Geography & Places
将来,しょうらい,(in the) future; prospects,N4,noun,Geography & Places
スーパー (マーケット),スーパー (マーケット),supermarket,N4,noun,Geography & Places
～町,～ちょう,the town of ~,N4,prefix/suffix,Geography & Places
規則,きそく,"rule, regulation",N4,noun,Society & Government
戦争,せんそう,war,N4,noun,Society & Government
法律,ほうりつ,law,N4,noun,Society & Government
国際,こくさい,international,N4,noun,Society & Government
政治,せいじ,politics,N4,noun,Society & Government
警察,けいさつ,police; police station,N4,noun,Society & Government
社会,しゃかい,society,N4,noun,Society & Government
よろしい,よろしい,"(hon.) good, OK, all right",N4,verb,Society & Government
自由,じゆう,freedom,N4,na-adjective,Society & Government
機会,きかい,"chance, opportunity",N4,noun,Abstract Concepts
場合,ばあい,"case, situation",N4,noun,Abstract Concepts
変,へん,"strange, odd",N4,noun,Abstract Concepts
為,ため,"good, advantage, in order to",N4,noun,Abstract Concepts
失敗,しっぱい,"failure, mistake",N4,noun,Abstract Concepts
関係,かんけい,"relation(ship), connection",N4,noun,Abstract Concepts
ステレオ,ステレオ,stereo,N4,noun,Everyday Essentials
テキスト,テキスト,text; text book,N4,noun,Everyday Essentials
踏む,ふむ,"to step on, to tread on",N4,verb,Everyday Essentials
もし,もし,if,N4,noun,Everyday Essentials
贈り物,おくりもの,a gift; a present,N4,noun,Everyday Essentials
生きる,いきる,to live,N4,verb,Everyday Essentials
泥棒,どろぼう,thief; burglar,N4,noun,Everyday Essentials
すると,すると,"and, then",N4,noun,Everyday Essentials
間違える,まちがえる,to make a mistake,N4,verb,Everyday Essentials
エスカレーター,エスカレーター,escalator,N4,noun,Everyday Essentials
できるだけ,できるだけ,"if at all possible, as much as possible",N4,noun,Everyday Essentials
光る,ひかる,"to shine, to glitter",N4,verb,Everyday Essentials
ガス,ガス,gas,N4,noun,Everyday Essentials
うそ,嘘,lie,N4,noun,Everyday Essentials
知らせる,しらせる,to notify,N4,verb,Everyday Essentials
地理,ちり,geography,N4,noun,Everyday Essentials
なるべく,なるべく,"if possible, as much as possible",N4,noun,Everyday Essentials
もらう,もらう,to receive,N4,verb,Everyday Essentials
利用,りよう,"use, utilization",N4,noun,Everyday Essentials
けんかする,けんかする,quarrel,N4,noun,Everyday Essentials
泣く,なく,to cry,N4,verb,Everyday Essentials
ぶどう,ぶどう,grapes,N4,noun,Everyday Essentials
線,せん,"line, wire",N4,noun,Everyday Essentials
残る,のこる,"to remain (v.i.), to be left",N4,verb,Everyday Essentials
パパ,パパ,"papa, daddy",N4,noun,Everyday Essentials
適当,てきとう,"fitness, suitability",N4,noun,Everyday Essentials
くれる,くれる,"to give, to do for",N4,verb,Everyday Essentials
ベル,ベル,bell,N4,noun,Everyday Essentials
事故,じこ,accident,N4,noun,Everyday Essentials
増える,ふえる,"to increase, to multiply",N4,verb,Everyday Essentials
辞典,じてん,"encyclopedia, reference book",N4,noun,Everyday Essentials
形,かたち,shape,N4,noun,Everyday Essentials
乾く,かわく,to get dry,N4,verb,Everyday Essentials
運転,うんてんする,driving,N4,noun,Everyday Essentials
火,ひ,fire,N4,noun,Everyday Essentials
進む,すすむ,"to advance, to proceed",N4,verb,Everyday Essentials
はず,はず,it should be so,N4,noun,Everyday Essentials
予約,よやく,reservation,N4,noun,Everyday Essentials
おいでになる,おいでになる,(hon.) to be,N4,verb,Everyday Essentials
火事,かじ,fire,N4,noun,Everyday Essentials
男性,だんせい,man; male,N4,noun,Everyday Essentials
あげる,あげる,to give,N4,verb,Everyday Essentials
おもちゃ,おもちゃ,a toy,N4,noun,Everyday Essentials
女性,じょせい,woman,N4,noun,Everyday Essentials
騒ぐ,さわぐ,"to make noise, to clamor",N4,verb,Everyday Essentials
邪魔,じゃま,"hindrance, intrusion",N4,noun,Everyday Essentials
隅,すみ,corner,N4,noun,Everyday Essentials
下りる,おりる,"to get down, to go; come down",N4,verb,Everyday Essentials
夢,ゆめ,a dream,N4,noun,Everyday Essentials
不便,ふべん,inconvenience,N4,noun,Everyday Essentials
似る,にる,"to resemble, to be similar",N4,verb,Everyday Essentials
講堂,こうどう,auditorium,N4,noun,Everyday Essentials
しばらく,しばらく,little while,N4,noun,Everyday Essentials
くださる,くださる,"(hon.) to give, to confer",N4,verb,Everyday Essentials
経済,けいざい,"economics, finance, economy",N4,noun,Everyday Essentials
こう,こう,"like this, this way",N4,noun,Everyday Essentials
笑う,わらう,"to laugh, to smile",N4,verb,Everyday Essentials
以外,いがい,"other than, with the exception of, excepting",N4,noun,Everyday Essentials
遊び,あそび,play,N4,noun,Everyday Essentials
召し上がる,めしあがる,-- honorific form of 食べる (たべる) and 飲む (のむ) --,N4,verb,Everyday Essentials
音,おと,"sound, note",N4,noun,Everyday Essentials
以上,いじょう,more than; this is all,N4,noun,Everyday Essentials
かまう,,"to mind, to care about, to be concerned about",N4,verb,Everyday Essentials
プレゼント,プレゼント,"present, gift",N4,noun,Everyday Essentials
スーツ,スーツ,suit,N4,noun,Everyday Essentials
いじめる,いじめる,"to bully, to torment",N4,verb,Everyday Essentials
ファックス,ファックス,fax,N4,noun,Everyday Essentials
あ,あ,Ah,N4,noun,Everyday Essentials
濡れる,ぬれる,to get wet,N4,verb,Everyday Essentials
最も,もっとも,most,N4,noun,Everyday Essentials
紹介,しょうかい,an introduction,N4,noun,Everyday Essentials
勝つ,かつ,to win,N4,verb,Everyday Essentials
けれど; けれども,けれど; けれども,"but, although",N4,noun,Everyday Essentials
途中,とちゅう,"on the way, midway",N4,noun,Everyday Essentials
急ぐ,いそぐ,"to hurry, to be in a hurry, to rush",N4,verb,Everyday Essentials
相談,そうだんする,consultation,N4,noun,Everyday Essentials
翻訳,ほんやく,translation,N4,noun,Everyday Essentials
眠る,ねむる,to sleep,N4,verb,Everyday Essentials
湯,ゆ,hot water,N4,noun,Everyday Essentials
生活,せいかつする,"living, life; to live",N4,noun,Everyday Essentials
すり,すり,pickpocket,N4,noun,Everyday Essentials
匂い,におい,"odor, smell",N4,i-adjective,Everyday Essentials
眠い,ねむい,"sleepy, drowsy",N4,i-adjective,Everyday Essentials
必要,ひつよう,necessary,N4,na-adjective,Everyday Essentials
盛ん,さかん,"prosperous, active, thriving",N4,na-adjective,Everyday Essentials
専門,せんもん,major; speciality,N4,na-adjective,Everyday Essentials
簡単,かんたん,simple,N4,na-adjective,Everyday Essentials
特別,とくべつ,special,N4,na-adjective,Everyday Essentials
安全,あんぜん,"safety, security",N4,na-adjective,Everyday Essentials
急,きゅう,"urgent, sudden; steep",N4,na-adjective,Everyday Essentials
やはり; やっぱり,やはり; やっぱり,"as I thought, absolutely",N4,adverb,Everyday Essentials
非常に,ひじょうに,extremely; very,N4,adverb,Everyday Essentials
ほとんど,ほとんど,"mostly, almost",N4,adverb,Everyday Essentials
ちっとも,ちっとも,not at all (neg. verb),N4,adverb,Everyday Essentials
それに,それに,moreover; besides,N4,adverb,Everyday Essentials
だから,だから,so; therefore,N4,adverb,Everyday Essentials
すっかり,すっかり,"all, completely",N4,adverb,Everyday Essentials
全然,ぜんぜん,"not at all; wholly, entirely",N4,adverb,Everyday Essentials
～製,～せい,made in ~,N4,prefix/suffix,Everyday Essentials
～ばかり,～ばかり,"just did ~, only",N4,prefix/suffix,Everyday Essentials
～やすい,～やすい,easy to do ~,N4,prefix/suffix,Everyday Essentials
～まま,～まま,as it is,N4,prefix/suffix,Everyday Essentials
～(に) よると,～(に) よると,according to ~,N4,prefix/suffix,Everyday Essentials
～様,～さま,"Mr., Mrs., Ms.",N4,prefix/suffix,Everyday Essentials
～代,～だい,~ age; period,N4,prefix/suffix,Everyday Essentials
御～,ご～,honorable ~,N4,prefix/suffix,Everyday Essentials
～(に) ついて,～(に) ついて,"about, concerning",N4,prefix/suffix,Everyday Essentials
～にくい,～にくい,difficult to do ~,N4,prefix/suffix,Everyday Essentials
有無,うむ,"yes or no, presence or absence",N3,noun,Basic Greetings
禁煙,きんえん,No Smoking,N3,noun,Basic Greetings
たとえ,たとえ,"even if, no matter, though",N3,noun,Basic Greetings
どうしても,どうしても,"at any cost, no matter what, no matter how hard one tries",N3,noun,Basic Greetings
まさか,まさか,by no means,N3,noun,Basic Greetings
違いない,ちがいない,"(phrase) sure, no mistaking it, for certain",N3,i-adjective,Basic Greetings
とんでもない,とんでもない,"outrageous, No way!",N3,i-adjective,Basic Greetings
無料,むりょう,"free, no charge",N3,na-adjective,Basic Greetings
すみません (かん),すみません (かん),"sorry, excuse me",N3,expression,Basic Greetings
ありがとう,ありがとう,Thank you,N3,expression,Basic Greetings
いただきます,いただきます,expression of gratitude before meals,N3,expression,Basic Greetings
いらっしゃい,いらっしゃい,welcome,N3,expression,Basic Greetings
祝う,いわう,"to congratulate, to celebrate",N3,expression,Basic Greetings
おめでとう,おめでとう,"Congratulations!, an auspicious occasion!",N3,expression,Basic Greetings
歓迎,かんげい,"welcome, reception",N3,expression,Basic Greetings
気に入る,きにいる,"to like, to be please",N3,expression,Basic Greetings
ごめんなさい,ごめんなさい,"I beg your pardon, excuse me, I'm sorry",N3,expression,Basic Greetings
こんにちは,こんにちは,"hello, good day (daytime greeting)",N3,expression,Basic Greetings
よろしく (かん),よろしく (かん),"best regards, please remember me",N3,expression,Basic Greetings
閉じる,とじる,"to close (e.g., book, eyes), to shut",N3,verb,Basic Greetings
どうぞよろしく,どうぞよろしく,pleased to meet you,N3,expression,Basic Greetings
四角,しかく,square,N3,noun,Numbers & Counting
四季,しき,four seasons,N3,noun,Numbers & Counting
進める,すすめる,"to advance, to promote, to hasten",N3,verb,Numbers & Counting
自身,じしん,oneself,N3,noun,Numbers & Counting
周囲,しゅうい,"surroundings, circumference, environs",N3,noun,Numbers & Counting
勧める,すすめる,"to urge (someone) to do (something), to recommend",N3,verb,Numbers & Counting
主張,しゅちょう,"claim, insistence, assertion",N3,noun,Numbers & Counting
数,すう,"number, figure",N3,noun,Numbers & Counting
すれ違う,すれちがう,to pass by one another,N3,verb,Numbers & Counting
数字,すうじ,"numeral, figure",N3,noun,Numbers & Counting
姿,すがた,"figure, shape, appearance",N3,noun,Numbers & Counting
預かる,あずかる,to keep (something) for (someone),N3,verb,Numbers & Counting
少しも,すこしも,"anything of, not one bit",N3,noun,Numbers & Counting
意思,いし,"intention, purpose",N3,noun,Numbers & Counting
温まる,あたたまる,"to warm oneself, to get warm",N3,verb,Numbers & Counting
維持,いじ,"maintenance, preservation",N3,noun,Numbers & Counting
一時,いちじ,"for a time, temporarily",N3,noun,Numbers & Counting
暖める,あたためる,"to warm (up to someone/something), to heat (up to someone/something)",N3,verb,Numbers & Counting
一家,いっか,"family, clan",N3,noun,Numbers & Counting
一生,いっしょう,throughout (one's) life,N3,noun,Numbers & Counting
あんなに,あんなに,"to that extent, to that degree",N3,verb,Numbers & Counting
一致,いっち,agreement; conformity,N3,noun,Numbers & Counting
一般,いっぱん,"general, average",N3,noun,Numbers & Counting
囲む,かこむ,"to surround, to encircle",N3,verb,Numbers & Counting
一方,いっぽう,on the other hand; meanwhile,N3,noun,Numbers & Counting
イメージ,イメージ,one's image,N3,noun,Numbers & Counting
重なる,かさなる,"to be piled up, lie on top of one another",N3,verb,Numbers & Counting
延期,えんき,"postponement, adjournment",N3,noun,Numbers & Counting
思わず,おもわず,"unintentional, spontaneous",N3,noun,Numbers & Counting
数える,かぞえる,to count,N3,verb,Numbers & Counting
加減,かげん,adjustment; addition and subtraction,N3,noun,Numbers & Counting
数,かず,"number, figure, amount",N3,noun,Numbers & Counting
誘う,さそう,"to invite (someone to do something with you); to tempt, to lure",N3,verb,Numbers & Counting
完全,かんぜん,"perfection, completeness",N3,noun,Numbers & Counting
感想,かんそう,"(one's) impressions, (one's) thoughts",N3,noun,Numbers & Counting
迷う,まよう,"to be puzzled, to be perplexed, to lose one's way",N3,verb,Numbers & Counting
緊張,きんちょう,"tension, mental strain, nervousness",N3,noun,Numbers & Counting
計,けい,"plan; sum, total",N3,noun,Numbers & Counting
基づく,もとづく,"to be grounded on, to be based on",N3,verb,Numbers & Counting
計算,けいさん,"calculation, reckoning",N3,noun,Numbers & Counting
欠席,けっせき,"absence, non-attendance",N3,noun,Numbers & Counting
割る,わる,"to divide, to break",N3,verb,Numbers & Counting
合計,ごうけい,"sum total, total amount",N3,noun,Numbers & Counting
万一,まんいち,"by some chance, if by any chance",N3,noun,Numbers & Counting
詰める,つめる,"to pack, to shorten, to work out (details)",N3,verb,Numbers & Counting
見送り,みおくり,seeing one off,N3,noun,Numbers & Counting
未来,みらい,future (life tense),N3,noun,Numbers & Counting
解く,とく,"to unfasten; answer, solve",N3,verb,Numbers & Counting
無,む,"nothing, naught, zero",N3,noun,Numbers & Counting
面倒,めんどう,"trouble, attention",N3,noun,Numbers & Counting
泊める,とめる,to have someone stay (over night) (v.t.),N3,verb,Numbers & Counting
模様,もよう,"pattern, figure, design",N3,noun,Numbers & Counting
役割,やくわり,"assigning (allotment of) parts, role, duties",N3,noun,Numbers & Counting
亡くす,なくす,to lose someone,N3,verb,Numbers & Counting
唯一,ゆいいつ,"only, sole, unique",N3,noun,Numbers & Counting
予算,よさん,"estimate, budget",N3,noun,Numbers & Counting
伸びる,のびる,"to extend, to make progress, to grow",N3,verb,Numbers & Counting
四,よん,four,N3,noun,Numbers & Counting
率,りつ,"rate, ratio, percentage",N3,noun,Numbers & Counting
計る,はかる,"to measure, to weigh, to survey",N3,verb,Numbers & Counting
量,りょう,"quantity, amount",N3,noun,Numbers & Counting
一帯,いったい,"a region, the whole place",N3,noun,Numbers & Counting
量る,はかる,"to measure, to weigh, to survey",N3,verb,Numbers & Counting
学歴,がくれき,academic background,N3,noun,Numbers & Counting
刑,けい,"penalty, sentence, punishment",N3,noun,Numbers & Counting
測る,はかる,"to measure, to weigh, to survey",N3,verb,Numbers & Counting
携帯,けいたい,carrying something; mobile telephone,N3,noun,Numbers & Counting
形態,けいたい,"form, shape, figure",N3,noun,Numbers & Counting
減る,へる,"to decrease (in size or number), to diminish",N3,verb,Numbers & Counting
個々,ここ,"individual, one by one",N3,noun,Numbers & Counting
増加,ぞうか,"increase, addition",N3,noun,Numbers & Counting
接ぐ,つぐ,to join; to piece together; to set (bones); to graft (trees),N3,verb,Numbers & Counting
存在,そんざい,"existence, being",N3,noun,Numbers & Counting
度,たび,counter for occurrences,N3,noun,Numbers & Counting
継ぐ,つぐ,to succeed (someone in a business or inheritance,N3,verb,Numbers & Counting
偶,たま,"even number, couple, friend",N3,noun,Numbers & Counting
地下,ちか,"basement, underground",N3,noun,Numbers & Counting
臨む,のぞむ,"to look out on, to face, to attend (function)",N3,verb,Numbers & Counting
遅刻,ちこく,"lateness, late coming",N3,noun,Numbers & Counting
調子,ちょうし,"condition, state, tune, tone",N3,noun,Numbers & Counting
深める,ふかめる,"to deepen, to heighten, to intensify",N3,verb,Numbers & Counting
次々,つぎつぎ,"in succession, one by one",N3,noun,Numbers & Counting
徹底,てってい,"thoroughness, completeness",N3,noun,Numbers & Counting
テント,テント,tent,N3,noun,Numbers & Counting
同一,どういつ,"identity, sameness, similarity",N3,noun,Numbers & Counting
内容,ないよう,"subject, contents, detail",N3,noun,Numbers & Counting
半ば,なかば,"middle, halfway",N3,noun,Numbers & Counting
中身,なかみ,content(s); substance,N3,noun,Numbers & Counting
パーセント,パーセント,percent,N3,noun,Numbers & Counting
離れる,はなれる,"(something, someone) separates; parts from; to be apart",N3,noun,Numbers & Counting
一言,ひとこと,one word,N3,noun,Numbers & Counting
独り,ひとり,"alone, unmarried",N3,noun,Numbers & Counting
一人一人,ひとりひとり,"one by one, each",N3,noun,Numbers & Counting
無,ぶ,"nothing, naught, nil, zero",N3,noun,Numbers & Counting
節,ふし,"tune, tone, knob",N3,noun,Numbers & Counting
不平,ふへい,"complaint, discontent, dissatisfaction",N3,noun,Numbers & Counting
不満,ふまん,"dissatisfaction, discontent, complaints",N3,noun,Numbers & Counting
文,ぶん,sentence,N3,noun,Numbers & Counting
自己,じこ,"self, oneself",N3,noun,Numbers & Counting
生涯,しょうがい,one's lifetime,N3,noun,Numbers & Counting
上司,じょうし,one's superior,N3,noun,Numbers & Counting
精算,せいさん,"exact calculation, adjustment",N3,noun,Numbers & Counting
同士,どうし,"one another, companion, comrade",N3,noun,Numbers & Counting
碑,ひ,stone monument bearing an inscription,N3,noun,Numbers & Counting
きつい,きつい,"tight, close, intense",N3,i-adjective,Numbers & Counting
もったいない,もったいない,"wasteful; more than one deserves, unworthy of",N3,i-adjective,Numbers & Counting
激しい,はげしい,"violent, vehement, intense",N3,i-adjective,Numbers & Counting
グランド,グランド,"gland, grand, (electrical) ground",N3,na-adjective,Numbers & Counting
しばしば,しばしば,"often, again and again, frequently",N3,adverb,Numbers & Counting
絶対,ぜったい,"definitely, without fail, absoluteness",N3,adverb,Numbers & Counting
一度に,いちどに,all at once,N3,adverb,Numbers & Counting
一層,いっそう,"much more, still more",N3,adverb,Numbers & Counting
うっかり,うっかり,carelessly; inadvertently,N3,adverb,Numbers & Counting
癖,くせ,"a habit (often a bad habit), peculiarity",N3,adverb,Numbers & Counting
ざっと,ざっと,"roughly, in round numbers",N3,adverb,Numbers & Counting
そのうえ,そのうえ,"in addition, furthermore",N3,adverb,Numbers & Counting
大半,たいはん,"most of, majority, mostly",N3,adverb,Numbers & Counting
たびたび,たびたび,"often, repeatedly, frequently",N3,adverb,Numbers & Counting
常に,つねに,always (same as いつも) (written expression),N3,adverb,Numbers & Counting
何とか,なんとか,"somehow, anyhow, one way or another",N3,adverb,Numbers & Counting
～敗,はい,"counter for loss, defeat",N3,counter,Numbers & Counting
時期,じき,"time, season, period",N3,noun,Time & Dates
時刻,じこく,"time, hour",N3,noun,Time & Dates
実施,じっし,"enforcement, carry out, operation",N3,noun,Time & Dates
週,しゅう,week,N3,noun,Time & Dates
瞬間,しゅんかん,"moment, second",N3,noun,Time & Dates
上,じょう,first volume; superior quality; governmental,N3,noun,Time & Dates
条件,じょうけん,"conditions, terms",N3,noun,Time & Dates
正午,しょうご,"noon, mid-day",N3,noun,Time & Dates
生じる,しょうじる,"to occur, to arise, to be generated",N3,verb,Time & Dates
少々,しょうしょう,a little; short (time) (formal for 少し (すこし)),N3,noun,Time & Dates
少年,しょうねん,"boys, juveniles",N3,noun,Time & Dates
スケジュール,スケジュール,schedule,N3,noun,Time & Dates
ずっと,ずっと,for a long time; all the time; consecutively,N3,noun,Time & Dates
世紀,せいき,century,N3,noun,Time & Dates
生年月日,せいねんがっぴ,birth date,N3,noun,Time & Dates
明かり,あかり,"lamplight, light (in general)",N3,noun,Time & Dates
以前,いぜん,in the past; before,N3,noun,Time & Dates
明ける,あける,"to dawn, to become daylight",N3,verb,Time & Dates
いつか,いつか,"sometime, one day",N3,noun,Time & Dates
一瞬,いっしゅん,"a moment, an instant",N3,noun,Time & Dates
いつのまにか,いつのまにか,before one knows,N3,noun,Time & Dates
今にも,いまにも,"at any time, soon",N3,noun,Time & Dates
運転,うんてん,"operation, driving",N3,noun,Time & Dates
大いに,おおいに,"much, considerably (same as 大変 (たいへん)), greatly",N3,noun,Time & Dates
お昼,おひる,"lunch, noon",N3,noun,Time & Dates
温度,おんど,temperature,N3,noun,Time & Dates
追う,おう,"to chase, to run after",N3,verb,Time & Dates
改善,かいぜん,"betterment, improvement",N3,noun,Time & Dates
学期,がっき,term (school),N3,noun,Time & Dates
上,かみ,first volume; superior quality; governmental,N3,noun,Time & Dates
間隔,かんかく,"space, interval, SPC",N3,noun,Time & Dates
勘定,かんじょう,"calculation, counting, consideration",N3,noun,Time & Dates
期間,きかん,"period, term",N3,noun,Time & Dates
期限,きげん,"deadline, term",N3,noun,Time & Dates
休暇,きゅうか,"vacation, holiday, day off",N3,noun,Time & Dates
関する,かんする,"to concern, to be related",N3,verb,Time & Dates
休憩,きゅうけい,"rest, break, intermission",N3,noun,Time & Dates
協力,きょうりょく,"cooperation, collaboration",N3,noun,Time & Dates
記録,きろく,"record, minutes, document",N3,noun,Time & Dates
近代,きんだい,modern times,N3,noun,Time & Dates
苦痛,くつう,"pain, agony",N3,noun,Time & Dates
暮れ,くれ,"year end,",N3,noun,Time & Dates
結局,けっきょく,"after all, eventually",N3,noun,Time & Dates
決心,けっしん,"determination, resolution",N3,noun,Time & Dates
訳す,やくす,to translate,N3,verb,Time & Dates
決定,けってい,"decision, determination",N3,noun,Time & Dates
現在,げんざい,"now (same as 今 (いま)), present, current",N3,noun,Time & Dates
現代,げんだい,"today, present-day",N3,noun,Time & Dates
検討,けんとう,"consideration, examination, investigation",N3,noun,Time & Dates
後,ご,"afterwards, since then",N3,noun,Time & Dates
考慮,こうりょ,"consideration, taking into account",N3,noun,Time & Dates
今回,こんかい,"now, this time, lately",N3,noun,Time & Dates
今日,こんにち,"today, this day",N3,noun,Time & Dates
分かれる,わかれる,"to branch off, to diverge from",N3,verb,Time & Dates
昨,さく,"last (year), yesterday",N3,noun,Time & Dates
丸,まる,"circle, full (month)",N3,noun,Time & Dates
明後日,みょうごにち,day after tomorrow,N3,noun,Time & Dates
夜,よ,"evening, night",N3,noun,Time & Dates
夜明け,よあけ,"dawn, daybreak",N3,noun,Time & Dates
要するに,ようするに,"in a word, after all, in short …",N3,noun,Time & Dates
曜日,ようび,day of the week,N3,noun,Time & Dates
夜中,よなか,"midnight, dead of night",N3,noun,Time & Dates
分ける,わける,"to divide, to separate",N3,verb,Time & Dates
余分,よぶん,"extra, excess, surplus",N3,noun,Time & Dates
来,らい～,next ~,N3,noun,Time & Dates
協調,きょうちょう,"co-operation, conciliation, harmony",N3,noun,Time & Dates
先日,せんじつ,"the other day, a few days ago",N3,noun,Time & Dates
そのまま,そのまま,"without change, as it is (e.g., now)",N3,noun,Time & Dates
大した,たいした,"significant, great, considerable",N3,noun,Time & Dates
大部分,だいぶぶん,"most part, majority",N3,noun,Time & Dates
ダイヤ,ダイヤ,(railway) schedule; diamond,N3,noun,Time & Dates
溜める,ためる,"to accumulate, to collect",N3,verb,Time & Dates
経つ,たつ,(time) passes,N3,noun,Time & Dates
他人,たにん,"unrelated person, stranger",N3,noun,Time & Dates
中古,ちゅうこ,"used, second-hand",N3,noun,Time & Dates
昼食,ちゅうしょく,lunch (same as 昼ご飯 (ひるごはん)),N3,noun,Time & Dates
長期,ちょうき,long time period,N3,noun,Time & Dates
定期,ていき,fixed term,N3,noun,Time & Dates
デート,デート,date (in the sense of 'social engagement' only),N3,noun,Time & Dates
適度,てきど,moderate,N3,noun,Time & Dates
次ぐ,つぐ,"to rank next to, to come after",N3,verb,Time & Dates
徹夜,てつや,"staying up all night, sleepless night",N3,noun,Time & Dates
塔,とう,"tower, pagoda",N3,noun,Time & Dates
当時,とうじ,"at that time, in those days (same as そのころ)",N3,noun,Time & Dates
同時,どうじ,"simultaneous(ly), same time",N3,noun,Time & Dates
独立,どくりつ,"independence (e.g., Ind. Day), self-support",N3,noun,Time & Dates
年月,としつき,months and years,N3,noun,Time & Dates
年寄,としより,"old people, the aged",N3,noun,Time & Dates
途端,とたん,"just (now, at the moment, etc.)",N3,noun,Time & Dates
繋がる,つながる,"to be connected to, to be related to",N3,verb,Time & Dates
日,にち,day,N3,noun,Time & Dates
日光,にっこう,sunlight,N3,noun,Time & Dates
日中,にっちゅう,"daytime, broad daylight",N3,noun,Time & Dates
日本,にっぽん,Japan,N3,noun,Time & Dates
日本,にほん,Japan,N3,noun,Time & Dates
年間,ねんかん,year,N3,noun,Time & Dates
年月,ねんげつ,months and years,N3,noun,Time & Dates
年代,ねんだい,"age, era, period",N3,noun,Time & Dates
悩む,なやむ,"to agonize, to be troubled",N3,verb,Time & Dates
年齢,ねんれい,"age, years",N3,noun,Time & Dates
後,のち,"afterwards, since then",N3,noun,Time & Dates
針,はり,"needle, hand (e.g., clock)",N3,noun,Time & Dates
反省,はんせい,"reflection, reconsideration, regret",N3,noun,Time & Dates
日付,ひづけ,"date, dating",N3,noun,Time & Dates
秒,びょう,second (60th min),N3,noun,Time & Dates
分,ぶ,"dividing, part",N3,noun,Time & Dates
再び,ふたたび,"again, once more, a second time",N3,noun,Time & Dates
冷やす,ひやす,"to cool, to refrigerate",N3,verb,Time & Dates
部分,ぶぶん,"portion, section, part",N3,noun,Time & Dates
分,ぶん,"dividing, part, segment",N3,noun,Time & Dates
分析,ぶんせき,analysis,N3,noun,Time & Dates
分野,ぶんや,"field, sphere",N3,noun,Time & Dates
平均,へいきん,"equilibrium, balance, average",N3,noun,Time & Dates
成年,せいねん,"majority, adult age",N3,noun,Time & Dates
年鑑,ねんかん,yearbook,N3,noun,Time & Dates
世,よ,"world, society, generation",N3,noun,Time & Dates
触れる,ふれる,"to touch, to feel, to violate",N3,verb,Time & Dates
勢い,いきおい,"force, vigor, momentum",N3,i-adjective,Time & Dates
たまらない,たまらない,"intolerable, unbearable, unendurable",N3,i-adjective,Time & Dates
さて,さて,"well; now (typically used when switching to a new, usually more important topic)",N3,na-adjective,Time & Dates
日常,にちじょう,"ordinary, regular, everyday",N3,na-adjective,Time & Dates
直,じき,"immediately, soon, shortly",N3,adverb,Time & Dates
上等,じょうとう,"first class, very good",N3,adverb,Time & Dates
既に,すでに,already (same as もう),N3,adverb,Time & Dates
いつでも,いつでも,"(at) any time, always",N3,adverb,Time & Dates
今に,いまに,"before long, soon",N3,adverb,Time & Dates
必ずしも,かならずしも,"(not) always, (not) necessarily",N3,adverb,Time & Dates
かなり,かなり,"considerably, fairly, quite",N3,adverb,Time & Dates
今後,こんご,"from now on, hereafter",N3,adverb,Time & Dates
やがて,やがて,"before long, soon, at length",N3,adverb,Time & Dates
依然,いぜん,"still, as yet",N3,adverb,Time & Dates
相当,そうとう,"considerably, fairly; worth ~",N3,adverb,Time & Dates
そのうち,そのうち,"before long, eventually, sooner or later",N3,adverb,Time & Dates
それでも,それでも,"but (still), and yet, nevertheless",N3,adverb,Time & Dates
近頃,ちかごろ,"lately, recently, nowadays",N3,adverb,Time & Dates
なお,なお,"still, yet",N3,adverb,Time & Dates
年中,ねんじゅう,"whole year, always, everyday",N3,adverb,Time & Dates
普段,ふだん,"in everyday situations, usually, ordinarily",N3,adverb,Time & Dates
前もって,まえもって,"in advance, beforehand, previously",N3,adverb,Time & Dates
氏,し,"family name, lineage",N3,noun,Family & Relationships
質,しつ,"quality, nature (of person)",N3,noun,Family & Relationships
児童,じどう,"children, juvenile",N3,noun,Family & Relationships
姉妹,しまい,sisters,N3,noun,Family & Relationships
主婦,しゅふ,housewife,N3,noun,Family & Relationships
親戚,しんせき,relative(s),N3,noun,Family & Relationships
姓,せい,"surname, family name",N3,noun,Family & Relationships
成人,せいじん,adult,N3,noun,Family & Relationships
従兄弟,いとこ,cousin (male),N3,noun,Family & Relationships
従姉妹,いとこ,cousin (female),N3,noun,Family & Relationships
お前,おまえ,"you (sing), presence (of a high personage)",N3,noun,Family & Relationships
係,かかり,person in charge,N3,noun,Family & Relationships
澄む,すむ,"to clear (e.g., weather), to become transparent",N3,verb,Family & Relationships
方々,かたがた,persons,N3,noun,Family & Relationships
個人,こじん,"individual, private person",N3,noun,Family & Relationships
婚約,こんやく,"engagement, betrothal",N3,noun,Family & Relationships
目上,めうえ,person of higher status; one's senior,N3,noun,Family & Relationships
者,もの,person (same as 人 (ひと)),N3,noun,Family & Relationships
嫁,よめ,"bride, daughter-in-law",N3,noun,Family & Relationships
離婚,りこん,divorce,N3,noun,Family & Relationships
老人,ろうじん,"the aged, old person",N3,noun,Family & Relationships
対,たい,"pair, couple, set",N3,noun,Family & Relationships
対照,たいしょう,"contrast, antithesis, comparison",N3,noun,Family & Relationships
父親,ちちおや,father,N3,noun,Family & Relationships
童謡,どうよう,"children's song, nursery rhyme",N3,noun,Family & Relationships
清む,すむ,"to clear (e.g., weather), to become transparent",N3,verb,Family & Relationships
毒,どく,"poison, toxicant",N3,noun,Family & Relationships
人間,にんげん,"human being, person",N3,noun,Family & Relationships
破産,はさん,(personal) bankruptcy,N3,noun,Family & Relationships
母親,ははおや,mother,N3,noun,Family & Relationships
比較,ひかく,comparison,N3,noun,Family & Relationships
夫婦,ふうふ,"married couple, husband and wife",N3,noun,Family & Relationships
夫人,ふじん,"wife, Mrs, madam",N3,noun,Family & Relationships
双子,ふたご,"twins, a twin",N3,noun,Family & Relationships
迷子,まいご,lost (stray) child,N3,noun,Family & Relationships
私用,しよう,"personal use, private business",N3,noun,Family & Relationships
対,つい,"pair, couple, set",N3,noun,Family & Relationships
幼い,おさない,"very young, childish",N3,i-adjective,Family & Relationships
訴える,うったえる,"to complain, to appeal, to sue (a person)",N3,verb,Family & Relationships
ちょうだい,ちょうだい,-- colloquial form of ください; typically used by children or women --,N3,i-adjective,Family & Relationships
美人,びじん,beautiful person (woman),N3,na-adjective,Family & Relationships
孫,まご,grandchild,N3,na-adjective,Family & Relationships
舌,した,tongue,N3,noun,Body & Health
指導,しどう,"leadership, guidance, coaching",N3,noun,Body & Health
冷める,さめる,"to become cool, to wear off",N3,verb,Body & Health
手術,しゅじゅつ,surgical operation,N3,noun,Body & Health
首相,しゅしょう,Prime Minister,N3,noun,Body & Health
暖まる,あたたまる,to warm up,N3,verb,Body & Health
手段,しゅだん,"means, way, measure",N3,noun,Body & Health
症状,しょうじょう,"symptoms, condition",N3,noun,Body & Health
温める,あたためる,"to warm, to heat",N3,verb,Body & Health
商品,しょうひん,"commodity, merchandise",N3,noun,Body & Health
処理,しょり,"processing, treatment, disposition",N3,noun,Body & Health
扱う,あつかう,"to treat, to handle, to deal with",N3,verb,Body & Health
診察,しんさつ,medical examination (of a patient),N3,noun,Body & Health
心臓,しんぞう,heart,N3,noun,Body & Health
現す,あらわす,"to show, to appear, to reveal",N3,verb,Body & Health
身体,しんたい,the body,N3,noun,Body & Health
身長,しんちょう,"height (of body), stature",N3,noun,Body & Health
現れる,あらわれる,"to appear (v.i.), to become visible; to express",N3,verb,Body & Health
スイッチ,スイッチ,switch,N3,noun,Body & Health
筋,すじ,"muscle, string, line",N3,noun,Body & Health
描く,えがく,"to draw, to depict, to describe",N3,verb,Body & Health
頭痛,ずつう,headache,N3,noun,Body & Health
生,せい,birth,N3,noun,Body & Health
得る,える,"to get, to gain, to win, to learn",N3,verb,Body & Health
生物,せいぶつ,"living thing, organism",N3,noun,Body & Health
咳,せき,cough,N3,noun,Body & Health
恐れる,おそれる,"to fear, to be afraid of",N3,verb,Body & Health
相手,あいて,partner; addressee; the person you are talking to,N3,noun,Body & Health
握手,あくしゅ,handshake,N3,noun,Body & Health
描く,かく,"to draw, to depict, to describe",N3,verb,Body & Health
辺り,あたり,"vicinity, nearby",N3,noun,Body & Health
暗記,あんき,"memorization, learning by heart",N3,noun,Body & Health
稼ぐ,かせぐ,"to earn income, to labor",N3,verb,Body & Health
胃,い,stomach,N3,noun,Body & Health
息,いき,breath,N3,noun,Body & Health
被る,かぶる,to wear; to be covered with,N3,verb,Body & Health
医師,いし,"doctor, physician",N3,noun,Body & Health
意志,いし,"will, volition",N3,noun,Body & Health
こぼす,こぼす,to spill,N3,verb,Body & Health
痛み,いたみ,"pain, ache, sore",N3,noun,Body & Health
一体,いったい,one object; body; what on earth?; generally,N3,noun,Body & Health
こぼれる,こぼれる,"to overflow, to spill",N3,verb,Body & Health
医療,いりょう,"medical care, medical treatment",N3,noun,Body & Health
上,うわ,"upper, outer, surface",N3,noun,Body & Health
殺す,ころす,to kill,N3,verb,Body & Health
生まれ,うまれ,"birth, birth-place",N3,noun,Body & Health
柄,え,"handle (of a sword, dagger, etc.), grip",N3,noun,Body & Health
裂く,さく,"to tear, to split",N3,verb,Body & Health
笑顔,えがお,smile (on one's face),N3,noun,Body & Health
丘,おか,"hill, height",N3,noun,Body & Health
避ける,さける,"to avoid (physical contact); to ward off, to avert",N3,verb,Body & Health
お目に掛かる,おめにかかる,"meet ~, see ~",N3,noun,Body & Health
温暖,おんだん,warmth,N3,noun,Body & Health
指す,さす,"to point,",N3,verb,Body & Health
害,がい,"harm, damage",N3,noun,Body & Health
会員,かいいん,"member, the membership",N3,noun,Body & Health
診る,みる,to examine (a patient),N3,verb,Body & Health
額,がく,amount; frame,N3,noun,Body & Health
肩,かた,shoulder,N3,noun,Body & Health
向く,むく,to face,N3,verb,Body & Health
がっかり,がっかり,"feel disappointed, be dejected, lose heart",N3,noun,Body & Health
髪の毛,かみのけ,hair (head),N3,noun,Body & Health
剥く,むく,"to peel, to skin",N3,verb,Body & Health
皮,かわ,"skin, hide, leather",N3,noun,Body & Health
患者,かんじゃ,patient,N3,noun,Body & Health
燃える,もえる,to burn,N3,verb,Body & Health
機械,きかい,"machine, machinery",N3,noun,Body & Health
機関,きかん,"engine; institution, organization",N3,noun,Body & Health
燃やす,もやす,to burn,N3,verb,Body & Health
傷,きず,"wound, injury, hurt",N3,noun,Body & Health
気体,きたい,"vapor, gas",N3,noun,Body & Health
破れる,やぶれる,"to get torn, to wear out",N3,verb,Body & Health
議長,ぎちょう,chairman,N3,noun,Body & Health
記入,きにゅう,"entry, filling in of forms",N3,noun,Body & Health
譲る,ゆずる,"to turn over, to assign, to hand over",N3,verb,Body & Health
寄付,きふ,"contribution, donation",N3,noun,Body & Health
具体,ぐたい,"concrete, tangible, material",N3,noun,Body & Health
横切る,よこぎる,"to cross (e.g., arms), to traverse",N3,verb,Body & Health
苦労,くろう,hardship; suffering,N3,noun,Body & Health
訓,くん,native Japanese reading of a Chinese character,N3,noun,Body & Health
埋まる,うまる,"to be buried, to be filled",N3,verb,Body & Health
血液,けつえき,blood,N3,noun,Body & Health
健康,けんこう,health(y),N3,noun,Body & Health
産む,うむ,"to give birth (v.t.), to deliver, to produce",N3,verb,Body & Health
権利,けんり,"right, privilege",N3,noun,Body & Health
恋人,こいびと,lover; sweetheart; girlfriend,N3,noun,Body & Health
負う,おう,"to bear, to owe",N3,verb,Body & Health
貢献,こうけん,"contribution, services",N3,noun,Body & Health
高速,こうそく,"high speed, high gear",N3,noun,Body & Health
対する,たいする,"to face, to confront, to oppose",N3,verb,Body & Health
呼吸,こきゅう,"breath, respiration",N3,noun,Body & Health
腰,こし,"hip, waist",N3,noun,Body & Health
焚く,たく,"to burn, to kindle, to build a fire",N3,verb,Body & Health
骨折,こっせつ,bone fracture,N3,noun,Body & Health
札,さつ,"bill, note",N3,noun,Body & Health
散らす,ちらす,"to scatter, to disperse, to distribute",N3,verb,Body & Health
満足,まんぞく,satisfaction,N3,noun,Body & Health
身,み,"body, main part",N3,noun,Body & Health
着ける,つける,"to put on, to wear; to draw up",N3,verb,Body & Health
魅力,みりょく,"charm, fascination, appeal",N3,noun,Body & Health
虫歯,むしば,"cavity, tooth decay",N3,noun,Body & Health
伝わる,つたわる,"to be handed down, to be transmitted",N3,verb,Body & Health
胸,むね,"breast, chest",N3,noun,Body & Health
明確,めいかく,"clear, definite",N3,noun,Body & Health
溶く,とく,to dissolve (paint),N3,verb,Body & Health
面,めん,"face, mug, surface, side or facet, corner, page",N3,noun,Body & Health
目的,もくてき,"purpose, goal, aim",N3,noun,Body & Health
退く,どく,"to retreat, to recede, to withdraw",N3,verb,Body & Health
目標,もくひょう,"mark, objective, target",N3,noun,Body & Health
物語,ものがたり,"tale, story, legend",N3,noun,Body & Health
流す,ながす,"to drain, to float, to shed (e.g., blood, tears)",N3,verb,Body & Health
友好,ゆうこう,friendship,N3,noun,Body & Health
優秀,ゆうしゅう,"superiority, excellence",N3,noun,Body & Health
生る,なる,to bear fruit,N3,verb,Body & Health
友情,ゆうじょう,"friendship, fellowship",N3,noun,Body & Health
様子,ようす,"aspect, state, appearance",N3,noun,Body & Health
載る,のる,"to appear (in print), to be recorded",N3,verb,Body & Health
利口,りこう,"clever, shrewd, bright",N3,noun,Body & Health
わがまま,わがまま,"selfishness, egoism, willfulness",N3,noun,Body & Health
生える,はえる,"to grow, to spring up; to cut (teeth)",N3,verb,Body & Health
悪口,わるくち,"abuse, insult",N3,noun,Body & Health
当り,あたり,"hit, success, reaching the mark",N3,noun,Body & Health
吐く,はく,"to throw up, to vomit",N3,verb,Body & Health
意,い,will,N3,noun,Body & Health
医院,いいん,"doctor's office (surgery), clinic",N3,noun,Body & Health
外れる,はずれる,"to be disconnected, to be out (e.g., of gear)",N3,verb,Body & Health
教え,おしえ,"teachings, doctrine",N3,noun,Body & Health
癌,がん,cancer,N3,noun,Body & Health
裂ける,さける,"to split, to tear, to burst",N3,verb,Body & Health
器官,きかん,"organ (of body, instrument)",N3,noun,Body & Health
機構,きこう,"mechanism, organization",N3,noun,Body & Health
生やす,はやす,"to grow, to cultivate, to wear beard",N3,verb,Body & Health
丘陵,きゅうりょう,hill,N3,noun,Body & Health
近視,きんし,nearsightedness,N3,noun,Body & Health
血管,けっかん,blood vessel,N3,noun,Body & Health
全身,ぜんしん,"the whole body, full-length (portrait)",N3,noun,Body & Health
全体,ぜんたい,"whole, entirety, whatever (is the matter)",N3,noun,Body & Health
体育,たいいく,"physical education, gymnastics, athletics",N3,noun,Body & Health
体温,たいおん,temperature (body),N3,noun,Body & Health
体重,たいじゅう,(body) weight,N3,noun,Body & Health
代表,だいひょう,"representative, delegation",N3,noun,Body & Health
タオル,タオル,(hand) towel,N3,noun,Body & Health
足袋,たび,Japanese socks (with split toe),N3,noun,Body & Health
偶々,たまたま,"unexpectedly, accidentally, by chance",N3,noun,Body & Health
誕生,たんじょう,birth,N3,noun,Body & Health
団体,だんたい,"organization, association",N3,noun,Body & Health
地,ち,earth,N3,noun,Body & Health
地球,ちきゅう,the earth,N3,noun,Body & Health
知能,ちのう,"intelligence, brains",N3,noun,Body & Health
直接,ちょくせつ,"direct, immediate, firsthand",N3,noun,Body & Health
疲れ,つかれ,"tiredness, fatigue",N3,noun,Body & Health
手品,てじな,"conjuring trick, magic",N3,noun,Body & Health
手間,てま,"time, labor",N3,noun,Body & Health
涙,なみだ,tear,N3,noun,Body & Health
熱帯,ねったい,tropics,N3,noun,Body & Health
熱中,ねっちゅう,"enthusiasm, zeal, mania",N3,noun,Body & Health
農民,のうみん,"farmers, peasants",N3,noun,Body & Health
博士,はかせ,"doctorate, PhD., doctor",N3,noun,Body & Health
拍手,はくしゅ,"clapping hands, applause",N3,noun,Body & Health
肌,はだ,skin,N3,noun,Body & Health
派手,はで,"showy, flashy, gaudy",N3,noun,Body & Health
腹,はら,"abdomen, belly, stomach",N3,noun,Body & Health
ハンサム,ハンサム,handsome,N3,noun,Body & Health
膝,ひざ,"knee, lap",N3,noun,Body & Health
額,ひたい,"forehead, brow",N3,noun,Body & Health
表面,ひょうめん,"surface, outside, face",N3,noun,Body & Health
品,ひん,"goods; taste, elegance",N3,noun,Body & Health
笛,ふえ,"flute, whistle",N3,noun,Body & Health
武器,ぶき,"weapon, arms",N3,noun,Body & Health
不足,ふそく,"insufficiency, shortage",N3,noun,Body & Health
ペンキ,ペンキ,paint,N3,noun,Body & Health
骨,ほね,bone,N3,noun,Body & Health
頬,ほほ,cheek (of face),N3,noun,Body & Health
頬,ほお,cheek (of face),N3,noun,Body & Health
指揮,しき,"command, direction",N3,noun,Body & Health
磁器,じき,"porcelain, china",N3,noun,Body & Health
字体,じたい,"font, lettering",N3,noun,Body & Health
正体,しょうたい,"natural shape, one's true colors, true character",N3,noun,Body & Health
照明,しょうめい,illumination,N3,noun,Body & Health
水洗,すいせん,flushing,N3,noun,Body & Health
正規,せいき,"regular, legitimate",N3,noun,Body & Health
捜査,そうさ,"search (esp. in criminal investigations, investigation)",N3,noun,Body & Health
治療,ちりょう,medical treatment,N3,noun,Body & Health
動揺,どうよう,"disturbance, flutter shock",N3,noun,Body & Health
難,なん,"difficulty, hardships, defect",N3,noun,Body & Health
脳,のう,"brain, memory",N3,noun,Body & Health
股,また,"thigh, crotch",N3,noun,Body & Health
有機,ゆうき,organic,N3,noun,Body & Health
温かい,あたたかい,warm,N3,i-adjective,Body & Health
恐ろしい,おそろしい,"terrible, dreadful",N3,i-adjective,Body & Health
かゆい,かゆい,"itchy, itching",N3,i-adjective,Body & Health
苦しい,くるしい,tough; physically strenuous,N3,i-adjective,Body & Health
辛い,つらい,"painful, heart-breaking",N3,i-adjective,Body & Health
じっと,じっと,"patiently, quietly",N3,na-adjective,Body & Health
重体,じゅうたい,"seriously ill, critical state",N3,na-adjective,Body & Health
真剣,しんけん,"seriousness, earnestness",N3,na-adjective,Body & Health
明らか,あきらか,"obvious, clear",N3,na-adjective,Body & Health
器用,きよう,"skillful, handy",N3,na-adjective,Body & Health
能,のう,"being skilled in, nicely, properly",N3,na-adjective,Body & Health
回復,かいふく,"recovery (from illness), rehabilitation, restoration",N3,adverb,Body & Health
配達,はいたつ,"delivery, distribution",N3,adverb,Body & Health
ふと,ふと,"suddenly, accidentally, incidentally",N3,adverb,Body & Health
肺,はい,lung,N3,expression,Body & Health
皿,さら,"plate, dish",N3,noun,Food & Cooking
資源,しげん,resources,N3,noun,Food & Cooking
死亡,しぼう,death,N3,noun,Food & Cooking
揚げる,あげる,"to lift, to fry",N3,verb,Food & Cooking
下,しも,"under, below, beneath",N3,noun,Food & Cooking
ジュース,ジュース,"juice, soft drink; deuce",N3,noun,Food & Cooking
食品,しょくひん,foodstuff,N3,noun,Food & Cooking
渇く,かわく,to be thirsty,N3,verb,Food & Cooking
食物,しょくもつ,"food, foodstuff",N3,noun,Food & Cooking
食欲,しょくよく,appetite (for food),N3,noun,Food & Cooking
食料,しょくりょう,food,N3,noun,Food & Cooking
酌む,くむ,to serve sake,N3,verb,Food & Cooking
人生,じんせい,"(human) life (e.g., conception to death)",N3,noun,Food & Cooking
酢,す,vinegar,N3,noun,Food & Cooking
スープ,スープ,(Western) soup,N3,noun,Food & Cooking
繰り返す,くりかえす,"to repeat, to do something over again",N3,verb,Food & Cooking
すてき,すてき,"lovely, great",N3,noun,Food & Cooking
アイスクリーム,アイスクリーム,ice cream,N3,noun,Food & Cooking
汗,あせ,"sweat, perspiration",N3,noun,Food & Cooking
蒸す,むす,"to steam, to poultice, to be sultry",N3,verb,Food & Cooking
油,あぶら,oil,N3,noun,Food & Cooking
生き物,いきもの,"living thing, creature",N3,noun,Food & Cooking
偉大,いだい,greatness,N3,noun,Food & Cooking
破る,やぶる,to tear; to violate; to defeat,N3,verb,Food & Cooking
稲,いね,rice-plant,N3,noun,Food & Cooking
魚,うお,fish,N3,noun,Food & Cooking
栄養,えいよう,"nutrition, nourishment",N3,noun,Food & Cooking
茹でる,ゆでる,to boil,N3,verb,Food & Cooking
貝,かい,"shell, shellfish",N3,noun,Food & Cooking
価格,かかく,"price, value",N3,noun,Food & Cooking
菓子,かし,"confectionery, sweet",N3,noun,Food & Cooking
湧く,わく,"to boil, to grow hot",N3,verb,Food & Cooking
革,かわ,leather,N3,noun,Food & Cooking
気味,きみ,"-like, -looking, -looked",N3,noun,Food & Cooking
筋肉,きんにく,"muscle, sinews",N3,noun,Food & Cooking
傷める,いためる,"to damage, to impair, to spoil",N3,verb,Food & Cooking
食う,くう,(male) (vulg.) to eat,N3,noun,Food & Cooking
組,くみ,"class, team, set",N3,noun,Food & Cooking
グラス,グラス,glass; grass,N3,noun,Food & Cooking
炒める,いためる,to stir-fry,N3,verb,Food & Cooking
クリーム,クリーム,cream,N3,noun,Food & Cooking
下,げ,"under, below, beneath",N3,noun,Food & Cooking
高価,こうか,high price,N3,noun,Food & Cooking
倒す,たおす,"to throw down, to beat",N3,verb,Food & Cooking
穀物,こくもつ,"grain, cereal, corn",N3,noun,Food & Cooking
胡椒,こしょう,pepper,N3,noun,Food & Cooking
好み,このみ,"liking, taste, choice",N3,noun,Food & Cooking
炊く,たく,"to boil, to cook",N3,verb,Food & Cooking
小麦,こむぎ,wheat,N3,noun,Food & Cooking
酒,さけ,"alcohol, sake",N3,noun,Food & Cooking
座席,ざせき,seat,N3,noun,Food & Cooking
叩く,たたく,"to strike, to beat",N3,verb,Food & Cooking
さっぱり,さっぱり,"feeling refreshed, neat",N3,noun,Food & Cooking
実,み,"fruit, seed, good result",N3,noun,Food & Cooking
ミルク,ミルク,milk,N3,noun,Food & Cooking
騙す,だます,"to trick, to cheat, to deceive",N3,verb,Food & Cooking
飯,めし,"meals, food",N3,noun,Food & Cooking
ワイン,ワイン,wine,N3,noun,Food & Cooking
椀,わん,bowl,N3,noun,Food & Cooking
煮える,にえる,"to boil, to cook, to be cooked",N3,verb,Food & Cooking
碗,わん,bowl,N3,noun,Food & Cooking
意地,いじ,"disposition, spirit, obstinacy, appetite",N3,noun,Food & Cooking
加味,かみ,"seasoning, flavoring",N3,noun,Food & Cooking
煮る,にる,"to boil, to cook",N3,verb,Food & Cooking
蕎麦,そば,soba (buckwheat noodles),N3,noun,Food & Cooking
田,た,rice field,N3,noun,Food & Cooking
大,だい,"big, great",N3,noun,Food & Cooking
巻く,まく,"to wind, to coil, to roll",N3,verb,Food & Cooking
大戦,たいせん,"great war, great battle",N3,noun,Food & Cooking
チーズ,チーズ,cheese,N3,noun,Food & Cooking
チーム,チーム,team,N3,noun,Food & Cooking
混ぜる,まぜる,"to mix, to stir",N3,verb,Food & Cooking
茶,ちゃ,tea,N3,noun,Food & Cooking
釣,つり,fishing,N3,noun,Food & Cooking
天候,てんこう,weather,N3,noun,Food & Cooking
特徴,とくちょう,characteristic(s); feature(s); trait(s),N3,noun,Food & Cooking
努力,どりょく,"great effort, exertion, endeavor",N3,noun,Food & Cooking
中味,なかみ,"contents, interior, filling",N3,noun,Food & Cooking
鍋,なべ,"saucepan, pot",N3,noun,Food & Cooking
にっこり,にっこり,"smile sweetly, smile, grin",N3,noun,Food & Cooking
羽根,はね,feather,N3,noun,Food & Cooking
幅,はば,"width, breadth",N3,noun,Food & Cooking
ビール,ビール,beer,N3,noun,Food & Cooking
舞台,ぶたい,stage (theater),N3,noun,Food & Cooking
物価,ぶっか,(commodity/consumer) prices,N3,noun,Food & Cooking
弁当,べんとう,box lunch,N3,noun,Food & Cooking
ボール,ボール,ball; bowl,N3,noun,Food & Cooking
負け,まけ,"defeat, loss",N3,noun,Food & Cooking
死,し,"death, decease",N3,noun,Food & Cooking
膳,ぜん,"(small) table, tray, meal",N3,noun,Food & Cooking
創造,そうぞう,creation,N3,noun,Food & Cooking
デザート,デザート,dessert,N3,noun,Food & Cooking
すっぱい,すっぱい,"sour, acid",N3,i-adjective,Food & Cooking
可愛らしい,かわいらしい,"lovely, sweet",N3,i-adjective,Food & Cooking
並,なみ,"medium (e.g., food serving size, quality, price, etc.), ordinary",N3,na-adjective,Food & Cooking
しきりに,しきりに,"frequently, repeatedly, eagerly",N3,adverb,Food & Cooking
寧ろ,むしろ,"rather, better, instead",N3,adverb,Food & Cooking
ぴったり,ぴったり,"exactly, neatly, sharp",N3,adverb,Food & Cooking
住民,じゅうみん,"inhabitants, residents",N3,noun,Home & Daily Life
証明,しょうめい,"proof, verification",N3,noun,Home & Daily Life
ずれる,ずれる,"move, off the point",N3,noun,Home & Daily Life
移動,いどう,"migration, movement",N3,noun,Home & Daily Life
居間,いま,living room,N3,noun,Home & Daily Life
大家,おおや,landlord,N3,noun,Home & Daily Life
画家,がか,painter,N3,noun,Home & Daily Life
家具,かぐ,furniture,N3,noun,Home & Daily Life
家事,かじ,household matters; housework (same as 家の仕事 (いえのしごと)),N3,noun,Home & Daily Life
区別,くべつ,"distinction, differentiation, classification",N3,noun,Home & Daily Life
劇場,げきじょう,"theater, playhouse",N3,noun,Home & Daily Life
校舎,こうしゃ,school building,N3,noun,Home & Daily Life
故郷,こきょう,hometown,N3,noun,Home & Daily Life
塵,ごみ,"garbage, litter",N3,noun,Home & Daily Life
差別,さべつ,"discrimination, differentiation",N3,noun,Home & Daily Life
毛布,もうふ,blanket,N3,noun,Home & Daily Life
家賃,やちん,rent,N3,noun,Home & Daily Life
屋根,やね,roof,N3,noun,Home & Daily Life
床,ゆか,floor,N3,noun,Home & Daily Life
ロケット,ロケット,"locket, rocket",N3,noun,Home & Daily Life
宅,たく,"house, home",N3,noun,Home & Daily Life
段,だん,"step, stair, grade",N3,noun,Home & Daily Life
停電,ていでん,failure of electricity,N3,noun,Home & Daily Life
流れ,ながれ,"stream, current",N3,noun,Home & Daily Life
入場,にゅうじょう,"entrance, admission, entering",N3,noun,Home & Daily Life
農家,のうか,"farmer, farm family",N3,noun,Home & Daily Life
引越し,ひっこし,"moving, changing residence",N3,noun,Home & Daily Life
不通,ふつう,"blockade, interruption, stoppage",N3,noun,Home & Daily Life
塀,へい,"wall, fence",N3,noun,Home & Daily Life
ホーム,ホーム,platform; home,N3,noun,Home & Daily Life
間,ま,"space, room, pause",N3,noun,Home & Daily Life
幕,まく,"curtain, act (in play)",N3,noun,Home & Daily Life
柵,さく,"fence, paling",N3,noun,Home & Daily Life
住,じゅう,"dwelling, living",N3,noun,Home & Daily Life
棟,とう,ridge (of roof,N3,noun,Home & Daily Life
動かす,うごかす,"to move, to shift",N3,verb,Home & Daily Life
大人しい,おとなしい,"obedient, docile, quiet",N3,i-adjective,Home & Daily Life
ジーンズ,ジーンズ,jeans,N3,noun,Clothing & Accessories
収穫,しゅうかく,"harvest, crop, ingathering",N3,noun,Clothing & Accessories
しゃべる,しゃべる,"to talk, to chat, to chatter (same as 話す (はなす))",N3,verb,Clothing & Accessories
すなわち,すなわち,"that is, namely, e.g.",N3,noun,Clothing & Accessories
泉,いずみ,"spring, fountain",N3,noun,Clothing & Accessories
嫌う,きらう,"to hate, to dislike, to loathe",N3,verb,Clothing & Accessories
違反,いはん,"violation (of law), infringement",N3,noun,Clothing & Accessories
衣服,いふく,clothes,N3,noun,Clothing & Accessories
結ぶ,むすぶ,"to tie, to bind, to link",N3,verb,Clothing & Accessories
演説,えんぜつ,"speech, address",N3,noun,Clothing & Accessories
お洒落,おしゃれ,"smartly dressed, fashion-conscious",N3,noun,Clothing & Accessories
宛てる,あてる,"to address, to put",N3,verb,Clothing & Accessories
お喋り,おしゃべり,"chattering, talk",N3,noun,Clothing & Accessories
柄,がら,pattern; build; character,N3,noun,Clothing & Accessories
備える,そなえる,"to prepare, to furnish, to store",N3,verb,Clothing & Accessories
生地,きじ,fabric; dough,N3,noun,Clothing & Accessories
切れ,きれ,"cloth, piece, cut",N3,noun,Clothing & Accessories
具える,そなえる,to be furnished with,N3,verb,Clothing & Accessories
克服,こくふく,"conquest, overcome",N3,noun,Clothing & Accessories
綿,めん,cotton,N3,noun,Clothing & Accessories
畳む,たたむ,to fold (clothes),N3,verb,Clothing & Accessories
やや,やや,"a little, partially, somewhat",N3,noun,Clothing & Accessories
流行,りゅうこう,"fashionable, fad, prevailing",N3,noun,Clothing & Accessories
解ける,とける,"to come untied, to come apart",N3,verb,Clothing & Accessories
輪,わ,"ring, hoop, circle",N3,noun,Clothing & Accessories
綿,わた,cotton,N3,noun,Clothing & Accessories
鳴らす,ならす,"to ring, to sound",N3,verb,Clothing & Accessories
衣料,いりょう,clothing,N3,noun,Clothing & Accessories
作,さく,"a work, a harvest",N3,noun,Clothing & Accessories
似合う,にあう,"to suit (a person), to match (clothing), (something) becomes (someone)",N3,verb,Clothing & Accessories
設備,せつび,"equipment, device, facilities",N3,noun,Clothing & Accessories
袖,そで,sleeve,N3,noun,Clothing & Accessories
流行る,はやる,"to be popular, to come into fashion",N3,verb,Clothing & Accessories
退屈,たいくつ,"tedium, boring",N3,noun,Clothing & Accessories
調査,ちょうさ,survey; investigation,N3,noun,Clothing & Accessories
共に,ともに,"sharing with, participate in",N3,noun,Clothing & Accessories
ドレス,ドレス,dress,N3,noun,Clothing & Accessories
何で,なんで,"Why, What for",N3,noun,Clothing & Accessories
布,ぬの,cloth,N3,noun,Clothing & Accessories
発射,はっしゃ,"firing, shooting, discharge",N3,noun,Clothing & Accessories
紐,ひも,"string, cord",N3,noun,Clothing & Accessories
服装,ふくそう,"clothes, attire",N3,noun,Clothing & Accessories
ベルト,ベルト,Belt for western clothes,N3,noun,Clothing & Accessories
資格,しかく,"qualifications, requirements, capabilities",N3,noun,Clothing & Accessories
更に,さらに,"furthermore, moreover",N3,adverb,Clothing & Accessories
しかも,しかも,"moreover, furthermore, besides, plus",N3,adverb,Clothing & Accessories
支出,ししゅつ,"expenditure, expenses",N3,noun,School & Education
消費,しょうひ,"consumption, expenditure",N3,noun,School & Education
書斎,しょさい,"study, den",N3,noun,School & Education
進学,しんがく,going on to university,N3,noun,School & Education
起こる,おこる,"to occur, to happen",N3,verb,School & Education
信用,しんよう,"confidence, dependence",N3,noun,School & Education
成績,せいせき,"grade (i.e., on a test), academic record",N3,noun,School & Education
依頼,いらい,request; dependence,N3,noun,School & Education
沖,おき,open sea,N3,noun,School & Education
加える,くわえる,"to append, to sum up, to add (up)",N3,verb,School & Education
外交,がいこう,diplomacy,N3,noun,School & Education
学習,がくしゅう,"study, learning",N3,noun,School & Education
学問,がくもん,"scholarship, study, learning",N3,noun,School & Education
課程,かてい,"course, curriculum",N3,noun,School & Education
試す,ためす,"to attempt, to test",N3,verb,School & Education
科目,かもく,"(school) subject, curriculum, course",N3,noun,School & Education
級,きゅう,"class, grade, rank",N3,noun,School & Education
教科書,きょうかしょ,textbook,N3,noun,School & Education
教授,きょうじゅ,"teaching, instruction; professor",N3,noun,School & Education
頼る,たよる,"to rely on, to have recourse to, to depend on",N3,verb,School & Education
位,くらい,"grade, rank, about",N3,noun,School & Education
クラシック,クラシック,classic(s),N3,noun,School & Education
検査,けんさ,"inspection, examination",N3,noun,School & Education
講演,こうえん,"lecture, talk",N3,noun,School & Education
就く,つく,"to settle in (place), to take (seat position), to study (under teacher)",N3,verb,School & Education
合格,ごうかく,"success, passing (e.g., exam)",N3,noun,School & Education
語学,ごがく,language study,N3,noun,School & Education
留学,りゅうがく,studying abroad,N3,noun,School & Education
寮,りょう,"hostel, dormitory",N3,noun,School & Education
罰する,ばっする,"to punish, to penalize",N3,verb,School & Education
話題,わだい,"topic, subject",N3,noun,School & Education
課題,かだい,"subject, theme, task",N3,noun,School & Education
経緯,けいい,"sequence of events, course",N3,noun,School & Education
後悔,こうかい,"regret, repentance",N3,noun,School & Education
深まる,ふかまる,to deepen,N3,verb,School & Education
ことによると,ことによると,(depending on the circumstances),N3,noun,School & Education
コンテスト,コンテスト,contest,N3,noun,School & Education
題,だい,"title, subject, theme",N3,noun,School & Education
対象,たいしょう,"target; object (of worship, study, etc.); subject (i.e., of taxation)",N3,noun,School & Education
学ぶ,まなぶ,to learn; to study,N3,verb,School & Education
試し,ためし,"trial, test",N3,noun,School & Education
単位,たんい,"credit (for a course in school); unit, denomination",N3,noun,School & Education
中学,ちゅうがく,"middle school, junior high school",N3,noun,School & Education
中止,ちゅうし,"suspension, stoppage, discontinuance",N3,noun,School & Education
見掛ける,みかける,"to (happen to see), to notice, to catch sight of",N3,verb,School & Education
通学,つうがく,commuting to school,N3,noun,School & Education
出,で,"outflow, coming (going) out, graduate (of)",N3,noun,School & Education
出来事,できごと,"incident happening, event",N3,noun,School & Education
答案,とうあん,"examination paper, examination script",N3,noun,School & Education
方向,ほうこう,"direction, course, way",N3,noun,School & Education
退学,たいがく,dropping out of school,N3,noun,School & Education
例え,たとえ,example; even though,N3,noun,School & Education
転校,てんこう,change schools,N3,noun,School & Education
補償,ほしょう,"compensation, reparation",N3,noun,School & Education
優,ゆう,"superiority, high grade",N3,noun,School & Education
専攻,せんこう,"major subject, special study",N3,na-adjective,School & Education
失業,しつぎょう,unemployment,N3,noun,Work & Career
実験,じっけん,lab work; experiment,N3,noun,Work & Career
就職,しゅうしょく,finding employment,N3,noun,Work & Career
使用,しよう,"use (same as 使うこと (つかうこと)), application, employment, utilization",N3,noun,Work & Career
商人,しょうにん,"trader, shopkeeper, merchant",N3,noun,Work & Career
商売,しょうばい,"trade, business, commerce",N3,noun,Work & Career
消防,しょうぼう,"fire fighting, fire department",N3,noun,Work & Career
映す,うつす,"to project, to reflect, to cast (shadow)",N3,verb,Work & Career
職,しょく,employment,N3,noun,Work & Career
職業,しょくぎょう,"occupation, business",N3,noun,Work & Career
人工,じんこう,"artificial, man made, human work,",N3,noun,Work & Career
製造,せいぞう,"manufacture, production",N3,noun,Work & Career
製品,せいひん,"manufactured goods, finished goods",N3,noun,Work & Career
引退,いんたい,retirement,N3,noun,Work & Career
営業,えいぎょう,"business, trade, management",N3,noun,Work & Career
写る,うつる,"to be photographed, to be projected",N3,verb,Work & Career
オフィス,オフィス,office,N3,noun,Work & Career
課,か,"department, division",N3,noun,Work & Career
会合,かいごう,"meeting, assembly",N3,noun,Work & Career
覚悟,かくご,"resolution, resignation, readiness",N3,noun,Work & Career
確認,かくにん,"affirmation, confirmation",N3,noun,Work & Career
仮定,かてい,"assumption, supposition, hypothesis",N3,noun,Work & Career
管理,かんり,"control, management (e.g., of a business)",N3,noun,Work & Career
雇う,やとう,"to employ, to hire",N3,verb,Work & Career
企業,きぎょう,"industry, business, undertaking",N3,noun,Work & Career
技師,ぎし,"engineer, technician",N3,noun,Work & Career
給料,きゅうりょう,"salary, wages",N3,noun,Work & Career
局,きょく,"office, bureau, station(TV, radio)",N3,noun,Work & Career
景気,けいき,"condition, state, business (condition)",N3,noun,Work & Career
工場,こうば,"factory, plant",N3,noun,Work & Career
作業,さぎょう,"work, operation, manufacturing",N3,noun,Work & Career
辞める,やめる,to retire,N3,verb,Work & Career
作品,さくひん,"work, opus, production",N3,noun,Work & Career
作曲,さっきょく,composition (of music),N3,noun,Work & Career
名刺,めいし,(name) card; business card,N3,noun,Work & Career
労働,ろうどう,"labor, work",N3,noun,Work & Career
大会,たいかい,"convention, (big) tournament, mass meeting",N3,noun,Work & Career
通勤,つうきん,commuting to work,N3,noun,Work & Career
勤め,つとめ,"work, employment",N3,noun,Work & Career
付合う,つきあう,"to associate with, to keep company with, to get on with",N3,verb,Work & Career
務め,つとめ,duty,N3,noun,Work & Career
連れ,つれ,"companion, company",N3,noun,Work & Career
提案,ていあん,"proposal, proposition, suggestion",N3,noun,Work & Career
抵抗,ていこう,"resistance, opposition",N3,noun,Work & Career
同僚,どうりょう,colleague; co-worker,N3,noun,Work & Career
働き,はたらき,"work, labor",N3,noun,Work & Career
反抗,はんこう,"opposition, resistance",N3,noun,Work & Career
添う,そう,"to accompany, to comply with",N3,verb,Work & Career
プロ,プロ,professional,N3,noun,Work & Career
助詞,じょし,"(gram) particle(s), postposition",N3,noun,Work & Career
倒産,とうさん,"(corporate) bankruptcy, insolvency",N3,noun,Work & Career
野党,やとう,opposition party,N3,noun,Work & Career
堅い,かたい,"hard, firm, solid",N3,i-adjective,Work & Career
硬い,かたい,"hard, firm, solid",N3,i-adjective,Work & Career
出会い,であい,"meeting, rendezvous, encounter",N3,i-adjective,Work & Career
性質,せいしつ,"nature, property, disposition",N3,na-adjective,Work & Career
ジェット機,ジェットき,jet plane,N3,noun,Travel & Transport
支配,しはい,"rule, control, direction",N3,noun,Travel & Transport
自慢,じまん,"pride, boast",N3,noun,Travel & Transport
重視,じゅうし,"importance, stress",N3,noun,Travel & Transport
渋滞,じゅうたい,"congestion (e.g., traffic), delay",N3,noun,Travel & Transport
宿泊,しゅくはく,lodging,N3,noun,Travel & Transport
優れる,すぐれる,"to surpass, to outstrip, to excel",N3,verb,Travel & Transport
信号,しんごう,"traffic lights, signal, semaphore",N3,noun,Travel & Transport
合図,あいず,"sign, signal",N3,noun,Travel & Transport
横断,おうだん,crossing,N3,noun,Travel & Transport
奥,おく,"interior, inner part",N3,noun,Travel & Transport
海外,かいがい,"foreign, abroad, overseas",N3,noun,Travel & Transport
観光,かんこう,sightseeing,N3,noun,Travel & Transport
表す,あらわす,"to express, to show",N3,verb,Travel & Transport
記者,きしゃ,reporter,N3,noun,Communication
下り,くだり,down-train (going away from Tokyo),N3,noun,Travel & Transport
券,けん,"ticket, certificate",N3,noun,Travel & Transport
サービス,サービス,"service, support system; goods or services without charge",N3,noun,Travel & Transport
支える,ささえる,"support, hold, sustain",N3,noun,Travel & Transport
宿,やど,"inn, lodging",N3,noun,Travel & Transport
抱く,いだく,"to hold (v.t.) (written expression), to embrace, to harbor",N3,verb,Travel & Transport
礼,れい,expression of gratitude; bow,N3,noun,Travel & Transport
前進,ぜんしん,"advance, drive, progress",N3,noun,Travel & Transport
旅,たび,"travel, trip, journey",N3,noun,Travel & Transport
駐車,ちゅうしゃ,"parking (e.g., car)",N3,noun,Travel & Transport
停留所,ていりゅうじょ,bus or tram stop,N3,noun,Travel & Transport
鉄道,てつどう,railway; railroad,N3,noun,Travel & Transport
至る,いたる,"to come, to arrive",N3,verb,Travel & Transport
道徳,どうとく,morals,N3,noun,Travel & Transport
道路,どうろ,road,N3,noun,Travel & Transport
得意,とくい,"pride, triumph, prosperity",N3,noun,Travel & Transport
ドライブ,ドライブ,"drive, driving",N3,noun,Travel & Transport
トレーニング,トレーニング,training,N3,noun,Travel & Transport
ハイキング,ハイキング,hiking,N3,noun,Travel & Transport
述べる,のべる,"to state, to express, to mention",N3,verb,Travel & Transport
端,はし,"end (e.g., of street), edge, margin",N3,noun,Travel & Transport
始まり,はじまり,"origin, beginning",N3,noun,Travel & Transport
パスポート,パスポート,passport,N3,noun,Travel & Transport
発車,はっしゃ,departure of a vehicle,N3,noun,Travel & Transport
表情,ひょうじょう,facial expression,N3,noun,Travel & Transport
ボーイ,ボーイ,porter; boy,N3,noun,Travel & Transport
広める,ひろめる,"to broaden, to propagate",N3,verb,Travel & Transport
ボート,ボート,rowing boat,N3,noun,Travel & Transport
誇り,ほこり,pride,N3,noun,Travel & Transport
歩道,ほどう,walkway,N3,noun,Travel & Transport
街,まち,"town; street, road",N3,noun,Travel & Transport
申告,しんこく,"report, statement",N3,noun,Society & Government
見舞い,みまい,"expression of sympathy, expression of concern",N3,i-adjective,Travel & Transport
重大,じゅうだい,"serious, important",N3,na-adjective,Travel & Transport
重要,じゅうよう,"important, essential",N3,na-adjective,Travel & Transport
制限,せいげん,"restriction, restraint, limitation",N3,na-adjective,Travel & Transport
列車,れっしゃ,train (ordinary),N3,na-adjective,Travel & Transport
拘束,こうそく,"restriction, restraint",N3,na-adjective,Travel & Transport
支給,しきゅう,"payment, allowance",N3,noun,Shopping & Money
支店,してん,branch store (office),N3,noun,Shopping & Money
支払う,しはらう,to pay,N3,verb,Shopping & Money
品,しな,"thing, article, goods",N3,noun,Shopping & Money
支払,しはらい,payment,N3,noun,Shopping & Money
占める,しめる,to take up; to account for,N3,verb,Shopping & Money
資本,しほん,"funds, capital",N3,noun,Shopping & Money
借金,しゃっきん,"debt, loan, liabilities",N3,noun,Shopping & Money
飽きる,あきる,"to get tired of, to lose interest in",N3,verb,Shopping & Money
収入,しゅうにゅう,"income, revenue",N3,noun,Shopping & Money
奨学金,しょうがくきん,scholarship,N3,noun,Shopping & Money
預ける,あずける,"to give into custody, to deposit",N3,verb,Shopping & Money
税,ぜい,tax,N3,noun,Shopping & Money
税金,ぜいきん,"tax, duty",N3,noun,Shopping & Money
収める,おさめる,"to store to pay, to supply",N3,verb,Shopping & Money
贅沢,ぜいたく,"luxury, extravagance",N3,noun,Shopping & Money
餌,えさ,"feed, bait",N3,noun,Shopping & Money
納める,おさめる,"to store to pay, to supply",N3,verb,Shopping & Money
恩,おん,"favor, obligation, debt of gratitude",N3,noun,Shopping & Money
会計,かいけい,"account, finance",N3,noun,Shopping & Money
卸す,おろす,"to sell wholesale, grated (vegetables)",N3,verb,Shopping & Money
貸し,かし,"loan, lending",N3,noun,Shopping & Money
金,かね,"gold, metal; money",N3,noun,Shopping & Money
飼う,かう,to keep; to own (a pet); to raise; to feed,N3,verb,Shopping & Money
株,かぶ,stock; stump (of tree),N3,noun,Shopping & Money
感じ,かんじ,"feeling, sense, impression",N3,noun,Shopping & Money
代える,かえる,"to exchange, to interchange, to substitute",N3,verb,Shopping & Money
関心,かんしん,"concern, interest",N3,noun,Shopping & Money
金,きん,"gold, metal; money",N3,noun,Shopping & Money
替える,かえる,"to exchange, to interchange, to substitute",N3,verb,Shopping & Money
金額,きんがく,amount of money,N3,noun,Shopping & Money
金銭,きんせん,"money, cash",N3,noun,Shopping & Money
換える,かえる,"to exchange, to interchange, to substitute",N3,verb,Shopping & Money
金属,きんぞく,metal,N3,noun,Shopping & Money
金融,きんゆう,"finance, money and banking",N3,noun,Shopping & Money
感じる,かんじる,"to feel, to sense",N3,verb,Shopping & Money
現金,げんきん,cash,N3,noun,Shopping & Money
幸運,こううん,"good luck, fortune",N3,noun,Shopping & Money
助かる,たすかる,to be saved; (something) helps (v.i.),N3,verb,Shopping & Money
硬貨,こうか,coin,N3,noun,Shopping & Money
交換,こうかん,"exchange, swap",N3,noun,Shopping & Money
助ける,たすける,"to help (v.t.), to save, to rescue",N3,verb,Shopping & Money
利益,りえき,"profits, gains",N3,noun,Shopping & Money
両替,りょうがえ,"change, money exchange",N3,noun,Shopping & Money
為る,なる,"to change, to be of use, to reach to",N3,verb,Shopping & Money
料金,りょうきん,"fee, charge, fare",N3,noun,Shopping & Money
別れ,わかれ,"parting, separation, farewell",N3,noun,Shopping & Money
残す,のこす,"to leave (behind, over), to save, to reserve",N3,verb,Shopping & Money
借り,かり,"borrowing, debt, loan",N3,noun,Shopping & Money
小銭,こぜに,"coins, small change",N3,noun,Shopping & Money
節約,せつやく,"economizing, saving",N3,noun,Shopping & Money
代金,だいきん,"price, cost",N3,noun,Shopping & Money
玉,たま,"ball, sphere, coin",N3,noun,Shopping & Money
貯金,ちょきん,(bank) savings,N3,noun,Shopping & Money
通貨,つうか,currency,N3,noun,Shopping & Money
銅貨,どうか,copper coin,N3,noun,Shopping & Money
値,ね,"value, price, cost",N3,noun,Shopping & Money
バランス,バランス,balance,N3,noun,Shopping & Money
販売,はんばい,"sale, selling, marketing",N3,noun,Shopping & Money
費用,ひよう,"cost, expense",N3,noun,Shopping & Money
不幸,ふこう,"unhappiness, sorrow, misfortune",N3,noun,Shopping & Money
変化,へんか,"change, variation, shift",N3,noun,Shopping & Money
福,ふく,good fortune,N3,noun,Shopping & Money
ほっと,ほっと,feel relieved,N3,noun,Shopping & Money
金庫,きんこ,"safe, vault",N3,na-adjective,Shopping & Money
豪華,ごうか,"luxurious, gorgeous, extravagance",N3,na-adjective,Shopping & Money
財産,ざいさん,"property, fortune, assets",N3,na-adjective,Shopping & Money
豊か,ゆたか,"abundant, wealthy, plentiful, rich",N3,na-adjective,Shopping & Money
～観,かん,"feeling, view",N3,prefix/suffix,Shopping & Money
運,うん,"fortune, luck",N3,expression,Shopping & Money
失望,しつぼう,"disappointment, despair",N3,noun,Feelings & Emotions
愛,あい,love,N3,noun,Feelings & Emotions
愛情,あいじょう,"love, affection",N3,noun,Feelings & Emotions
いらいら,いらいら,"getting nervous, irritation",N3,noun,Feelings & Emotions
感情,かんじょう,"emotion(s), feeling(s), sentiment",N3,noun,Feelings & Emotions
感動,かんどう,"being deeply moved, excitement",N3,noun,Feelings & Emotions
機嫌,きげん,"humor, temper, mood",N3,noun,Feelings & Emotions
機能,きのう,"function, faculty",N3,noun,Feelings & Emotions
救助,きゅうじょ,"relief, aid, rescue",N3,noun,Feelings & Emotions
愛する,あいする,to love,N3,verb,Feelings & Emotions
休息,きゅうそく,"rest, relief, relaxation",N3,noun,Feelings & Emotions
恐怖,きょうふ,"fear, terror",N3,noun,Feelings & Emotions
恋,こい,"love, tender passion",N3,noun,Feelings & Emotions
ミス,ミス,"miss (mistake, error, failure), Miss",N3,noun,Feelings & Emotions
夢中,むちゅう,"crush, crazy, be hooked on",N3,noun,Feelings & Emotions
喜び,よろこび,"joy, pleasure, rejoicing",N3,noun,Feelings & Emotions
楽,らく,"comfort, ease",N3,noun,Feelings & Emotions
怒り,いかり,anger,N3,noun,Feelings & Emotions
驚き,おどろき,"surprise, astonishment, wonder",N3,noun,Feelings & Emotions
慌てる,あわてる,to become confused、to panic,N3,verb,Feelings & Emotions
享受,きょうじゅ,"enjoyment, being given",N3,noun,Feelings & Emotions
苦,く,"trouble, worry, difficulty",N3,noun,Feelings & Emotions
興奮,こうふん,"excitement, stimulation",N3,noun,Feelings & Emotions
大使,たいし,ambassador,N3,noun,Feelings & Emotions
悲劇,ひげき,tragedy,N3,noun,Feelings & Emotions
不安,ふあん,"anxiety, uneasiness",N3,noun,Feelings & Emotions
不自由,ふじゆう,"discomfort, disability, inconvenience",N3,noun,Feelings & Emotions
雰囲気,ふんいき,"atmosphere (e.g., musical), mood, ambiance",N3,noun,Feelings & Emotions
志望,しぼう,"wish, desire, ambition",N3,noun,Feelings & Emotions
悲しむ,かなしむ,"to be sad, to mourn for, to regret",N3,verb,Feelings & Emotions
情,じょう,"feelings, emotion, passion",N3,noun,Feelings & Emotions
振興,しんこう,"promotion, encouragement",N3,noun,Feelings & Emotions
悔しい,くやしい,"regrettable, mortifying, vexing",N3,i-adjective,Feelings & Emotions
勇気,ゆうき,"courage, bravery, boldness",N3,na-adjective,Feelings & Emotions
人物,じんぶつ,"character, personality, talented man",N3,noun,Personality & Character
性格,せいかく,"character, personality",N3,noun,Personality & Character
行儀,ぎょうぎ,manners,N3,noun,Personality & Character
文字,もじ,"letter (of alphabet), character",N3,noun,Personality & Character
文字,もんじ,"letter (of alphabet), character",N3,noun,Personality & Character
片付け,かたづけ,"tidying up, finishing",N3,noun,Personality & Character
態度,たいど,"attitude, manner",N3,noun,Personality & Character
独特,どくとく,"peculiarity, uniqueness, characteristic",N3,noun,Personality & Character
パイプ,パイプ,pipe; channels official or otherwise,N3,noun,Personality & Character
便,びん,"way, means; flight",N3,noun,Personality & Character
振り,ふり,"style, manner",N3,noun,Personality & Character
賢い,かしこい,"wise, clever, smart",N3,i-adjective,Personality & Character
正直,しょうじき,"honesty, integrity, frankness",N3,na-adjective,Personality & Character
深刻,しんこく,serious,N3,na-adjective,Personality & Character
慎重,しんちょう,"careful, prudent, cautious",N3,na-adjective,Personality & Character
人類,じんるい,"mankind, humanity",N3,na-adjective,Personality & Character
意地悪,いじわる,"malicious, mean, unkind",N3,na-adjective,Personality & Character
穏やか,おだやか,"calm, gentle, quiet",N3,na-adjective,Personality & Character
冷静,れいせい,"calm, coolness",N3,na-adjective,Personality & Character
粗末,そまつ,"humble, miserable, crude",N3,na-adjective,Personality & Character
同様,どうよう,"identical, same (kind), like",N3,na-adjective,Personality & Character
満ちる,みちる,"to be full, to mature",N3,verb,Personality & Character
何でも,なんでも,"by all means, everything",N3,adverb,Personality & Character
修正,しゅうせい,"amendment, correction",N3,noun,Colors & Descriptions
順番,じゅんばん,"turn (in line), order of things",N3,noun,Colors & Descriptions
売れる,うれる,to be sold,N3,verb,Colors & Descriptions
小,しょう,small,N3,noun,Colors & Descriptions
常識,じょうしき,common sense,N3,noun,Colors & Descriptions
思い付く,おもいつく,"to think of, to hit upon",N3,verb,Colors & Descriptions
少女,しょうじょ,young girl,N3,noun,Colors & Descriptions
青年,せいねん,"youth, young man",N3,noun,Colors & Descriptions
下す,おろす,"to lower, to let go down",N3,verb,Colors & Descriptions
新た,あらた,"new, fresh",N3,noun,Colors & Descriptions
影,かげ,"shade, shadow, other side",N3,noun,Colors & Descriptions
暮らす,くらす,"to live, to get along",N3,verb,Colors & Descriptions
陰,かげ,"shade, shadow, other side",N3,noun,Colors & Descriptions
型,かた,"mold, model, style",N3,noun,Colors & Descriptions
咥える,くわえる,to hold something in the mouth,N3,verb,Colors & Descriptions
可愛そう,かわいそう,"poor, pitiable, pathetic",N3,noun,Colors & Descriptions
共通,きょうつう,"commonness, mutual",N3,noun,Colors & Descriptions
許す,ゆるす,"to permit, to allow, to approve",N3,verb,Colors & Descriptions
強力,きょうりょく,"powerful, strong",N3,noun,Colors & Descriptions
銀,ぎん,silver,N3,noun,Colors & Descriptions
汚す,よごす,"to pollute, to make dirty",N3,verb,Colors & Descriptions
ぐっすり,ぐっすり,"sound asleep, fast asleep",N3,noun,Colors & Descriptions
欠点,けってん,"faults, defect, weakness",N3,noun,Colors & Descriptions
育つ,そだつ,"to be brought up, to grow (up)",N3,verb,Colors & Descriptions
黒板,こくばん,blackboard,N3,noun,Colors & Descriptions
最高,さいこう,"highest, supreme, the most",N3,noun,Colors & Descriptions
通り過ぎる,とおりすぎる,"to pass, to pass through",N3,verb,Colors & Descriptions
材料,ざいりょう,"ingredients, material",N3,noun,Colors & Descriptions
密,みつ,"thick, close",N3,noun,Colors & Descriptions
流れる,ながれる,"to flow, to be washed away",N3,verb,Colors & Descriptions
文句,もんく,a complaint,N3,noun,Colors & Descriptions
予測,よそく,"prediction, estimation",N3,noun,Colors & Descriptions
乗せる,のせる,"to place on (something), to take on board",N3,verb,Colors & Descriptions
ライター,ライター,lighter; writer,N3,noun,Colors & Descriptions
粋,いき,"chic, style, purity",N3,noun,Colors & Descriptions
載せる,のせる,to place on (something); to publish,N3,verb,Colors & Descriptions
減少,げんしょう,"decrease, reduction, decline",N3,noun,Colors & Descriptions
そっと,そっと,"softly, gently",N3,noun,Colors & Descriptions
延びる,のびる,to be prolonged,N3,verb,Colors & Descriptions
他,た,other (esp. places and things),N3,noun,Colors & Descriptions
平ら,たいら,"flatness, level, smooth",N3,noun,Colors & Descriptions
沿う,そう,"to run along, to follow",N3,verb,Colors & Descriptions
たしか,たしか,"certain, sure, if I remember correctly",N3,noun,Colors & Descriptions
多少,たしょう,a little (same as 少し (すこし)),N3,noun,Colors & Descriptions
強まる,つよまる,"to get strong, to gain strength",N3,verb,Colors & Descriptions
唯,ただ,"mere, sole, plain",N3,noun,Colors & Descriptions
たっぷり,たっぷり,"full, in plenty, ample",N3,noun,Colors & Descriptions
映える,はえる,"to shine, to look attractive, to look pretty",N3,verb,Colors & Descriptions
男子,だんし,young man,N3,noun,Colors & Descriptions
通過,つうか,"passage through, passing",N3,noun,Colors & Descriptions
弱まる,よわまる,"to weaken, to be emaciated, to be dejected",N3,verb,Colors & Descriptions
つまり,つまり,namely; in other words; in short,N3,noun,Colors & Descriptions
何か,なにか,something,N3,noun,Colors & Descriptions
弱める,よわめる,to weaken,N3,verb,Colors & Descriptions
なにも,なにも,nothing,N3,noun,Colors & Descriptions
苦手,にがて,"poor (at), weak (in), dislike (of)",N3,noun,Colors & Descriptions
灯,ひ,light,N3,noun,Colors & Descriptions
飛行,ひこう,"aviation, flight",N3,noun,Colors & Descriptions
不可,ふか,"wrong, bad, impossible",N3,noun,Colors & Descriptions
婦人,ふじん,woman (same as 女性 (じょせい)、女の人 (おんなのひと)),N3,noun,Colors & Descriptions
他,ほか,other (esp. places and things),N3,noun,Colors & Descriptions
まさに,まさに,"correctly, surely",N3,noun,Colors & Descriptions
真っ赤,まっか,"deep red, flushed (of face)",N3,noun,Colors & Descriptions
姓名,せいめい,full name,N3,noun,Colors & Descriptions
鋭い,するどい,"pointed, sharp",N3,i-adjective,Colors & Descriptions
いけない,いけない,"must not do, bad, wrong",N3,i-adjective,Colors & Descriptions
老い,おい,"old age, the aged",N3,i-adjective,Colors & Descriptions
濃い,こい,"thick (as of color, liquid), dense, strong",N3,i-adjective,Colors & Descriptions
貧しい,まずしい,"poor, needy",N3,i-adjective,Colors & Descriptions
地味,じみ,"quiet, plain, conservative",N3,na-adjective,Colors & Descriptions
清潔,せいけつ,clean,N3,na-adjective,Colors & Descriptions
当たり前,あたりまえ,"usual, common, obvious",N3,na-adjective,Colors & Descriptions
容易,ようい,"easy, simple, plain",N3,na-adjective,Colors & Descriptions
同志,どうし,"same mind, comrade, kindred soul",N3,na-adjective,Colors & Descriptions
徐々に,じょじょに,"slowly, little by little",N3,adverb,Colors & Descriptions
およそ,およそ,"about, roughly, approximately",N3,adverb,Colors & Descriptions
滅多に,めったに,"rarely (with neg. verb), seldom",N3,adverb,Colors & Descriptions
物事,ものごと,"things, everything",N3,adverb,Colors & Descriptions
別に,べつに,"(not) particularly, nothing",N3,adverb,Colors & Descriptions
ほぼ,ほぼ,"almost, roughly",N3,adverb,Colors & Descriptions
ますます,ますます,"increasingly (same as もっと), more and more",N3,adverb,Colors & Descriptions
次第,しだい,order; circumstances; immediate(ly),N3,noun,Communication
情報,じょうほう,"information, (military) intelligence",N3,noun,Communication
争う,あらそう,"to dispute, to argue, to fight",N3,verb,Communication
印,しるし,mark; symbol; evidence,N3,noun,Communication
スピーチ,スピーチ,speech,N3,noun,Communication
著す,あらわす,"to write, to publish",N3,verb,Communication
請求,せいきゅう,"claim, demand, request",N3,noun,Communication
設計,せっけい,"plan, design",N3,noun,Communication
受け取る,うけとる,"to receive, to get, to accept",N3,verb,Communication
現れ,あらわれ,"expression, indication, sign",N3,noun,Communication
言わば,いわば,so to speak,N3,noun,Communication
語る,かたる,"to talk, to tell, to recite",N3,verb,Communication
いわゆる,いわゆる,"the so-called, so-to-speak",N3,noun,Communication
インタビュー,インタビュー,interview,N3,noun,Communication
断る,ことわる,"to refuse, to decline, to dismiss",N3,verb,Communication
噂,うわさ,"rumor, gossip",N3,noun,Communication
解釈,かいしゃく,"explanation, interpretation",N3,noun,Communication
叫ぶ,さけぶ,"to shout, to cry",N3,verb,Communication
刀,かたな,"sword, saber",N3,noun,Communication
議論,ぎろん,"argument, discussion, dispute",N3,noun,Communication
求める,もとめる,"to request, to ask for; to seek, to search for",N3,verb,Communication
見解,けんかい,"opinion, point of view",N3,noun,Communication
言語,げんご,language,N3,noun,Communication
論じる,ろんじる,"to argue, to discuss",N3,verb,Communication
広告,こうこく,advertisement,N3,noun,Communication
諺,ことわざ,"proverb, saying",N3,noun,Communication
責める,せめる,"to condemn, to blame, to criticize",N3,verb,Communication
サイン,サイン,autograph; sign; sine,N3,noun,Communication
面接,めんせつ,interview,N3,noun,Communication
願う,ねがう,"to desire, to wish, to request",N3,verb,Communication
郵便,ゆうびん,"mail, postal service",N3,noun,Communication
要求,ようきゅう,"request, demand",N3,noun,Communication
話し合う,はなしあう,"to discuss, to talk together",N3,verb,Communication
連想,れんそう,"association (of ideas), suggestion",N3,noun,Communication
歓声,かんせい,"cheer, shout of joy",N3,noun,Communication
問う,とう,"to ask, to question",N3,verb,Communication
協議,きょうぎ,"conference, discussion, negotiation",N3,noun,Communication
語句,ごく,"words, phrases",N3,noun,Communication
図る,はかる,"to plot, to attempt, to devise, to design, to refer A to B",N3,verb,Communication
代理,だいり,"representation, proxy, deputy",N3,noun,Communication
便り,たより,"news, correspondence, letter",N3,noun,Communication
単語,たんご,word; vocabulary,N3,noun,Communication
注文,ちゅうもん,"order, request",N3,noun,Communication
通訳,つうやく,interpretation; interpreter,N3,noun,Communication
提出,ていしゅつ,"presentation, submission, filing",N3,noun,Communication
発表,はっぴょう,announcement; publication; presentation,N3,noun,Communication
批評,ひひょう,"criticism, review, commentary",N3,noun,Communication
秘密,ひみつ,"secret, secrecy",N3,noun,Communication
表現,ひょうげん,"expression, presentation",N3,noun,Communication
報告,ほうこく,"report, information",N3,noun,Communication
訪問,ほうもん,"call, visit",N3,noun,Communication
視点,してん,"opinion, point of view, visual point",N3,noun,Communication
声明,せいめい,"declaration, statement, proclamation",N3,noun,Communication
デザイン,デザイン,design,N3,noun,Communication
伝言,でんごん,verbal message,N3,noun,Communication
版,はん,edition,N3,noun,Communication
票,ひょう,"label, ballot, sign",N3,noun,Communication
メッセージ,メッセージ,message,N3,noun,Communication
願い,ねがい,"desire, wish, request",N3,i-adjective,Communication
直ちに,ただちに,"at once, immediately",N3,adverb,Communication
幸せ,しあわせ,"happiness, blessing",N3,noun,Nature & Weather
自然,しぜん,"nature, spontaneous",N3,noun,Nature & Weather
霜,しも,frost,N3,noun,Nature & Weather
植物,しょくぶつ,"plant, vegetation",N3,noun,Nature & Weather
署名,しょめい,signature,N3,noun,Nature & Weather
スター,スター,star,N3,noun,Nature & Weather
制度,せいど,"system, institution",N3,noun,Nature & Weather
応じる,おうじる,"to adapt, to respond, to comply with",N3,verb,Nature & Weather
石炭,せきたん,coal,N3,noun,Nature & Weather
石油,せきゆ,"oil, petroleum, kerosene",N3,noun,Nature & Weather
空き,あき,"vacancy, opening, space",N3,noun,Nature & Weather
嵐,あらし,storm,N3,noun,Nature & Weather
岩,いわ,rock,N3,noun,Nature & Weather
衛星,えいせい,satellite,N3,noun,Nature & Weather
雷,かみなり,thunder,N3,noun,Nature & Weather
劣る,おとる,"to fall behind, to be inferior to",N3,verb,Nature & Weather
空,から,empty,N3,noun,Nature & Weather
河,かわ,"river, stream",N3,noun,Nature & Weather
気温,きおん,temperature (weather - not used for things),N3,noun,Nature & Weather
気候,きこう,climate,N3,noun,Nature & Weather
岸,きし,"bank, coast, shore",N3,noun,Nature & Weather
急激,きゅうげき,"sudden, precipitous, radical",N3,noun,Nature & Weather
霧,きり,"fog, mist",N3,noun,Nature & Weather
刈る,かる,"to cut (hair), to mow (grass), to harvest",N3,verb,Nature & Weather
現場,げんば,"actual spot, scene, field",N3,noun,Nature & Weather
航空,こうくう,"aviation, flying",N3,noun,Nature & Weather
幸福,こうふく,"happiness, blessedness",N3,noun,Nature & Weather
誤解,ごかい,misunderstanding,N3,noun,Nature & Weather
作物,さくもつ,"produce (e.g., agricultural), crops",N3,noun,Nature & Weather
桜,さくら,"cherry blossom, cherry tree",N3,noun,Nature & Weather
砂漠,さばく,desert,N3,noun,Nature & Weather
転ぶ,ころぶ,"to fall down, to fall over",N3,verb,Nature & Weather
土産,みやげ,souvenir,N3,noun,Nature & Weather
予期,よき,"expectation, forecast",N3,noun,Nature & Weather
予報,よほう,"forecast, prediction",N3,noun,Nature & Weather
陸,りく,"land, shore",N3,noun,Nature & Weather
航海,こうかい,"sail, voyage",N3,noun,Nature & Weather
太陽,たいよう,sun,N3,noun,Nature & Weather
大陸,たいりく,continent,N3,noun,Nature & Weather
抜ける,ぬける,"to come out, to fall out, to be omitted",N3,verb,Nature & Weather
谷,たに,valley,N3,noun,Nature & Weather
種,たね,seed; material; cause,N3,noun,Nature & Weather
地平線,ちへいせん,horizon,N3,noun,Nature & Weather
通信,つうしん,"correspondence, communications",N3,noun,Nature & Weather
土,つち,"earth, soil",N3,noun,Nature & Weather
梅雨,つゆ,rainy season,N3,noun,Nature & Weather
天然,てんねん,"nature, spontaneity",N3,noun,Nature & Weather
振る,ふる,"to wave, to shake; to sprinkle; to cast (actor)",N3,verb,Nature & Weather
登山,とざん,mountain-climbing,N3,noun,Nature & Weather
土地,とち,"plot of land, lot, soil",N3,noun,Nature & Weather
波,なみ,wave,N3,noun,Nature & Weather
根,ね,root,N3,noun,Nature & Weather
野,の,field,N3,noun,Nature & Weather
場,ば,"place, field (physics)",N3,noun,Nature & Weather
梅雨,ばいう,rainy season,N3,noun,Nature & Weather
蒔く,まく,to sow (seeds),N3,verb,Nature & Weather
畑,はたけ,"field, patch",N3,noun,Nature & Weather
原,はら,"field, plain",N3,noun,Nature & Weather
風景,ふうけい,scenery,N3,noun,Nature & Weather
宝石,ほうせき,"gem, jewel",N3,noun,Nature & Weather
松,まつ,pine tree,N3,noun,Nature & Weather
露,つゆ,dew,N3,noun,Nature & Weather
陽気,ようき,"season, weather, cheerfulness",N3,na-adjective,Nature & Weather
猿,さる,monkey,N3,noun,Animals & Nature
刺激,しげき,"stimulus, impetus, incentive",N3,noun,Animals & Nature
集中,しゅうちゅう,"concentration, focusing the mind",N3,noun,Animals & Nature
示す,しめす,"to show, to indicate",N3,verb,Animals & Nature
出版,しゅっぱん,publication,N3,noun,Animals & Nature
食糧,しょくりょう,"provisions, rations",N3,noun,Animals & Nature
巣,す,"nest, breeding place",N3,noun,Animals & Nature
追い付く,おいつく,"to overtake, to catch up (with)",N3,verb,Animals & Nature
図,ず,"figure, drawing, illustration",N3,noun,Animals & Nature
正確,せいかく,"accurate, punctuality, exact",N3,noun,Animals & Nature
印象,いんしょう,impression,N3,noun,Animals & Nature
掻く,かく,to scratch,N3,verb,Animals & Nature
兎,うさぎ,"rabbit, hare",N3,noun,Animals & Nature
牛,うし,"cattle, cow",N3,noun,Animals & Nature
馬,うま,horse; promoted bishop (in Japanese chess known as shogi),N3,noun,Animals & Nature
刺す,さす,"to sting, to bite (e.g., bug), to prick, to stab",N3,verb,Animals & Nature
永遠,えいえん,"eternity, perpetuity, immortality",N3,noun,Animals & Nature
永久,えいきゅう,"eternity, perpetuity, immortality",N3,noun,Animals & Nature
蚊,か,mosquito,N3,noun,Animals & Nature
申し込む,もうしこむ,"to apply for, to make an application",N3,verb,Animals & Nature
快適,かいてき,"pleasant, agreeable",N3,noun,Animals & Nature
拡大,かくだい,"magnification, enlargement",N3,noun,Animals & Nature
籠,かご,"basket, cage",N3,noun,Animals & Nature
戦う,たたかう,"to fight, to compete, to battle",N3,verb,Animals & Nature
火災,かさい,"conflagration, fire",N3,noun,Animals & Nature
飾り,かざり,decoration,N3,noun,Animals & Nature
感心,かんしん,admiration,N3,noun,Animals & Nature
通じる,つうじる,"to run to, to lead to, to communicate",N3,verb,Animals & Nature
乾燥,かんそう,"dry, arid, dehydrated",N3,noun,Animals & Nature
記念,きねん,"commemoration, memory",N3,noun,Animals & Nature
経営,けいえい,"management, administration",N3,noun,Animals & Nature
取り上げる,とりあげる,"to take up, to pick up; to confiscate",N3,verb,Animals & Nature
けち,けち,"stinginess, miser",N3,noun,Animals & Nature
現象,げんしょう,phenomenon,N3,noun,Animals & Nature
免許,めんきょ,"license, permit, certificate",N3,noun,Animals & Nature
馴れる,なれる,"to become domesticated, to become tame",N3,verb,Animals & Nature
有利,ゆうり,"advantageous, better",N3,noun,Animals & Nature
愉快,ゆかい,"pleasant, happy",N3,noun,Animals & Nature
尾,お,"tail, ridge",N3,noun,Animals & Nature
離す,はなす,"to part, to separate",N3,verb,Animals & Nature
刊行,かんこう,"publication, issue",N3,noun,Animals & Nature
官僚,かんりょう,"bureaucrat, bureaucracy",N3,noun,Animals & Nature
象,ぞう,elephant,N3,noun,Animals & Nature
放す,はなす,"to separate, to set free",N3,verb,Animals & Nature
装置,そうち,"equipment, installation, apparatus",N3,noun,Animals & Nature
速度,そくど,"speed, velocity, rate",N3,noun,Animals & Nature
翼,つばさ,wings,N3,noun,Animals & Nature
吠える,ほえる,"to bark, to howl",N3,verb,Animals & Nature
デモ,デモ,"demo, demonstration",N3,noun,Animals & Nature
虎,とら,tiger,N3,noun,Animals & Nature
鼠,ねずみ,"mouse, rat",N3,noun,Animals & Nature
撒く,まく,"to scatter, to sprinkle, to sow",N3,verb,Animals & Nature
馬鹿,ばか,"fool, idiot",N3,noun,Animals & Nature
発行,はっこう,issue (publications),N3,noun,Animals & Nature
羽,はね,wing,N3,noun,Animals & Nature
説く,とく,"to explain, to advocate",N3,verb,Animals & Nature
必死,ひっし,"desperation, frantic, inevitable result",N3,noun,Animals & Nature
人込み,ひとごみ,crowd of people,N3,noun,Animals & Nature
微妙,びみょう,"delicate, subtle",N3,noun,Animals & Nature
馴らす,ならす,"to domesticate, to tame",N3,verb,Animals & Nature
変更,へんこう,"change, modification, alteration",N3,noun,Animals & Nature
保証,ほしょう,"guarantee, assurance, warranty",N3,noun,Animals & Nature
修飾,しゅうしょく,ornamentation; modification (gram),N3,noun,Animals & Nature
仕様,しよう,"way, method, specification",N3,noun,Animals & Nature
保障,ほしょう,"guarantee, security, warranty",N3,noun,Animals & Nature
マスコミ,マスコミ,mass communication,N3,noun,Animals & Nature
祝い,いわい,"celebration, festival",N3,i-adjective,Animals & Nature
詳しい,くわしい,detailed; full; accurate,N3,i-adjective,Animals & Nature
まぶしい,まぶしい,"dazzling, radiant",N3,i-adjective,Animals & Nature
きちんと,きちんと,"precisely, accurately",N3,na-adjective,Animals & Nature
巨大,きょだい,"huge, gigantic, enormous",N3,na-adjective,Animals & Nature
まあ,まあ,well (used when making a modest or hesitant statement),N3,na-adjective,Animals & Nature
精巧,せいこう,"elaborate, delicate, exquisite",N3,na-adjective,Animals & Nature
とにかく,とにかく,"anyhow, at any rate, anyway",N3,adverb,Animals & Nature
感謝,かんしゃ,"thanks, gratitude",N3,expression,Animals & Nature
修理,しゅうり,"repairing, mending",N3,noun,Actions & Movement
沈む,しずむ,to sink; to feel depressed,N3,verb,Actions & Movement
順,じゅん,"order, turn",N3,noun,Actions & Movement
過ごす,すごす,"to pass, to spend (time)",N3,verb,Actions & Movement
神経,しんけい,"nerve, sensitivity",N3,noun,Actions & Movement
済ませる,すませる,to be finished,N3,verb,Actions & Movement
親友,しんゆう,"close friend, buddy",N3,noun,Actions & Movement
挙げる,あげる,"to raise; to list, to cite",N3,verb,Actions & Movement
推薦,すいせん,recommendation,N3,noun,Actions & Movement
合わせる,あわせる,to combine,N3,verb,Actions & Movement
末,すえ,"the end of, powder",N3,noun,Actions & Movement
埋める,うめる,"to bury, to fill up, to fill (a seat, a vacant position)",N3,verb,Actions & Movement
スタンド,スタンド,stand,N3,noun,Actions & Movement
裏切る,うらぎる,"to betray, to turn traitor",N3,verb,Actions & Movement
性,せい,"sex, gender",N3,noun,Actions & Movement
終える,おえる,to finish,N3,verb,Actions & Movement
整理,せいり,"sorting, arrangement",N3,noun,Actions & Movement
押える,おさえる,"to stop, to restrain, to press down",N3,verb,Actions & Movement
集まり,あつまり,"gathering, meeting, collection",N3,noun,Actions & Movement
降ろす,おろす,"to take down, to launch, to drop",N3,verb,Actions & Movement
位置,いち,"place, position",N3,noun,Actions & Movement
帰す,かえす,to send back,N3,verb,Actions & Movement
可,か,passable,N3,noun,Actions & Movement
抱える,かかえる,to hold or carry under or in the arms,N3,verb,Actions & Movement
開始,かいし,"start, commencement, beginning",N3,noun,Actions & Movement
重ねる,かさねる,"to pile up, to put something on another, to heap up",N3,verb,Actions & Movement
我慢,がまん,"patience, endurance, perseverance",N3,noun,Actions & Movement
片付く,かたづく,"to put in order, to solve",N3,verb,Actions & Movement
帰宅,きたく,returning home,N3,noun,Actions & Movement
代る,かわる,"to take the place of, to relieve, to be substituted for",N3,verb,Actions & Movement
逆,ぎゃく,"reverse, opposite",N3,noun,Actions & Movement
切れる,きれる,"to cut well, to be sharp; to break (off)",N3,verb,Actions & Movement
建設,けんせつ,"construction, foundation",N3,noun,Actions & Movement
下る,くだる,"to get down, to descend",N3,verb,Actions & Movement
建築,けんちく,"construction, architecture",N3,noun,Actions & Movement
組む,くむ,to put together,N3,verb,Actions & Movement
攻撃,こうげき,"attack, strike, offensive",N3,noun,Actions & Movement
越える,こえる,"to exceed, to cross over, to cross",N3,verb,Actions & Movement
より,より,"twist, ply",N3,noun,Actions & Movement
超える,こえる,"to exceed, to cross over, to cross",N3,verb,Actions & Movement
理解,りかい,"understanding, comprehension",N3,noun,Actions & Movement
超す,こす,"to cross, to pass, to tide over",N3,verb,Actions & Movement
連続,れんぞく,"consecutive, continuity, continuing",N3,noun,Actions & Movement
挿す,さす,"to insert, to put in, to graft",N3,verb,Actions & Movement
論争,ろんそう,"controversy, dispute",N3,noun,Actions & Movement
注す,さす,"to pour (drink), to serve (drinks)",N3,verb,Actions & Movement
異動,いどう,"a change, transfer",N3,noun,Actions & Movement
射す,さす,"to shine, to strike",N3,verb,Actions & Movement
起源,きげん,"origin, beginning, rise",N3,noun,Actions & Movement
持ち上げる,もちあげる,"to raise, to lift up, to flatter",N3,verb,Actions & Movement
切り,きり,"limits, place to leave off",N3,noun,Actions & Movement
戻す,もどす,"to restore, to put back, to return",N3,verb,Actions & Movement
降伏,こうふく,"capitulation, surrender, submission",N3,noun,Actions & Movement
寄せる,よせる,"to collect, to gather, to put aside",N3,verb,Actions & Movement
採集,さいしゅう,"collecting, gathering",N3,noun,Actions & Movement
築く,きずく,"to build, to establish",N3,verb,Actions & Movement
センター,センター,center,N3,noun,Actions & Movement
注ぐ,そそぐ,to pour (into),N3,verb,Actions & Movement
立場,たちば,"standpoint, position, situation",N3,noun,Actions & Movement
揃える,そろえる,"to put things in order, to arrange",N3,verb,Actions & Movement
中央,ちゅうおう,"central, center, middle",N3,noun,Actions & Movement
高める,たかめる,"to raise, to lift, to boost",N3,verb,Actions & Movement
中心,ちゅうしん,"center, core",N3,noun,Actions & Movement
立ち上がる,たちあがる,to stand up,N3,verb,Actions & Movement
名,な,"name, reputation",N3,noun,Actions & Movement
建つ,たつ,"to stand; to be built (v.i.), to erect, to be erected",N3,verb,Actions & Movement
納得,なっとく,"consent, assent, understanding",N3,noun,Actions & Movement
溜まる,たまる,"to collect, to gather, to accumulate",N3,verb,Actions & Movement
評判,ひょうばん,"fame, reputation",N3,noun,Actions & Movement
散る,ちる,"to fall, to scatter (e.g., blossoms)",N3,verb,Actions & Movement
不,ふ,"un(~), non(~), negative prefix",N3,noun,Actions & Movement
掴む,つかむ,"to seize, to catch, to grasp",N3,verb,Actions & Movement
不,ぶ,"un(~), non(~), negative prefix",N3,noun,Actions & Movement
付く,つく,"to adjoin, to be attached, to adhere",N3,verb,Actions & Movement
不思議,ふしぎ,"mystery, curiosity",N3,noun,Actions & Movement
突く,つく,"to thrust, to strike; to poke",N3,verb,Actions & Movement
包装,ほうそう,"packing, wrapping",N3,noun,Actions & Movement
注ぐ,つぐ,to pour (into),N3,verb,Actions & Movement
末,まつ,the end of,N3,noun,Actions & Movement
付ける,つける,"to attach, to join, to add",N3,verb,Actions & Movement
枠,わく,"frame, slide",N3,noun,Actions & Movement
繋ぐ,つなぐ,"to tie, to fasten, to connect",N3,verb,Actions & Movement
親しい,したしい,"intimate, close (e.g., friend)",N3,i-adjective,Actions & Movement
積む,つむ,"to pile up, to stack",N3,verb,Actions & Movement
向かい,むかい,"facing, opposite, across",N3,i-adjective,Actions & Movement
積もる,つもる,to pile up,N3,verb,Actions & Movement
積極的,せっきょくてき,"positive, active, proactive",N3,na-adjective,Actions & Movement
通す,とおす,"to let pass, to overlook, to continue",N3,verb,Actions & Movement
見事,みごと,"splendid, magnificent",N3,na-adjective,Actions & Movement
飛び出す,とびだす,"to jump out, to rush out, to fly out",N3,verb,Actions & Movement
そっくり,そっくり,the splitting image of; entirely,N3,adverb,Actions & Movement
留める,とめる,"to fasten, to turn off, to detain",N3,verb,Actions & Movement
殴る,なぐる,to strike; to hit; to punch,N3,verb,Actions & Movement
握る,にぎる,"to grasp, to seize, to mold sushi",N3,verb,Actions & Movement
除く,のぞく,"to remove, to exclude, to except",N3,verb,Actions & Movement
伸ばす,のばす,"to extend, to stretch, to reach out",N3,verb,Actions & Movement
延ばす,のばす,"to extend, to stretch, to reach out",N3,verb,Actions & Movement
上る,のぼる,"to ascend, to go up, to climb",N3,verb,Actions & Movement
昇る,のぼる,"to arise, to ascend, to go up",N3,verb,Actions & Movement
掃く,はく,"to sweep, to brush, to gather up",N3,verb,Actions & Movement
外す,はずす,"to unfasten, to remove",N3,verb,Actions & Movement
放れる,はなれる,"to leave, to get free, to cut oneself off",N3,verb,Actions & Movement
引っ張る,ひっぱる,"to pull, to stretch, to drag",N3,verb,Actions & Movement
広がる,ひろがる,"to spread (out), to extend, to stretch, to reach to, to get around",N3,verb,Actions & Movement
広げる,ひろげる,"to spread, to extend, to expand, to enlarge",N3,verb,Actions & Movement
拭く,ふく,"to wipe, to dry",N3,verb,Actions & Movement
防ぐ,ふせぐ,"to defend (against), to protect, to prevent",N3,verb,Actions & Movement
打つ,ぶつ,"to hit, to strike",N3,verb,Actions & Movement
ぶつかる,ぶつかる,"to strike, to collide with",N3,verb,Actions & Movement
ぶつける,ぶつける,"to knock, to strike hard, to hit and attack",N3,verb,Actions & Movement
震える,ふるえる,"to shiver, to shake, to quake",N3,verb,Actions & Movement
任せる,まかせる,"to entrust to another, to leave to",N3,verb,Actions & Movement
混ざる,まざる,"to be mixed, to mingle with",N3,verb,Actions & Movement
交ざる,まざる,"to be mixed, to mingle with",N3,verb,Actions & Movement
混じる,まじる,"to be mixed, to mingle with",N3,verb,Actions & Movement
交じる,まじる,"to be mixed, to mingle with",N3,verb,Actions & Movement
交ぜる,まぜる,"to be mixed, to be blended with",N3,verb,Actions & Movement
まとまる,まとまる,"to be collected, to be settled, to be in order",N3,verb,Actions & Movement
まとめる,まとめる,"to put in order, to collect, to bring to a conclusion",N3,verb,Actions & Movement
擦る,する,"to rub, to chafe",N3,verb,Actions & Movement
高まる,たかまる,to rise; to grow; to mount (v.i.),N3,verb,Actions & Movement
断つ,たつ,"to sever, to cut off",N3,verb,Actions & Movement
広まる,ひろまる,"to spread, to be propagated",N3,verb,Actions & Movement
経る,へる,"to pass, to elapse, to experience",N3,verb,Actions & Movement
捲る,めくる,"to turn over, to turn pages of a book",N3,verb,Actions & Movement
思想,しそう,"thought, idea",N3,noun,Thinking & Learning
実際,じっさい,in fact; in actuality,N3,noun,Thinking & Learning
実は,じつは,actually; in fact,N3,noun,Thinking & Learning
主義,しゅぎ,"doctrine, cause, principle",N3,noun,Thinking & Learning
知らせ,しらせ,notice,N3,noun,Thinking & Learning
正,せい,"(logical) true, regular",N3,noun,Thinking & Learning
信じる,しんじる,to believe,N3,verb,Thinking & Learning
所為,せい,"cause, reason, fault",N3,noun,Thinking & Learning
案,あん,"plan, scheme, proposal",N3,noun,Thinking & Learning
案外,あんがい,unexpectedly,N3,noun,Thinking & Learning
意識,いしき,"consciousness, senses",N3,noun,Thinking & Learning
板,いた,"board, plank",N3,noun,Thinking & Learning
学,がく,"learning, knowledge",N3,noun,Thinking & Learning
疑う,うたがう,"to doubt, to distrust",N3,verb,Thinking & Learning
勘,かん,"perception, intuition, the sixth sense",N3,noun,Thinking & Learning
考え,かんがえ,"thinking, thought, ideas",N3,noun,Thinking & Learning
感覚,かんかく,"sense, sensation",N3,noun,Thinking & Learning
完了,かんりょう,"completion, conclusion",N3,noun,Thinking & Learning
期待,きたい,"expectation, anticipation, hope",N3,noun,Thinking & Learning
希望,きぼう,"hope, wish, aspiration",N3,noun,Thinking & Learning
気付く,きづく,"to notice, to recognize, to become aware of",N3,verb,Thinking & Learning
疑問,ぎもん,"question, problem, doubt",N3,noun,Thinking & Learning
偶然,ぐうぜん,"(by) chance, unexpectedly",N3,noun,Thinking & Learning
掲示,けいじ,"notice, bulletin",N3,noun,Thinking & Learning
結論,けつろん,conclusion,N3,noun,Thinking & Learning
見当,けんとう,"estimate, guess",N3,noun,Thinking & Learning
理想,りそう,ideal,N3,noun,Thinking & Learning
認める,みとめる,"to recognize, to notice; to approve",N3,verb,Thinking & Learning
決行,けっこう,"doing (with resolve), carrying out (e.g., a plan)",N3,noun,Thinking & Learning
だって,だって,"but, because, even",N3,noun,Thinking & Learning
知恵,ちえ,"wisdom, wit, intelligence",N3,noun,Thinking & Learning
知識,ちしき,"knowledge, information",N3,noun,Thinking & Learning
注,ちゅう,"annotation, explanatory note",N3,noun,Thinking & Learning
注目,ちゅうもく,"notice, attention, observation",N3,noun,Thinking & Learning
溶ける,とける,"to melt, to thaw, to dissolve",N3,verb,Thinking & Learning
哲学,てつがく,philosophy,N3,noun,Thinking & Learning
なぜなら,なぜなら,because,N3,noun,Thinking & Learning
望み,のぞみ,"wish, desire, (a) hope",N3,noun,Thinking & Learning
プラン,プラン,plan,N3,noun,Thinking & Learning
視覚,しかく,"sense of sight, vision",N3,noun,Thinking & Learning
予想,よそう,"expectation, anticipation, prediction",N3,noun,Thinking & Learning
突然,とつぜん,"abruptly, suddenly, unexpectedly",N3,adverb,Thinking & Learning
発見,はっけん,"discovery, detection, finding",N3,adverb,Thinking & Learning
作法,さほう,"manners, etiquette, propriety",N3,noun,Social & Relationships
集団,しゅうだん,"group, mass",N3,noun,Social & Relationships
乗客,じょうきゃく,passenger,N3,noun,Social & Relationships
助手,じょしゅ,"helper, assistant",N3,noun,Social & Relationships
正式,せいしき,"official, formal",N3,noun,Social & Relationships
救う,すくう,"to rescue from, to help out of",N3,verb,Social & Relationships
哀れ,あわれ,"helpless, pity, pathetic",N3,noun,Social & Relationships
委員,いいん,committee member,N3,noun,Social & Relationships
いつまでも,いつまでも,"forever, for good, eternally",N3,noun,Social & Relationships
援助,えんじょ,"assistance, aid, support",N3,noun,Social & Relationships
応援,おうえん,"aid, assistance, help",N3,noun,Social & Relationships
遭う,あう,"to meet, to encounter (undesirable nuance)",N3,verb,Social & Relationships
共同,きょうどう,"cooperation, association, collaboration",N3,noun,Social & Relationships
組合,くみあい,"association, union",N3,noun,Social & Relationships
グループ,グループ,group,N3,noun,Social & Relationships
交際,こうさい,"friendship, association, acquaintance",N3,noun,Social & Relationships
後輩,こうはい,junior members of a group,N3,noun,Social & Relationships
加わる,くわわる,"to join in, to accede to",N3,verb,Social & Relationships
盛り,さかり,"helping, serving",N3,noun,Social & Relationships
味方,みかた,"ally, supporter",N3,noun,Social & Relationships
迎え,むかえ,"meeting, person sent to pick up an arrival",N3,noun,Social & Relationships
メンバー,メンバー,member,N3,noun,Social & Relationships
友人,ゆうじん,friend (formal),N3,noun,Social & Relationships
出会う,であう,"to meet by chance, to come across, to happen to encounter",N3,verb,Social & Relationships
礼儀,れいぎ,"manners, courtesy, etiquette",N3,noun,Social & Relationships
慣行,かんこう,"customary practice, habit, traditional event",N3,noun,Social & Relationships
群,ぐん,group,N3,noun,Social & Relationships
全員,ぜんいん,all members,N3,noun,Social & Relationships
敵,てき,"enemy, rival",N3,noun,Social & Relationships
招く,まねく,to invite,N3,verb,Social & Relationships
到着,とうちゃく,arrival,N3,noun,Social & Relationships
友,とも,"friend, companion, pal",N3,noun,Social & Relationships
仲,なか,"relation, relationship",N3,noun,Social & Relationships
仲間,なかま,"company, fellow, colleague, associate",N3,noun,Social & Relationships
ばったり,ばったり,(to meet) by chance,N3,noun,Social & Relationships
慣らす,ならす,to accustom,N3,verb,Social & Relationships
供,とも,"accompanying, attendant, companion, retinue",N3,noun,Social & Relationships
班,はん,"group, party, section (mil)",N3,noun,Social & Relationships
知合い,しりあい,acquaintance,N3,i-adjective,Social & Relationships
お互い,おたがい,"mutual, reciprocal, each other",N3,i-adjective,Social & Relationships
付き合い,つきあい,socialization; friendship; association,N3,i-adjective,Social & Relationships
手伝い,てつだい,"help, helper, assistant",N3,i-adjective,Social & Relationships
全く,まったく,"really, completely",N3,adverb,Social & Relationships
章,しょう,"chapter, section; medal",N3,noun,Sports & Activities
当たる,あたる,"to be hit, to be successful",N3,verb,Sports & Activities
人種,じんしゅ,race (of people),N3,noun,Sports & Activities
当てる,あてる,to hit; to apply to,N3,verb,Sports & Activities
審判,しんぱん,"umpire, referee, judgment",N3,noun,Sports & Activities
及ぼす,およぼす,"to exert, to cause, to exercise",N3,verb,Sports & Activities
スキー,スキー,ski,N3,noun,Sports & Activities
蹴る,ける,to kick,N3,verb,Sports & Activities
スケート,スケート,"skate(s), skating",N3,noun,Sports & Activities
命じる,めいじる,"to order, to command, to appoint",N3,verb,Sports & Activities
成功,せいこう,"success, hit",N3,noun,Sports & Activities
酔う,よう,to get drunk,N3,verb,Sports & Activities
跡,あと,trace; remains; scar,N3,noun,Sports & Activities
駆ける,かける,to run,N3,verb,Sports & Activities
ウイスキー,ウイスキー,whiskey,N3,noun,Sports & Activities
抱く,だく,"to embrace, to hug",N3,verb,Sports & Activities
泳ぎ,およぎ,swimming,N3,noun,Sports & Activities
飛ばす,とばす,"to skip over, to omit",N3,verb,Sports & Activities
勝ち,かち,"win, victory",N3,noun,Sports & Activities
キャンプ,キャンプ,camp,N3,noun,Sports & Activities
球,きゅう,"globe, sphere, ball",N3,noun,Sports & Activities
競技,きょうぎ,"game, match, contest",N3,noun,Sports & Activities
強調,きょうちょう,"emphasis, stress, stressed point",N3,noun,Sports & Activities
訓練,くんれん,"practice, training",N3,noun,Sports & Activities
コーチ,コーチ,coach,N3,noun,Sports & Activities
ゴール,ゴール,goal,N3,noun,Sports & Activities
優勝,ゆうしょう,"overall victory, championship",N3,noun,Sports & Activities
要点,ようてん,"gist, main point",N3,noun,Sports & Activities
球,たま,"globe, sphere, ball",N3,noun,Sports & Activities
トラック,トラック,truck; (running) track,N3,noun,Sports & Activities
ノック,ノック,knock; fungo (baseball),N3,noun,Sports & Activities
戦い,たたかい,"battle, fight",N3,i-adjective,Sports & Activities
選手,せんしゅ,player selected for a team (usually athletic),N3,adverb,Sports & Activities
遂に,ついに,"finally, at last",N3,adverb,Sports & Activities
参加,さんか,participation,N3,noun,Arts & Entertainment
詩,し,poem; poetry,N3,noun,Arts & Entertainment
詩人,しじん,poet,N3,noun,Arts & Entertainment
芝居,しばい,"play, drama",N3,noun,Arts & Entertainment
宗教,しゅうきょう,religion,N3,noun,Arts & Entertainment
住宅,じゅうたく,"resident, housing",N3,noun,Arts & Entertainment
去る,さる,"to leave, to go away",N3,verb,Arts & Entertainment
出場,しゅつじょう,participation,N3,noun,Arts & Entertainment
アルバム,アルバム,album,N3,noun,Arts & Entertainment
意外,いがい,"unexpected, surprising",N3,noun,Arts & Entertainment
演技,えんぎ,"acting, performance",N3,noun,Arts & Entertainment
演奏,えんそう,musical performance,N3,noun,Arts & Entertainment
鬼,おに,"ogre, demon, 'it' (e.g.,in a game of tag)",N3,noun,Arts & Entertainment
失う,うしなう,"to lose, to part with",N3,verb,Arts & Entertainment
思い出,おもいで,"memories, recollections, reminiscence",N3,noun,Arts & Entertainment
絵画,かいが,"picture, painting",N3,noun,Arts & Entertainment
歌手,かしゅ,singer,N3,noun,Arts & Entertainment
楽器,がっき,musical instrument,N3,noun,Arts & Entertainment
歌謡,かよう,"song, ballad",N3,noun,Arts & Entertainment
観客,かんきゃく,"audience, spectator(s)",N3,noun,Arts & Entertainment
腐る,くさる,"to rot, to go bad",N3,verb,Arts & Entertainment
監督,かんとく,"supervision, control, (movie) director",N3,noun,Arts & Entertainment
記憶,きおく,"memory, recollection, remembrance",N3,noun,Arts & Entertainment
器械,きかい,instrument,N3,noun,Arts & Entertainment
記事,きじ,"article, news story",N3,noun,Arts & Entertainment
基本,きほん,"basic, basis",N3,noun,Arts & Entertainment
芸術,げいじゅつ,"(fine) art, the arts",N3,noun,Arts & Entertainment
汲む,くむ,"to draw, to scoop, to pump",N3,verb,Arts & Entertainment
経由,けいゆ,"go by the way, via",N3,noun,Arts & Entertainment
ゲーム,ゲーム,game,N3,noun,Arts & Entertainment
劇,げき,"drama, play",N3,noun,Arts & Entertainment
碁,ご,Go (board game of capturing territory),N3,noun,Arts & Entertainment
公正,こうせい,"justice, fairness, impartiality",N3,noun,Arts & Entertainment
公平,こうへい,"fairness, impartial, justice",N3,noun,Arts & Entertainment
狂う,くるう,"to go mad, to get out of order",N3,verb,Arts & Entertainment
最終,さいしゅう,"last, closing",N3,noun,Arts & Entertainment
作家,さっか,"author, writer, novelist",N3,noun,Arts & Entertainment
季刊,きかん,"quarterly (e.g., magazine)",N3,noun,Arts & Entertainment
操作,そうさ,"operation, management, processing",N3,noun,Arts & Entertainment
ダンス,ダンス,dance,N3,noun,Arts & Entertainment
著者,ちょしゃ,"author, writer",N3,noun,Arts & Entertainment
越す,こす,"to go over (e.g., with audience)",N3,verb,Arts & Entertainment
通行,つうこう,"passage, passing",N3,noun,Arts & Entertainment
独身,どくしん,"single, unmarried",N3,noun,Arts & Entertainment
ドラマ,ドラマ,drama,N3,noun,Arts & Entertainment
トランプ,トランプ,playing cards (lit: trump),N3,noun,Arts & Entertainment
謎,なぞ,"riddle, puzzle, enigma",N3,noun,Arts & Entertainment
農業,のうぎょう,agriculture,N3,noun,Arts & Entertainment
逆らう,さからう,"to go against, to oppose, to disobey",N3,verb,Arts & Entertainment
バイオリン,バイオリン,violin,N3,noun,Arts & Entertainment
俳優,はいゆう,"actor, actress, performer",N3,noun,Arts & Entertainment
博物館,はくぶつかん,museum,N3,noun,Arts & Entertainment
パス,パス,"path, pass (in games)",N3,noun,Arts & Entertainment
場面,ばめん,"scene, setting (e.g., of novel)",N3,noun,Arts & Entertainment
ビデオ,ビデオ,video tape; VCR,N3,noun,Arts & Entertainment
織る,おる,to weave,N3,verb,Arts & Entertainment
表,ひょう,"table (e.g., Tab 1), chart, list",N3,noun,Arts & Entertainment
平等,びょうどう,"equality, impartiality, evenness",N3,noun,Arts & Entertainment
豊富,ほうふ,"abundance, plenty",N3,noun,Arts & Entertainment
本人,ほんにん,the person himself,N3,noun,Arts & Entertainment
本物,ほんもの,genuine article,N3,noun,Arts & Entertainment
マスター,マスター,"bar owner, master (e.g., arts, science)",N3,noun,Arts & Entertainment
祭,まつり,"festival, feast",N3,noun,Arts & Entertainment
新興,しんこう,"rising, developing, emergent",N3,noun,Arts & Entertainment
隊,たい,"party, troops",N3,noun,Arts & Entertainment
膜,まく,"membrane, film",N3,noun,Arts & Entertainment
至急,しきゅう,"urgent, pressing",N3,na-adjective,Arts & Entertainment
のんびり,のんびり,"carefree, at leisure",N3,na-adjective,Arts & Entertainment
直に,じかに,"immediately, readily, directly",N3,adverb,Arts & Entertainment
酸性,さんせい,acidity,N3,noun,Technology & Science
酸素,さんそ,oxygen,N3,noun,Technology & Science
実行,じっこう,"practice, execution (e.g., program), realization",N3,noun,Technology & Science
実力,じつりょく,ability; force,N3,noun,Technology & Science
説,せつ,theory,N3,noun,Technology & Science
印刷,いんさつ,printing,N3,noun,Technology & Science
エネルギー,エネルギー,energy (GER: energie),N3,noun,Technology & Science
エンジン,エンジン,engine,N3,noun,Technology & Science
化学,かがく,chemistry,N3,noun,Technology & Science
活気,かっき,vigor; liveliness; vitality; energy,N3,noun,Technology & Science
要素,ようそ,element,N3,noun,Technology & Science
タイプライター,タイプライター,typewriter,N3,noun,Technology & Science
電子,でんし,electron; electronic,N3,noun,Technology & Science
物理,ぶつり,physics,N3,noun,Technology & Science
磁気,じき,magnetism,N3,noun,Technology & Science
データ,データ,data,N3,noun,Technology & Science
刷る,する,to print,N3,verb,Technology & Science
自動,じどう,"automatic, self-motion",N3,na-adjective,Technology & Science
騒ぎ,さわぎ,"uproar, disturbance",N3,noun,Geography & Places
湿気,しっけ,"moisture, humidity, dampness",N3,noun,Geography & Places
しまった (かん),しまった (かん),Damn it!,N3,noun,Geography & Places
首都,しゅと,capital city,N3,noun,Geography & Places
上京,じょうきょう,proceeding to the capital (Tokyo),N3,noun,Geography & Places
城,しろ,castle,N3,noun,Geography & Places
湿る,しめる,"to be wet, to be damp",N3,verb,Geography & Places
すくなくとも,すくなくとも,at least,N3,noun,Geography & Places
市,いち,"market, fair",N3,noun,Geography & Places
市場,いちば,"market, bazaar",N3,noun,Geography & Places
県,けん,prefecture,N3,noun,Geography & Places
琴,こと,Japanese harp,N3,noun,Geography & Places
最低,さいてい,"least, lowest, worst",N3,noun,Geography & Places
輝く,かがやく,"to shine, to glitter, to sparkle",N3,verb,Geography & Places
都,みやこ,city; capital,N3,noun,Geography & Places
ヨーロッパ,ヨーロッパ,Europe,N3,noun,Geography & Places
湾,わん,"bay, gulf, inlet",N3,noun,Geography & Places
損害,そんがい,"damage, loss",N3,noun,Geography & Places
単純,たんじゅん,simplicity,N3,noun,Geography & Places
地域,ちいき,"area, region",N3,noun,Geography & Places
眺める,ながめる,"to view, to gaze at",N3,verb,Geography & Places
地方,ちほう,"area, locality, region",N3,noun,Geography & Places
東洋,とうよう,Orient,N3,noun,Geography & Places
都会,とかい,city,N3,noun,Geography & Places
都市,とし,"town, city, urban",N3,noun,Geography & Places
眺め,ながめ,scene; view; prospect; outlook,N3,noun,Geography & Places
被害,ひがい,damage,N3,noun,Geography & Places
望む,のぞむ,"to desire, to wish for; to view",N3,verb,Geography & Places
堀,ほり,"moat, canal",N3,noun,Geography & Places
マーケット,マーケット,market,N3,noun,Geography & Places
郡,ぐん,"country, district",N3,na-adjective,Geography & Places
地区,ちく,"district, section",N3,na-adjective,Geography & Places
芝生,しばふ,lawn,N3,noun,Society & Government
州,しゅう,"state, province",N3,noun,Society & Government
賞,しょう,"prize, award",N3,noun,Society & Government
状況,じょうきょう,"state of affairs, situation",N3,noun,Society & Government
政府,せいふ,"government, administration",N3,noun,Society & Government
従う,したがう,"to abide (by the rules), to obey",N3,verb,Society & Government
世間,せけん,"world, society",N3,noun,Society & Government
粗,あら,"defect, flaw, fault",N3,noun,Society & Government
汚染,おせん,"pollution, contamination",N3,noun,Society & Government
議員,ぎいん,"member of the Diet, congress, or parliament",N3,noun,Society & Government
議会,ぎかい,"Diet, congress, parliament",N3,noun,Society & Government
贈る,おくる,"to present, to give to, to award to",N3,verb,Society & Government
決まり,きまり,"settlement, conclusion, rule",N3,noun,Society & Government
禁止,きんし,"prohibition, ban",N3,noun,Society & Government
軍,ぐん,"army, force, troops",N3,noun,Society & Government
軍隊,ぐんたい,"army, troops",N3,noun,Society & Government
警告,けいこく,warning,N3,noun,Society & Government
治める,おさめる,"to govern, to manage; to subdue",N3,verb,Society & Government
刑事,けいじ,"criminal case, (police) detective",N3,noun,Society & Government
憲法,けんぽう,constitution,N3,noun,Society & Government
国語,こくご,national language,N3,noun,Society & Government
国籍,こくせき,nationality,N3,noun,Society & Government
国民,こくみん,"national, people, citizen",N3,noun,Society & Government
反る,かえる,"to warp, to be warped, to curve",N3,verb,Society & Government
国家,こっか,"state, country, nation",N3,noun,Society & Government
国会,こっかい,"National Diet, parliament, congress",N3,noun,Society & Government
国境,こっきょう,national or state border,N3,noun,Society & Government
裁判,さいばん,"trial, judgment",N3,noun,Society & Government
境,さかい,"border, boundary, mental state",N3,noun,Society & Government
守る,まもる,to protect; to abide (by the rules),N3,verb,Society & Government
世の中,よのなか,"society, the world",N3,noun,Society & Government
規制,きせい,regulation,N3,noun,Society & Government
公演,こうえん,public performance,N3,noun,Society & Government
策,さく,"plan, policy",N3,noun,Society & Government
全国,ぜんこく,"the entire nation, country-wide, nation-wide",N3,noun,Society & Government
向ける,むける,"to turn towards, to point",N3,verb,Society & Government
選択,せんたく,"selection, choice",N3,noun,Society & Government
宣伝,せんでん,"advertisement, publicity",N3,noun,Society & Government
想像,そうぞう,"imagination, guess",N3,noun,Society & Government
大臣,だいじん,cabinet minister,N3,noun,Society & Government
大統領,だいとうりょう,president,N3,noun,Society & Government
裁く,さばく,to judge,N3,verb,Society & Government
知事,ちじ,prefectural governor,N3,noun,Society & Government
罪,つみ,"crime, fault, indiscretion",N3,noun,Society & Government
党,とう,party (political),N3,noun,Society & Government
爆発,ばくはつ,"explosion, detonation, eruption",N3,noun,Society & Government
犯罪,はんざい,crime,N3,noun,Society & Government
犯人,はんにん,"offender, criminal",N3,noun,Society & Government
平和,へいわ,peace,N3,noun,Society & Government
法,ほう,Act (law: the X Act),N3,noun,Society & Government
選挙,せんきょ,election,N3,noun,Society & Government
選考,せんこう,"selection, screening",N3,noun,Society & Government
ルール,ルール,rule,N3,noun,Society & Government
無事,ぶじ,"safety, peace",N3,na-adjective,Society & Government
尤も,もっとも,"quite right, plausible, natural",N3,adverb,Society & Government
左右,さゆう,left and right; influence,N3,noun,Abstract Concepts
事実,じじつ,"fact, truth, reality",N3,noun,Abstract Concepts
事情,じじょう,"circumstances, situation, reasons",N3,noun,Abstract Concepts
状態,じょうたい,"condition, situation",N3,noun,Abstract Concepts
進歩,しんぽ,"improvement, progress, development",N3,noun,Abstract Concepts
水準,すいじゅん,"level, standard",N3,noun,Abstract Concepts
責任,せきにん,"duty, responsibility",N3,noun,Abstract Concepts
梅,うめ,"plum, lowest (of a three-tier ranking system)",N3,noun,Abstract Concepts
影響,えいきょう,"influence, effect",N3,noun,Abstract Concepts
価値,かち,"value, worth, merit",N3,noun,Abstract Concepts
関連,かんれん,"relation, connection, relevance",N3,noun,Abstract Concepts
奇妙,きみょう,"strange, queer, curious",N3,noun,Abstract Concepts
義務,ぎむ,"duty, obligation, responsibility",N3,noun,Abstract Concepts
急速,きゅうそく,"rapid (e.g., progress)",N3,noun,Abstract Concepts
傾向,けいこう,"tendency, trend, inclination",N3,noun,Abstract Concepts
ケース,ケース,case,N3,noun,Abstract Concepts
結果,けっか,"result, consequence",N3,noun,Abstract Concepts
限界,げんかい,"limit, bound",N3,noun,Abstract Concepts
現実,げんじつ,reality,N3,noun,Abstract Concepts
現状,げんじょう,"present condition, status quo",N3,noun,Abstract Concepts
効果,こうか,"effect, result",N3,noun,Abstract Concepts
構成,こうせい,"organization, composition",N3,noun,Abstract Concepts
差,さ,"difference, variation",N3,noun,Abstract Concepts
妙,みょう,"strange, unusual",N3,noun,Abstract Concepts
命令,めいれい,"order, command, decree",N3,noun,Abstract Concepts
基,もと,basis,N3,noun,Abstract Concepts
役,やく,"role, position",N3,noun,Abstract Concepts
例,れい,"instance, example, case",N3,noun,Abstract Concepts
限る,かぎる,"to restrict, to limit, to confine",N3,verb,Abstract Concepts
レベル,レベル,level,N3,noun,Abstract Concepts
縁,えん,"chance, tie, relationship",N3,noun,Abstract Concepts
格,かく,"status, character, case",N3,noun,Abstract Concepts
契機,けいき,"opportunity, chance",N3,noun,Abstract Concepts
件,けん,"matter, case, item",N3,noun,Abstract Concepts
相続,そうぞく,"succession, inheritance",N3,noun,Abstract Concepts
組織,そしき,organization; structure; tissue,N3,noun,Abstract Concepts
損,そん,"loss, disadvantage",N3,noun,Abstract Concepts
地位,ちい,"(social) position, status",N3,noun,Abstract Concepts
チャンス,チャンス,"chance, opportunity",N3,noun,Abstract Concepts
程度,ていど,"degree, amount, level",N3,noun,Abstract Concepts
典型,てんけい,"type, pattern, archetypal",N3,noun,Abstract Concepts
伝統,でんとう,"tradition, convention",N3,noun,Abstract Concepts
発達,はったつ,"development, growth",N3,noun,Abstract Concepts
発展,はってん,"development, growth, progress",N3,noun,Abstract Concepts
範囲,はんい,"extent, scope, range",N3,noun,Abstract Concepts
不正,ふせい,"injustice, unfairness",N3,noun,Abstract Concepts
不利,ふり,"disadvantage, drawback",N3,noun,Abstract Concepts
文明,ぶんめい,civilization,N3,noun,Abstract Concepts
方法,ほうほう,"method, means, technique",N3,noun,Abstract Concepts
本当,ほんと,"truth, reality",N3,noun,Abstract Concepts
真理,しんり,truth,N3,noun,Abstract Concepts
相,そう,"aspect, phase, countenance",N3,noun,Abstract Concepts
違い,ちがい,"difference, discrepancy",N3,i-adjective,Abstract Concepts
種類,しゅるい,"variety, kind",N3,na-adjective,Abstract Concepts
異常,いじょう,"strangeness, abnormality, disorder",N3,na-adjective,Abstract Concepts
一種,いっしゅ,"a species, a kind, a variety",N3,na-adjective,Abstract Concepts
有効,ゆうこう,"valid, effectual",N3,na-adjective,Abstract Concepts
効く,きく,to be effective,N3,verb,Abstract Concepts
もしかすると,もしかすると,"perhaps, maybe, by some chance",N3,adverb,Abstract Concepts
わざと,わざと,on purpose,N3,adverb,Abstract Concepts
参考,さんこう,"reference, consultation",N3,noun,Everyday Essentials
賛成,さんせい,"approval, agreement",N3,noun,Everyday Essentials
事件,じけん,"event, affair, incident",N3,noun,Everyday Essentials
自殺,じさつ,suicide,N3,noun,Everyday Essentials
冷ます,さます,"to cool, to let cool",N3,verb,Everyday Essentials
実現,じつげん,"implementation, materialization, realization",N3,noun,Everyday Essentials
湿度,しつど,humidity,N3,noun,Everyday Essentials
実に,じつに,"indeed, truly, surely",N3,noun,Everyday Essentials
銃,じゅう,gun,N3,noun,Everyday Essentials
覚ます,さます,to awaken,N3,verb,Everyday Essentials
出身,しゅっしん,come from,N3,noun,Everyday Essentials
主要,しゅよう,"chief, main",N3,noun,Everyday Essentials
需要,じゅよう,demand,N3,noun,Everyday Essentials
順調,じゅんちょう,doing well,N3,noun,Everyday Essentials
覚める,さめる,"to wake, to wake up",N3,verb,Everyday Essentials
障害,しょうがい,"obstacle, impediment",N3,noun,Everyday Essentials
上達,じょうたつ,"improvement, advance",N3,noun,Everyday Essentials
冗談,じょうだん,a joke,N3,noun,Everyday Essentials
衝突,しょうとつ,"collision, conflict",N3,noun,Everyday Essentials
為る,する,"to do, to attempt",N3,verb,Everyday Essentials
承認,しょうにん,"recognition, approval",N3,noun,Everyday Essentials
賞品,しょうひん,"prize, trophy",N3,noun,Everyday Essentials
省略,しょうりゃく,"omission, abbreviation, abridgment",N3,noun,Everyday Essentials
女王,じょおう,queen,N3,noun,Everyday Essentials
諦める,あきらめる,"to give up, to abandon",N3,verb,Everyday Essentials
食卓,しょくたく,dining table,N3,noun,Everyday Essentials
女子,じょし,"woman, girl",N3,noun,Everyday Essentials
書物,しょもつ,books,N3,noun,Everyday Essentials
女優,じょゆう,actress,N3,noun,Everyday Essentials
与える,あたえる,to give,N3,verb,Everyday Essentials
書類,しょるい,"documents, official papers",N3,noun,Everyday Essentials
尻,しり,"buttocks, bottom",N3,noun,Everyday Essentials
信仰,しんこう,"(religious) faith, belief",N3,noun,Everyday Essentials
新鮮,しんせん,fresh,N3,noun,Everyday Essentials
在る; 有る,ある,"to live, to be, to exist",N3,verb,Everyday Essentials
信頼,しんらい,"reliance, trust, confidence",N3,noun,Everyday Essentials
心理,しんり,mentality,N3,noun,Everyday Essentials
睡眠,すいみん,sleep,N3,noun,Everyday Essentials
スタイル,スタイル,style,N3,noun,Everyday Essentials
討つ,うつ,"to attack, to avenge",N3,verb,Everyday Essentials
角,すみ,corner,N3,noun,Everyday Essentials
墨,すみ,ink,N3,noun,Everyday Essentials
精神,せいしん,"mind, soul, spirit",N3,noun,Everyday Essentials
精々,せいぜい,"at the most, at best",N3,noun,Everyday Essentials
撃つ,うつ,"to attack, to shoot",N3,verb,Everyday Essentials
成長,せいちょう,growth,N3,noun,Everyday Essentials
生長,せいちょう,growth,N3,noun,Everyday Essentials
生命,せいめい,life,N3,noun,Everyday Essentials
セット,セット,set,N3,noun,Everyday Essentials
映る,うつる,"to be reflected, to come out (photo)",N3,verb,Everyday Essentials
相変わらず,あいかわらず,"as ever, as usual",N3,noun,Everyday Essentials
あいにく,あいにく,unfortunately,N3,noun,Everyday Essentials
アウト,アウト,out,N3,noun,Everyday Essentials
悪魔,あくま,"devil, demon, evil spirit",N3,noun,Everyday Essentials
うなる,うなる,"to groan, to moan",N3,verb,Everyday Essentials
あちこち,あちこち,here and there,N3,noun,Everyday Essentials
穴,あな,hole,N3,noun,Everyday Essentials
脂,あぶら,fat,N3,noun,Everyday Essentials
誤り,あやまり,error,N3,noun,Everyday Essentials
奪う,うばう,"to rob, to deprive",N3,verb,Everyday Essentials
或,ある,"a certain..., some...",N3,noun,Everyday Essentials
泡,あわ,"bubble, foam",N3,noun,Everyday Essentials
安定,あんてい,"stability, equilibrium",N3,noun,Everyday Essentials
行き,いき,going,N3,noun,Everyday Essentials
得る,うる,"to get, to gain, to win",N3,verb,Everyday Essentials
行き,ゆき,going,N3,noun,Everyday Essentials
いずれ,いずれ,"where, which, who",N3,noun,Everyday Essentials
いたずら,いたずら,"trick, practical joke",N3,noun,Everyday Essentials
居眠り,いねむり,"dozing, nodding off",N3,noun,Everyday Essentials
覆う,おおう,"to cover, to hide, to conceal",N3,verb,Everyday Essentials
命,いのち,life,N3,noun,Everyday Essentials
否,いや,"no, the noes",N3,noun,Everyday Essentials
以来,いらい,"since, henceforth",N3,noun,Everyday Essentials
インク,インク,ink,N3,noun,Everyday Essentials
教わる,おそわる,to be taught,N3,verb,Everyday Essentials
引用,いんよう,"quotation, citation",N3,noun,Everyday Essentials
宇宙,うちゅう,"universe, cosmos, space",N3,noun,Everyday Essentials
円,えん,"circle, yen",N3,noun,Everyday Essentials
王,おう,king,N3,noun,Everyday Essentials
溺れる,おぼれる,"to be drowned, to indulge in",N3,verb,Everyday Essentials
王様,おうさま,king,N3,noun,Everyday Essentials
王子,おうじ,prince,N3,noun,Everyday Essentials
お辞儀,おじぎ,bow,N3,noun,Everyday Essentials
男の人,おとこのひと,man,N3,noun,Everyday Essentials
罹る,かかる,to suffer from,N3,verb,Everyday Essentials
帯,おび,"band, sash",N3,noun,Everyday Essentials
音,おん,"sound, note",N3,noun,Everyday Essentials
カー,カー,car,N3,noun,Everyday Essentials
カード,カード,"card, curd",N3,noun,Everyday Essentials
嗅ぐ,かぐ,"to sniff, to smell",N3,verb,Everyday Essentials
解決,かいけつ,"settlement, solution, resolution",N3,noun,Everyday Essentials
外出,がいしゅつ,"outing, going out",N3,noun,Everyday Essentials
香り,かおり,"aroma, fragrance",N3,noun,Everyday Essentials
確実,かくじつ,"certainty, reliability, soundness",N3,noun,Everyday Essentials
隠す,かくす,"to hide, to conceal",N3,verb,Everyday Essentials
学者,がくしゃ,scholar,N3,noun,Everyday Essentials
過去,かこ,past,N3,noun,Everyday Essentials
活動,かつどう,"action, activity",N3,noun,Everyday Essentials
活躍,かつやく,activity,N3,noun,Everyday Essentials
隠れる,かくれる,"to hide, to be hidden",N3,verb,Everyday Essentials
活用,かつよう,conjugation; practical use,N3,noun,Everyday Essentials
過程,かてい,process,N3,noun,Everyday Essentials
鐘,かね,"bell, chime",N3,noun,Everyday Essentials
可能,かのう,"possible, practicable, feasible",N3,noun,Everyday Essentials
欠ける,かける,to be lacking,N3,verb,Everyday Essentials
神,かみ,god,N3,noun,Everyday Essentials
殻,から,"shell, husk, hull",N3,noun,Everyday Essentials
缶,かん,"can, tin",N3,noun,Everyday Essentials
環境,かんきょう,"environment, circumstance",N3,noun,Everyday Essentials
乾かす,かわかす,to dry,N3,verb,Everyday Essentials
観察,かんさつ,"observation, survey",N3,noun,Everyday Essentials
完成,かんせい,"complete, completion; perfection",N3,noun,Everyday Essentials
貴重,きちょう,"precious, valuable",N3,noun,Everyday Essentials
気の毒,きのどく,"pitiful, a pity",N3,noun,Everyday Essentials
苦しむ,くるしむ,"to suffer, to groan, to be worried",N3,verb,Everyday Essentials
キャプテン,キャプテン,captain,N3,noun,Everyday Essentials
旧,きゅう,ex-,N3,noun,Everyday Essentials
吸収,きゅうしゅう,"absorption, suction",N3,noun,Everyday Essentials
供給,きょうきゅう,"supply, provision",N3,noun,Everyday Essentials
凍る,こおる,"to freeze, to be frozen over, to congeal",N3,verb,Everyday Essentials
許可,きょか,"permission, approval",N3,noun,Everyday Essentials
句,く,phrase,N3,noun,Everyday Essentials
鎖,くさり,chain,N3,noun,Everyday Essentials
管,くだ,"pipe, tube",N3,noun,Everyday Essentials
異なる,ことなる,"to differ, to vary",N3,verb,Everyday Essentials
暮らし,くらし,living; life style,N3,noun,Everyday Essentials
クリスマス,クリスマス,Christmas,N3,noun,Everyday Essentials
敬意,けいい,"respect, honor",N3,noun,Everyday Essentials
契約,けいやく,"contract, compact, agreement",N3,noun,Everyday Essentials
好む,このむ,"to like, to prefer",N3,verb,Everyday Essentials
化粧,けしょう,make-up (cosmetic),N3,noun,Everyday Essentials
欠陥,けっかん,"defect, fault, deficiency",N3,noun,Everyday Essentials
煙,けむり,"smoke, fumes",N3,noun,Everyday Essentials
光景,こうけい,"scene, spectacle",N3,noun,Everyday Essentials
刺さる,ささる,"to stick, to be stuck",N3,verb,Everyday Essentials
後者,こうしゃ,the latter,N3,noun,Everyday Essentials
行動,こうどう,"action, conduct, behavior",N3,noun,Everyday Essentials
強盗,ごうとう,"robbery, burglary",N3,noun,Everyday Essentials
候補,こうほ,candidacy,N3,noun,Everyday Essentials
用いる,もちいる,"to use, to make use of",N3,verb,Everyday Essentials
コード,コード,code; cord; chord,N3,noun,Everyday Essentials
氷,こおり,"ice, hail",N3,noun,Everyday Essentials
小包,こづつみ,"parcel, package",N3,noun,Everyday Essentials
粉,こな,"flour, powder",N3,noun,Everyday Essentials
止す,よす,"to cease, to give up",N3,verb,Everyday Essentials
小屋,こや,"hut, cabin, shed",N3,noun,Everyday Essentials
これら,これら,these,N3,noun,Everyday Essentials
混雑,こんざつ,"confusion, congestion",N3,noun,Everyday Essentials
こんなに,こんなに,"so, like this, in this way",N3,noun,Everyday Essentials
因る,よる,to come from,N3,verb,Everyday Essentials
困難,こんなん,"difficulty, distress",N3,noun,Everyday Essentials
混乱,こんらん,"chaos, confusion, mayhem",N3,noun,Everyday Essentials
際,さい,"on the occasion of, circumstances",N3,noun,Everyday Essentials
最中,さいちゅう,in the middle of,N3,noun,Everyday Essentials
欠く,かく,"to lack, to crack",N3,verb,Everyday Essentials
才能,さいのう,"talent, ability",N3,noun,Everyday Essentials
ママ,ママ,Mama,N3,noun,Everyday Essentials
豆,まめ,"beans, peas",N3,noun,Everyday Essentials
円,まる,circle,N3,noun,Everyday Essentials
賭ける,かける,"to bet, to risk, to gamble",N3,verb,Everyday Essentials
まるで,まるで,just like,N3,noun,Everyday Essentials
無視,むし,"disregard, ignore",N3,noun,Everyday Essentials
無駄,むだ,"futility, uselessness",N3,noun,Everyday Essentials
芽,め,sprout,N3,noun,Everyday Essentials
攻める,せめる,"to attack, to assault",N3,verb,Everyday Essentials
名詞,めいし,noun,N3,noun,Everyday Essentials
名人,めいじん,"master, expert",N3,noun,Everyday Essentials
迷惑,めいわく,"trouble, bother, annoyance",N3,noun,Everyday Essentials
メモ,メモ,"memorandum, note",N3,noun,Everyday Essentials
揃う,そろう,"to become complete, to be equal",N3,verb,Everyday Essentials
申し訳,もうしわけ,"apology, excuse",N3,noun,Everyday Essentials
もしも,もしも,if,N3,noun,Everyday Essentials
元,もと,"origin, original; former",N3,noun,Everyday Essentials
素,もと,prime,N3,noun,Everyday Essentials
確かめる,たしかめる,"to ascertain, to make sure",N3,verb,Everyday Essentials
物音,ものおと,sounds,N3,noun,Everyday Essentials
訳,やく,translation,N3,noun,Everyday Essentials
厄介,やっかい,"trouble, burden, care",N3,noun,Everyday Essentials
有能,ゆうのう,"able, capable, efficient",N3,noun,Everyday Essentials
達する,たっする,"to reach, to get to",N3,verb,Everyday Essentials
ユーモア,ユーモア,humor,N3,noun,Everyday Essentials
容器,ようき,"container, vessel",N3,noun,Everyday Essentials
用心,ようじん,"care, precaution, caution",N3,noun,Everyday Essentials
ヨット,ヨット,yacht,N3,noun,Everyday Essentials
黙る,だまる,to be silent,N3,verb,Everyday Essentials
予防,よぼう,"prevention, protection against",N3,noun,Everyday Essentials
読み,よみ,reading,N3,noun,Everyday Essentials
余裕,よゆう,excess; surplus,N3,noun,Everyday Essentials
ラケット,ラケット,racket,N3,noun,Everyday Essentials
捕まる,つかまる,to be arrested; to be caught,N3,verb,Everyday Essentials
例外,れいがい,exception,N3,noun,Everyday Essentials
列,れつ,"queue, line, row",N3,noun,Everyday Essentials
論文,ろんぶん,"thesis, paper",N3,noun,Everyday Essentials
脇,わき,side,N3,noun,Everyday Essentials
繋げる,つなげる,to connect,N3,verb,Everyday Essentials
我々,われわれ,we,N3,noun,Everyday Essentials
悪,あく,"evil, vice",N3,noun,Everyday Essentials
アップ,アップ,up,N3,noun,Everyday Essentials
アンケート,アンケート,"questionnaire (FRE: enquete), survey",N3,noun,Everyday Essentials
適する,てきする,"to fit, to suit",N3,verb,Everyday Essentials
異,い,objection,N3,noun,Everyday Essentials
渦,うず,swirl,N3,noun,Everyday Essentials
遅れ,おくれ,"delay, lag",N3,noun,Everyday Essentials
角,かく,angle,N3,noun,Everyday Essentials
届く,とどく,to reach,N3,verb,Everyday Essentials
核,かく,"nucleus, kernel",N3,noun,Everyday Essentials
狩り,かり,hunting,N3,noun,Everyday Essentials
管,かん,"pipe, tube",N3,noun,Everyday Essentials
菌,きん,"germ, bacterium",N3,noun,Everyday Essentials
取れる,とれる,"to come off, to be taken off",N3,verb,Everyday Essentials
計器,けいき,"meter, gauge",N3,noun,Everyday Essentials
荒廃,こうはい,ruin,N3,noun,Everyday Essentials
故人,こじん,the deceased,N3,noun,Everyday Essentials
絶滅,ぜつめつ,"destruction, extinction",N3,noun,Everyday Essentials
怠ける,なまける,"to be idle, to neglect",N3,verb,Everyday Essentials
善,ぜん,"good, virtue",N3,noun,Everyday Essentials
全,ぜん,"all, whole, entire",N3,noun,Everyday Essentials
洗剤,せんざい,detergent,N3,noun,Everyday Essentials
前者,ぜんしゃ,the former,N3,noun,Everyday Essentials
抜く,ぬく,"to extract, to omit, to unplug",N3,verb,Everyday Essentials
騒音,そうおん,noise,N3,noun,Everyday Essentials
底,そこ,"bottom, sole",N3,noun,Everyday Essentials
そこで,そこで,"so (conj.), accordingly",N3,noun,Everyday Essentials
そして,そして,and then,N3,noun,Everyday Essentials
濡らす,ぬらす,"to wet, to soak",N3,verb,Everyday Essentials
ソファー,ソファー,"sofa, couch",N3,noun,Everyday Essentials
それと,それと,and,N3,noun,Everyday Essentials
それとも,それとも,"or, or else",N3,noun,Everyday Essentials
尊敬,そんけい,"respect, reverence, honor",N3,noun,Everyday Essentials
覗く,のぞく,"to peek in, to look in",N3,verb,Everyday Essentials
尊重,そんちょう,"respect, esteem, regard",N3,noun,Everyday Essentials
大気,たいき,atmosphere,N3,noun,Everyday Essentials
滞在,たいざい,"stay, sojourn",N3,noun,Everyday Essentials
逮捕,たいほ,"arrest, apprehension, capture",N3,noun,Everyday Essentials
省く,はぶく,"to omit, to eliminate",N3,verb,Everyday Essentials
題名,だいめい,title,N3,noun,Everyday Essentials
宝,たから,treasure,N3,noun,Everyday Essentials
唯,たった,"only, just",N3,noun,Everyday Essentials
束,たば,"bunch, bundle",N3,noun,Everyday Essentials
含む,ふくむ,"to contain, to include",N3,verb,Everyday Essentials
弾,たま,"bullet, shot",N3,noun,Everyday Essentials
担当,たんとう,(in) charge,N3,noun,Everyday Essentials
中,ちゅう,"inside, middle, among",N3,noun,Everyday Essentials
頂上,ちょうじょう,"top, summit, peak",N3,noun,Everyday Essentials
含める,ふくめる,to include,N3,verb,Everyday Essentials
続き,つづき,"sequel, continuation",N3,noun,Everyday Essentials
包み,つつみ,"bundle, package",N3,noun,Everyday Essentials
適用,てきよう,applying,N3,noun,Everyday Essentials
できれば,できれば,if possible…,N3,noun,Everyday Essentials
増やす,ふやす,"to increase (v.t.), to add to",N3,verb,Everyday Essentials
鉄,てつ,iron,N3,noun,Everyday Essentials
動詞,どうし,verb,N3,noun,Everyday Essentials
投票,とうひょう,"voting, poll",N3,noun,Everyday Essentials
読書,どくしょ,reading,N3,noun,Everyday Essentials
殖やす,ふやす,"to increase, to add to",N3,verb,Everyday Essentials
特長,とくちょう,"forte, merit",N3,noun,Everyday Essentials
どこか,どこか,"somewhere, anywhere",N3,noun,Everyday Essentials
ところで,ところで,by the way; even if,N3,noun,Everyday Essentials
図書,としょ,books,N3,noun,Everyday Essentials
減らす,へらす,"to decrease, to diminish",N3,verb,Everyday Essentials
トップ,トップ,top,N3,noun,Everyday Essentials
泥,どろ,mud,N3,noun,Everyday Essentials
トン,トン,ton (1000 lbs.),N3,noun,Everyday Essentials
どんなに,どんなに,"how, how much",N3,noun,Everyday Essentials
微笑む,ほほえむ,to smile,N3,verb,Everyday Essentials
トンネル,トンネル,tunnel,N3,noun,Everyday Essentials
無し,なし,without,N3,noun,Everyday Essentials
生,なま,"raw, unprocessed",N3,noun,Everyday Essentials
縄,なわ,rope,N3,noun,Everyday Essentials
増す,ます,"to increase, to gain",N3,verb,Everyday Essentials
人気,にんき,popularity,N3,noun,Everyday Essentials
能力,のうりょく,"ability, faculty",N3,noun,Everyday Essentials
ノー,ノー,no,N3,noun,Everyday Essentials
軒,のき,eaves,N3,noun,Everyday Essentials
摘む,つむ,"to pluck, to pick, to trim",N3,verb,Everyday Essentials
残り,のこり,"remaining, left-over",N3,noun,Everyday Essentials
パイロット,パイロット,pilot,N3,noun,Everyday Essentials
墓,はか,"grave, tomb",N3,noun,Everyday Essentials
はさみ,はさみ,scissors,N3,noun,Everyday Essentials
強める,つよめる,"to strengthen, to emphasize",N3,verb,Everyday Essentials
旗,はた,flag,N3,noun,Everyday Essentials
裸,はだか,"naked, nude",N3,noun,Everyday Essentials
バッグ,バッグ,bag,N3,noun,Everyday Essentials
発明,はつめい,invention,N3,noun,Everyday Essentials
綴じる,とじる,"to bind, to file",N3,verb,Everyday Essentials
判断,はんだん,"judgment, decision",N3,noun,Everyday Essentials
ピクニック,ピクニック,picnic,N3,noun,Everyday Essentials
否定,ひてい,"negation, denial",N3,noun,Everyday Essentials
批判,ひはん,criticism,N3,noun,Everyday Essentials
諮る,はかる,"to consult with, to confer",N3,verb,Everyday Essentials
評価,ひょうか,"assessment, evaluation",N3,noun,Everyday Essentials
瓶,びん,bottle,N3,noun,Everyday Essentials
ピン,ピン,pin,N3,noun,Everyday Essentials
袋,ふくろ,"bag, sack",N3,noun,Everyday Essentials
縁,ふち,"edge, rim",N3,noun,Everyday Essentials
物質,ぶっしつ,"material, substance",N3,noun,Everyday Essentials
筆,ふで,writing brush,N3,noun,Everyday Essentials
プラス,プラス,plus,N3,noun,Everyday Essentials
プラスチック,プラスチック,plastic,N3,noun,Everyday Essentials
ブレーキ,ブレーキ,a brake,N3,noun,Everyday Essentials
ベンチ,ベンチ,bench,N3,noun,Everyday Essentials
方,ほう,side,N3,noun,Everyday Essentials
棒,ぼう,"pole, rod, stick",N3,noun,Everyday Essentials
冒険,ぼうけん,"risk, venture, adventure",N3,noun,Everyday Essentials
埃,ほこり,dust,N3,noun,Everyday Essentials
保存,ほぞん,"preservation, conservation",N3,noun,Everyday Essentials
仏,ほとけ,Buddha,N3,noun,Everyday Essentials
炎,ほのお,flame,N3,noun,Everyday Essentials
濠,ほり,moat,N3,noun,Everyday Essentials
マイク,マイク,mic,N3,noun,Everyday Essentials
マイナス,マイナス,minus,N3,noun,Everyday Essentials
真似,まね,"mimicry, imitation, behavior",N3,noun,Everyday Essentials
酸化,さんか,oxidation,N3,noun,Everyday Essentials
辞退,じたい,refusal,N3,noun,Everyday Essentials
脂肪,しぼう,"fat, grease",N3,noun,Everyday Essentials
衆,しゅう,"masses, people",N3,noun,Everyday Essentials
女史,じょし,Ms.,N3,noun,Everyday Essentials
ショック,ショック,shock,N3,noun,Everyday Essentials
進行,しんこう,advance,N3,noun,Everyday Essentials
ストレス,ストレス,stress,N3,noun,Everyday Essentials
生理,せいり,"physiology, menses",N3,noun,Everyday Essentials
節,せつ,"when, if; section; clause",N3,noun,Everyday Essentials
禅,ぜん,Zen (Buddhism),N3,noun,Everyday Essentials
先行,せんこう,"preceding, going first",N3,noun,Everyday Essentials
僧,そう,"monk, priest",N3,noun,Everyday Essentials
像,ぞう,"statue, image",N3,noun,Everyday Essentials
操縦,そうじゅう,"management, control, manipulation",N3,noun,Everyday Essentials
タイトル,タイトル,title,N3,noun,Everyday Essentials
ダウン,ダウン,down,N3,noun,Everyday Essentials
盾,たて,shield,N3,noun,Everyday Essentials
チャイム,チャイム,chime,N3,noun,Everyday Essentials
挑戦,ちょうせん,"challenge, defiance",N3,noun,Everyday Essentials
と,と,and,N3,noun,Everyday Essentials
音,ね,"sound, note",N3,noun,Everyday Essentials
判,はん,size (of paper or books),N3,noun,Everyday Essentials
非行,ひこう,"delinquency, misconduct",N3,noun,Everyday Essentials
保護,ほご,"care, protection, shelter",N3,noun,Everyday Essentials
マッサージ,マッサージ,massage,N3,noun,Everyday Essentials
ラベル,ラベル,label,N3,noun,Everyday Essentials
うがい,うがい,gargling,N3,i-adjective,Everyday Essentials
羨ましい,うらやましい,"envious, enviable",N3,i-adjective,Everyday Essentials
かもしれない,かもしれない,"maybe, perhaps",N3,i-adjective,Everyday Essentials
臭い,くさい,"stinky, smelly, bad-smelling",N3,i-adjective,Everyday Essentials
幸い,さいわい,fortunately; luckily,N3,i-adjective,Everyday Essentials
蒸し暑い,むしあつい,"humid, sultry",N3,i-adjective,Everyday Essentials
笑い,わらい,"laugh, laughter, smile",N3,i-adjective,Everyday Essentials
互い,たがい,"mutual, each other",N3,i-adjective,Everyday Essentials
出合い,であい,an encounter,N3,i-adjective,Everyday Essentials
問い,とい,"question, query",N3,i-adjective,Everyday Essentials
等しい,ひとしい,equal,N3,i-adjective,Everyday Essentials
間違い,まちがい,mistake,N3,i-adjective,Everyday Essentials
良い,よい,"good, nice",N3,i-adjective,Everyday Essentials
様々,さまざま,"varied, various",N3,na-adjective,Everyday Essentials
ただ,ただ,free of charge; just (~); only (~),N3,na-adjective,Everyday Essentials
只,ただ,"free of charge, mere, only",N3,na-adjective,Everyday Essentials
単なる,たんなる,"mere, simple, sheer",N3,na-adjective,Everyday Essentials
ちゃんと,ちゃんと,"perfectly, properly, exactly",N3,na-adjective,Everyday Essentials
適切,てきせつ,"appropriate, adequate, relevance",N3,na-adjective,Everyday Essentials
莫大,ばくだい,"enormous, vast",N3,na-adjective,Everyday Essentials
非常,ひじょう,"emergency, extraordinary, unusual",N3,na-adjective,Everyday Essentials
ぼんやり,ぼんやり,"dim, faint, vague",N3,na-adjective,Everyday Essentials
当然,とうぜん,obvious; natural,N3,na-adjective,Everyday Essentials
したがって,したがって,"therefore, consequently",N3,adverb,Everyday Essentials
全て,すべて,"all, the whole, entirely",N3,adverb,Everyday Essentials
あらゆる,あらゆる,"all, every",N3,adverb,Everyday Essentials
あるいは,あるいは,"or, perhaps",N3,adverb,Everyday Essentials
あんまり,あんまり,"not very, not much",N3,adverb,Everyday Essentials
恐らく,おそらく,perhaps,N3,adverb,Everyday Essentials
主に,おもに,"mainly, primarily",N3,adverb,Everyday Essentials
急に,きゅうに,suddenly,N3,adverb,Everyday Essentials
極,ごく,"quite, very",N3,adverb,Everyday Essentials
約,やく,"approximately, about, some",N3,adverb,Everyday Essentials
僅か,わずか,"only, merely, a little",N3,adverb,Everyday Essentials
それぞれ,それぞれ,"each, every, respectively",N3,adverb,Everyday Essentials
だが,だが,"but, however",N3,adverb,Everyday Essentials
だけど,だけど,however,N3,adverb,Everyday Essentials
単に,たんに,"simply, merely",N3,adverb,Everyday Essentials
ですから,ですから,therefore,N3,adverb,Everyday Essentials
ところが,ところが,"however, while, even if",N3,adverb,Everyday Essentials
方々,ほうぼう,"here and there, everywhere",N3,adverb,Everyday Essentials
はあ (かん),はあ (かん),(sigh),N3,expression,Everyday Essentials
灰,はい,ash,N3,expression,Everyday Essentials
それはいけませんね (かん),それはいけませんね (かん),that's not good,N2,noun,Basic Greetings
ただいま,ただいま,"Here I am, I'm home!",N2,noun,Basic Greetings
かしこまりました,かしこまりました,Certainly,N2,adverb,Basic Greetings
うんと,うんと,"a great deal, very much",N2,adverb,Basic Greetings
すまない,すまない,sorry (phrase),N2,expression,Basic Greetings
おかけください,おかけください,please sit down,N2,expression,Basic Greetings
おかげさまで,おかげさまで,"Thanks to god, thanks to you",N2,expression,Basic Greetings
おかまいなく,おかまいなく,please don't fuss over me,N2,expression,Basic Greetings
お気の毒に,おきのどくに,I'm sorry to hear that…,N2,expression,Basic Greetings
お元気で,おげんきで,Take care',N2,expression,Basic Greetings
お邪魔します,おじゃまします,Excuse me for disturbing you,N2,expression,Basic Greetings
お大事に,おだいじに,"Take care of yourself, Take care!, Get well soon",N2,expression,Basic Greetings
お願いします,おねがいします,"Please (lit., I request)",N2,expression,Basic Greetings
おはよう,おはよう,(abbr.) Good morning,N2,expression,Basic Greetings
お待たせしました,おまたせしました,Sorry to have kept you waiting,N2,expression,Basic Greetings
お待ちください,おまちください,Please wait a moment,N2,expression,Basic Greetings
おまちどおさま,おまちどおさま,Sorry to have kept you waiting,N2,expression,Basic Greetings
おめでたい,おめでたい,"happy event, matter for congratulation",N2,expression,Basic Greetings
恐縮,きょうしゅく,sorry to trouble,N2,expression,Basic Greetings
気を付ける,きをつける,"to be careful, to pay attention, to take care",N2,expression,Basic Greetings
ご苦労様,ごくろうさま,Thank you for your had work,N2,expression,Basic Greetings
ごちそうさま,ごちそうさま,Thank you for the meal,N2,expression,Basic Greetings
御免,ごめん,"declining (something); pardon, sorry",N2,expression,Basic Greetings
ごめんください,ごめんください,"May I come in, Is anyone here",N2,expression,Basic Greetings
こんばんは,こんばんは,good evening,N2,expression,Basic Greetings
さようなら,さようなら,good-bye,N2,expression,Basic Greetings
しつれいしました (かん),しつれいしました (かん),"Excuse me., I'm sorry.",N2,expression,Basic Greetings
行っていらっしゃい,いっていらっしゃい,"have a nice day, see you",N2,expression,Basic Greetings
行ってらっしゃい,いってらっしゃい,"have a nice day, see you",N2,expression,Basic Greetings
ええと,ええと,"let me see, well, er...",N2,expression,Basic Greetings
どういたしまして (かん),どういたしまして (かん),"you are welcome, don't mention it",N2,expression,Basic Greetings
はい (かん),はい (かん),yes,N2,expression,Basic Greetings
はじめまして,はじめまして,"How do you do, I am glad to meet you",N2,expression,Basic Greetings
毎度,まいど,"each time, common service-sector greeting",N2,expression,Basic Greetings
申し訳ない,もうしわけない,"inexcusable, I am sorry",N2,expression,Basic Greetings
重量,じゅうりょう,heavyweight,N2,noun,Numbers & Counting
受話器,じゅわき,(telephone) receiver,N2,noun,Numbers & Counting
小数,しょうすう,"fraction (part of), decimal",N2,noun,Numbers & Counting
図形,ずけい,figure,N2,noun,Numbers & Counting
寸法,すんぽう,"measurement, size, dimension",N2,noun,Numbers & Counting
整数,せいすう,integer,N2,noun,Numbers & Counting
涼む,すずむ,"to cool oneself, to cool off",N2,verb,Numbers & Counting
生存,せいぞん,"existence, being, survival",N2,noun,Numbers & Counting
整備,せいび,"maintenance, overhaul",N2,noun,Numbers & Counting
洗面,せんめん,"wash up (one's face), have a wash",N2,noun,Numbers & Counting
続々,ぞくぞく,"successively, one after another",N2,noun,Numbers & Counting
測定,そくてい,measurement,N2,noun,Numbers & Counting
測量,そくりょう,"measurement, surveying",N2,noun,Numbers & Counting
接する,せっする,to attend to (someone); to associate with,N2,verb,Numbers & Counting
算盤,そろばん,abacus,N2,noun,Numbers & Counting
対策,たいさく,"counter-plan, counter-measure",N2,noun,Numbers & Counting
ダブル,ダブル,double,N2,noun,Numbers & Counting
送り仮名,おくりがな,part of word written in kana,N2,noun,Numbers & Counting
思い切り,おもいきり,"with all one's strength (heart), resignation, resolution",N2,noun,Numbers & Counting
温帯,おんたい,temperate zone,N2,noun,Numbers & Counting
脅かす,おどかす,"to threaten, to coerce",N2,verb,Numbers & Counting
回数,かいすう,"number of times, frequency",N2,noun,Numbers & Counting
回数券,かいすうけん,book of tickets,N2,noun,Numbers & Counting
拡張,かくちょう,"expansion, extension",N2,noun,Numbers & Counting
掛け算,かけざん,multiplication,N2,noun,Numbers & Counting
過半数,かはんすう,majority,N2,noun,Numbers & Counting
構いません,かまいません,it's all right; one doesn’t mind,N2,noun,Numbers & Counting
驚かす,おどろかす,"to surprise, to frighten",N2,verb,Numbers & Counting
貨物,かもつ,"cargo, freight",N2,noun,Numbers & Counting
寒帯,かんたい,frigid zone,N2,noun,Numbers & Counting
強化,きょうか,"strengthen, intensify, reinforce",N2,noun,Numbers & Counting
偶数,ぐうすう,even number,N2,noun,Numbers & Counting
クーラー,クーラー,air conditioner,N2,noun,Numbers & Counting
桁,けた,"column, beam, digit",N2,noun,Numbers & Counting
係わる,かかわる,"to concern oneself in, to be involved in",N2,verb,Numbers & Counting
高度,こうど,"altitude, height; advanced",N2,noun,Numbers & Counting
五十音,ごじゅうおん,the Japanese syllabary,N2,noun,Numbers & Counting
再三,さいさん,"again and again, repeatedly",N2,noun,Numbers & Counting
三角,さんかく,"triangle, triangular",N2,noun,Numbers & Counting
算数,さんすう,arithmetic,N2,noun,Numbers & Counting
四捨五入,ししゃごにゅう,rounding up (fractions),N2,noun,Numbers & Counting
片寄る,かたよる,"to be one-sided, to incline, to be partial",N2,verb,Numbers & Counting
自宅,じたく,one's own home (same as 自分の家 (じぶんのいえ)),N2,noun,Numbers & Counting
地盤,じばん,(the) ground,N2,noun,Numbers & Counting
紙幣,しへい,"paper money, notes, bills",N2,noun,Numbers & Counting
零点,れいてん,"zero, no marks",N2,noun,Numbers & Counting
割合に,わりあいに,"relatively, comparatively",N2,noun,Numbers & Counting
割算,わりざん,division (math),N2,noun,Numbers & Counting
兼ねる,かねる,to simultaneously serve two or more functions,N2,verb,Numbers & Counting
割と,わりと,"relatively, comparatively",N2,noun,Numbers & Counting
割引,わりびき,discount,N2,noun,Numbers & Counting
ワンピース,ワンピース,one-piece dress,N2,noun,Numbers & Counting
あれこれ,あれこれ,"one thing or another, this and that",N2,noun,Numbers & Counting
アンテナ,アンテナ,antenna,N2,noun,Numbers & Counting
いちいち,いちいち,"one by one, separately",N2,noun,Numbers & Counting
着替える,きがえる,to change (one's) clothes,N2,verb,Numbers & Counting
一応,いちおう,"tentatively, for the time being",N2,noun,Numbers & Counting
一段と,いちだんと,"by far, greater",N2,noun,Numbers & Counting
一流,いちりゅう,"first class, leading",N2,noun,Numbers & Counting
一旦,いったん,"once, for a moment",N2,noun,Numbers & Counting
一定,いってい,"fixed, settled, regular",N2,noun,Numbers & Counting
売上,うりあげ,"amount sold, proceeds",N2,noun,Numbers & Counting
削る,けずる,"to cut down little by little, to take a percentage",N2,verb,Numbers & Counting
英文,えいぶん,sentence in English,N2,noun,Numbers & Counting
延長,えんちょう,"extension, prolongation",N2,noun,Numbers & Counting
統一,とういつ,"unity, consolidation, uniformity",N2,noun,Numbers & Counting
内線,ないせん,phone extension,N2,noun,Numbers & Counting
ナンバー,ナンバー,number,N2,noun,Numbers & Counting
乗り越し,のりこし,riding past (one's station),N2,noun,Numbers & Counting
静まる,しずまる,"to quieten down, to calm down",N2,verb,Numbers & Counting
半径,はんけい,radius,N2,noun,Numbers & Counting
万歳,ばんざい,"banzai, Long live ~!",N2,noun,Numbers & Counting
番地,ばんち,"house number, address",N2,noun,Numbers & Counting
引算,ひきざん,subtraction,N2,noun,Numbers & Counting
一通り,ひととおり,"general, briefly",N2,noun,Numbers & Counting
一休み,ひとやすみ,a rest,N2,noun,Numbers & Counting
追いかける,おいかける,to chase or run after someone,N2,verb,Numbers & Counting
独り言,ひとりごと,"a soliloquy, a monologue, speaking to oneself",N2,noun,Numbers & Counting
美容,びよう,beauty of figure or form,N2,noun,Numbers & Counting
広さ,ひろさ,extent,N2,noun,Numbers & Counting
広々,ひろびろ,"extensive, spacious",N2,noun,Numbers & Counting
便箋,びんせん,"writing paper, stationery",N2,noun,Numbers & Counting
ファスナー,ファスナー,"fastener, zipper",N2,noun,Numbers & Counting
採る,とる,"to adopt (measure, proposal); to pick (fruit)",N2,verb,Numbers & Counting
複数,ふくすう,"plural, multiple",N2,noun,Numbers & Counting
分数,ぶんすう,fraction (in math),N2,noun,Numbers & Counting
文房具,ぶんぼうぐ,stationery,N2,noun,Numbers & Counting
分量,ぶんりょう,"amount, quantity",N2,noun,Numbers & Counting
方程式,ほうていしき,equation,N2,noun,Numbers & Counting
枚数,まいすう,the number of flat things,N2,noun,Numbers & Counting
話し掛ける,はなしかける,"to accost a person, to talk (to someone)",N2,verb,Numbers & Counting
真っ暗,まっくら,total darkness,N2,noun,Numbers & Counting
自ら,みずから,"for one's self, personally",N2,noun,Numbers & Counting
矛盾,むじゅん,"contradiction, inconsistency",N2,noun,Numbers & Counting
無数,むすう,"countless number, infinite number",N2,noun,Numbers & Counting
物差し,ものさし,"ruler, measure",N2,noun,Numbers & Counting
行方,ゆくえ,one's whereabouts,N2,noun,Numbers & Counting
振り向く,ふりむく,"to turn one's face, to turn around",N2,verb,Numbers & Counting
四つ角,よつかど,"four corners, crossroads",N2,noun,Numbers & Counting
単数,たんすう,singular (number),N2,noun,Numbers & Counting
地下水,ちかすい,underground water,N2,noun,Numbers & Counting
中途,ちゅうと,"in the middle, half-way",N2,noun,Numbers & Counting
直径,ちょっけい,diameter,N2,noun,Numbers & Counting
追加,ついか,"addition, supplement, appendix",N2,noun,Numbers & Counting
解く,ほどく,to unfasten,N2,verb,Numbers & Counting
定員,ていいん,"fixed number of regular personnel, capacity (e.g., of boat)",N2,noun,Numbers & Counting
転々,てんてん,from one to another,N2,noun,Numbers & Counting
電柱,でんちゅう,"telephone pole, telegraph pole, light pole",N2,noun,Numbers & Counting
四角い,しかくい,square,N2,i-adjective,Numbers & Counting
しつこい,しつこい,"insistent, obstinate",N2,i-adjective,Numbers & Counting
軟らかい,やわらかい,"soft, tender, limp",N2,i-adjective,Numbers & Counting
巡る,めぐる,to go around,N2,verb,Numbers & Counting
膨大,ぼうだい,"enormous, extensive",N2,na-adjective,Numbers & Counting
幼稚園,ようちえん,kindergarten,N2,na-adjective,Numbers & Counting
一斉,いっせい,"simultaneous, all at once",N2,adverb,Numbers & Counting
殿,どの,Mister (mostly in addressing someone on an envelope),N2,adverb,Numbers & Counting
～条,～じょう,counter for article,N2,counter,Numbers & Counting
～席,～せき,counter for seats,N2,counter,Numbers & Counting
～艘,～そう,counter for ships,N2,counter,Numbers & Counting
～校,～こう,counter for school,N2,counter,Numbers & Counting
～号,～ごう,counter for magazine; the name of ship,N2,counter,Numbers & Counting
～室,～しつ,counter for room,N2,counter,Numbers & Counting
～社,～しゃ,counter for company,N2,counter,Numbers & Counting
～泊,～はく,"counter for staying (e.g., 2 nights)",N2,counter,Numbers & Counting
～発,～はつ,counter for bullets,N2,counter,Numbers & Counting
～名,～めい,counter for people,N2,counter,Numbers & Counting
～問,～もん,counter for questions,N2,counter,Numbers & Counting
～通,～つう,counter for letters,N2,counter,Numbers & Counting
～点,～てん,counter for scores,N2,counter,Numbers & Counting
女～,じょ～,things done by women,N2,prefix/suffix,Numbers & Counting
～場,～じょう,"kind of field, ground",N2,prefix/suffix,Numbers & Counting
～がち,～がち,tend to do ~,N2,prefix/suffix,Numbers & Counting
一～,ひと～,one ~,N2,prefix/suffix,Numbers & Counting
～兆,～ちょう,trillion,N2,prefix/suffix,Numbers & Counting
周辺,しゅうへん,"circumference, peripheral",N2,noun,Time & Dates
祝日,しゅくじつ,national holiday,N2,noun,Time & Dates
上旬,じょうじゅん,first 10 days of month,N2,noun,Time & Dates
初旬,しょじゅん,first 10 days of the month,N2,noun,Time & Dates
深夜,しんや,late at night,N2,noun,Time & Dates
水分,すいぶん,moisture,N2,noun,Time & Dates
ずうっと,ずうっと,"all the time, all the way",N2,noun,Time & Dates
隙,すき,"unguarded moment, chance",N2,noun,Time & Dates
生ずる,しょうずる,"to cause, to arise, to be generated",N2,verb,Time & Dates
成分,せいぶん,"ingredient, component, composition",N2,noun,Time & Dates
西暦,せいれき,"Christian Era, after (Christ’s) death (A.D.)",N2,noun,Time & Dates
前後,ぜんご,"front and back, before and after",N2,noun,Time & Dates
先々月,せんせんげつ,month before last,N2,noun,Time & Dates
先々週,せんせんしゅう,2 weeks before,N2,noun,Time & Dates
センチ,センチ,centimeter,N2,noun,Time & Dates
全般,ぜんぱん,"(the) whole, general",N2,noun,Time & Dates
葬式,そうしき,funeral,N2,noun,Time & Dates
存じる,ぞんじる,(humble) to know,N2,verb,Time & Dates
そのころ,そのころ,"in those days, at that time, then",N2,noun,Time & Dates
大分,だいぶん,"considerably, greatly, a lot",N2,noun,Time & Dates
対立,たいりつ,"confrontation, opposition, antagonism",N2,noun,Time & Dates
脱線,だっせん,"derailment, digression",N2,noun,Time & Dates
お代わり,おかわり,"second helping, another cup",N2,noun,Time & Dates
お先に,おさきに,"before, after you",N2,noun,Time & Dates
お休み,おやすみ,"holiday, absence; (exp.) Good night",N2,noun,Time & Dates
おやつ,おやつ,"between meal snack, afternoon refreshment",N2,noun,Time & Dates
存ずる,ぞんずる,(humble) to know,N2,verb,Time & Dates
改正,かいせい,"revision, amendment, alteration",N2,noun,Time & Dates
解放,かいほう,"release, liberation, emancipation",N2,noun,Time & Dates
概論,がいろん,"introduction, general remark",N2,noun,Time & Dates
学年,がくねん,"year in school, grade in school",N2,noun,Time & Dates
加速,かそく,acceleration,N2,noun,Time & Dates
加速度,かそくど,acceleration,N2,noun,Time & Dates
元日,がんじつ,New Year's Day,N2,noun,Time & Dates
休業,きゅうぎょう,"closure, shutdown, holiday",N2,noun,Time & Dates
遡る,さかのぼる,"to go back, to date back; ascend",N2,verb,Time & Dates
区分,くぶん,"division, section, classification",N2,noun,Time & Dates
下旬,げじゅん,month (last third of),N2,noun,Time & Dates
下水,げすい,"drainage, sewage, ditch, gutter, sewerage",N2,noun,Time & Dates
月給,げっきゅう,monthly salary,N2,noun,Time & Dates
月末,げつまつ,end of the month,N2,noun,Time & Dates
交替,こうたい,"change, relief, alteration",N2,noun,Time & Dates
鉱物,こうぶつ,mineral,N2,noun,Time & Dates
祭日,さいじつ,"national holiday, festival day",N2,noun,Time & Dates
憧れる,あこがれる,"to long for, to yearn after",N2,verb,Time & Dates
一昨昨日,さきおととい,"two days before yesterday, three days ago",N2,noun,Time & Dates
先程,さきほど,a little while ago,N2,noun,Time & Dates
明明後日,しあさって,two days after tomorrow,N2,noun,Time & Dates
時間割,じかんわり,"timetable, schedule",N2,noun,Time & Dates
時速,じそく,speed (per hour),N2,noun,Time & Dates
締切,しめきり,deadline,N2,noun,Time & Dates
終点,しゅうてん,"terminus, last stop (e.g train)",N2,noun,Time & Dates
留守番,るすばん,"care-taking, caretaker, house-watching",N2,noun,Time & Dates
承る,うけたまわる,"(humble) to hear, to be told, to know",N2,verb,Time & Dates
明け方,あけがた,dawn,N2,noun,Time & Dates
朝寝坊,あさねぼう,"oversleeping, late riser",N2,noun,Time & Dates
改めて,あらためて,"another time, again",N2,noun,Time & Dates
幾分,いくぶん,somewhat,N2,noun,Time & Dates
以降,いこう,"on and after, hereafter",N2,noun,Time & Dates
一昨日,いっさくじつ,day before yesterday,N2,noun,Time & Dates
一昨年,いっさくねん,year before last,N2,noun,Time & Dates
等分,とうぶん,division into equal parts,N2,noun,Time & Dates
倣う,ならう,"to imitate, to follow, to emulate",N2,verb,Time & Dates
斜め,ななめ,"diagonal, oblique",N2,noun,Time & Dates
日時,にちじ,date and time,N2,noun,Time & Dates
日用品,にちようひん,daily necessities,N2,noun,Time & Dates
日課,にっか,"daily work, daily routine",N2,noun,Time & Dates
日程,にってい,schedule,N2,noun,Time & Dates
年度,ねんど,"year, fiscal year",N2,noun,Time & Dates
はきはき,はきはき,clearly,N2,noun,Time & Dates
斜,はす,diagonal,N2,noun,Time & Dates
始めに,はじめに,"to begin with, first of all",N2,verb,Time & Dates
日帰り,ひがえり,day trip,N2,noun,Time & Dates
日陰,ひかげ,shadow,N2,noun,Time & Dates
ひとまず,ひとまず,"for the present, once, for the time being",N2,noun,Time & Dates
日日,ひにち,date,N2,noun,Time & Dates
昼寝,ひるね,"nap (at home), siesta",N2,noun,Time & Dates
分解,ぶんかい,"analysis, disassembly",N2,noun,Time & Dates
文献,ぶんけん,"literature, books (reference)",N2,noun,Time & Dates
分布,ぶんぷ,distribution,N2,noun,Time & Dates
初めに,はじめに,"to begin with, first of all",N2,verb,Time & Dates
分類,ぶんるい,classification,N2,noun,Time & Dates
並行,へいこう,"(going) side by side, concurrent, at the same time",N2,noun,Time & Dates
平日,へいじつ,weekday,N2,noun,Time & Dates
ベテラン,ベテラン,veteran,N2,noun,Time & Dates
間も無く,まもなく,"soon, in a short time",N2,noun,Time & Dates
三日月,みかづき,crescent moon,N2,noun,Time & Dates
夜間,やかん,"at night, nighttime",N2,noun,Time & Dates
夜行,やこう,"night train, night travel",N2,noun,Time & Dates
膨らます,ふくらます,"to swell, to expand, to inflate",N2,verb,Time & Dates
夕刊,ゆうかん,evening paper,N2,noun,Time & Dates
夕立,ゆうだち,(sudden) evening shower (rain),N2,noun,Time & Dates
夕日,ゆうひ,"(in) the evening sun, setting sun",N2,noun,Time & Dates
用語,ようご,"term, terminology",N2,noun,Time & Dates
来日,らいにち,"coming to Japan, visit to Japan",N2,noun,Time & Dates
ラッシュアワー,ラッシュアワー,rush hour,N2,noun,Time & Dates
短期,たんき,short term,N2,noun,Time & Dates
中旬,ちゅうじゅん,second third of a month,N2,noun,Time & Dates
膨らむ,ふくらむ,"to expand, to swell (out), to become inflated",N2,verb,Time & Dates
中世,ちゅうせい,"Middle Ages, medieval times",N2,noun,Time & Dates
中年,ちゅうねん,middle-aged,N2,noun,Time & Dates
直前,ちょくぜん,just before,N2,noun,Time & Dates
月日,つきひ,"time, years, days",N2,noun,Time & Dates
定休日,ていきゅうび,regular holiday,N2,noun,Time & Dates
臨時,りんじ,"temporary, special, extraordinary",N2,na-adjective,Time & Dates
たちまち,たちまち,"instantly, suddenly, all at once",N2,adverb,Time & Dates
こないだ,こないだ,"the other day, lately, recently",N2,adverb,Time & Dates
更ける,ふける,"to get late, to wear on",N2,verb,Time & Dates
始終,しじゅう,"continuously, always, constantly",N2,adverb,Time & Dates
以後,いご,after this; from now on; hereafter,N2,adverb,Time & Dates
当日,とうじつ,"appointed day, very day",N2,adverb,Time & Dates
とっくに,とっくに,"long ago, already, a long time ago",N2,adverb,Time & Dates
やっぱり,やっぱり,"after all, anyway",N2,adverb,Time & Dates
近々,ちかぢか,"soon, before long",N2,adverb,Time & Dates
～日,～か,counter for days,N2,counter,Time & Dates
～年生,～ねんせい,counter for school year,N2,counter,Time & Dates
見舞う,みまう,"to ask after (health), to visit",N2,verb,Time & Dates
～夜,～や,counter for nights,N2,counter,Time & Dates
初～,しょ～,first ~,N2,prefix/suffix,Time & Dates
前～,ぜん～,"former, late ~, past ~",N2,prefix/suffix,Time & Dates
～前,～ぜん,before ~,N2,prefix/suffix,Time & Dates
総～,そう～,"gross, general, entire",N2,prefix/suffix,Time & Dates
～間,～かん,"between, during",N2,prefix/suffix,Time & Dates
～きる,～きる,"nevertheless, to carry through",N2,prefix/suffix,Time & Dates
今～,こん～,"this, current",N2,prefix/suffix,Time & Dates
～時間目,～じかんめ,"~th hour, ~th period",N2,prefix/suffix,Time & Dates
〜(日本) 式,～(にほん) しき,"custom,",N2,prefix/suffix,Time & Dates
～日,～じつ,day,N2,prefix/suffix,Time & Dates
幾～,いく～,several ~,N2,prefix/suffix,Time & Dates
～振り,～ぶり,after an interval of ~,N2,prefix/suffix,Time & Dates
～遍,～へん,time,N2,prefix/suffix,Time & Dates
未～,み～,not yet ~,N2,prefix/suffix,Time & Dates
翌～,よく～,next ~,N2,prefix/suffix,Time & Dates
いってまいります,いってまいります,"(Lit.) I'll go and come back, 'I'm going, see you later'",N2,expression,Time & Dates
いってきます,いってきます,"(Lit.) I'll go and come back, 'I'm going, see you later'",N2,expression,Time & Dates
何分,なにぶん,"by all means, please",N2,expression,Time & Dates
主人,しゅじん,(one's own) husband,N2,noun,Family & Relationships
上級,じょうきゅう,"advanced level, high grade, senior",N2,noun,Family & Relationships
人事,じんじ,"human resources, personnel management",N2,noun,Family & Relationships
親類,しんるい,relative(s) (same as 親戚 (しんせき)),N2,noun,Family & Relationships
透き通る,すきとおる,to be(come) transparent,N2,verb,Family & Relationships
末っ子,すえっこ,youngest child,N2,noun,Family & Relationships
先祖,せんぞ,ancestor,N2,noun,Family & Relationships
祖先,そせん,ancestor(s),N2,noun,Family & Relationships
そのため,そのため,"hence, for that reason",N2,noun,Family & Relationships
伯父,おじ,(humble) uncle (older than one's parent),N2,verb,Family & Relationships
叔父,おじ,uncle (younger than one's parent),N2,noun,Family & Relationships
叔母,おば,aunt (younger than one's parent),N2,noun,Family & Relationships
小母さん,おばさん,"lady, woman, ma'am",N2,noun,Family & Relationships
親指,おやゆび,thumb,N2,noun,Family & Relationships
伯父さん,おじさん,"(hon.) middle-aged gentleman, uncle",N2,verb,Family & Relationships
括弧,かっこ,"parenthesis, brackets",N2,noun,Family & Relationships
工夫,くふう,"device, artifice, ingenuity",N2,noun,Family & Relationships
司会,しかい,"host, chairperson",N2,noun,Family & Relationships
子孫,しそん,"descendant, offspring",N2,noun,Family & Relationships
小父さん,おじさん,"(hon.) middle-aged gentleman, uncle",N2,verb,Family & Relationships
育児,いくじ,"childcare, nursing",N2,noun,Family & Relationships
なんとなく,なんとなく,"somehow or other, for some reason or another",N2,noun,Family & Relationships
女房,にょうぼう,wife,N2,noun,Family & Relationships
花嫁,はなよめ,bride,N2,noun,Family & Relationships
叔父さん,おじさん,"(hon.) middle-aged gentleman, uncle",N2,verb,Family & Relationships
比較的,ひかくてき,comparatively; relatively,N2,noun,Family & Relationships
夫妻,ふさい,"man and wife, married couple",N2,noun,Family & Relationships
父母,ふぼ,"father and mother, parents",N2,noun,Family & Relationships
坊っちゃん,ぼっちゃん,son (of others),N2,noun,Family & Relationships
伯母,おば,(humble) aunt (older than one's parent),N2,verb,Family & Relationships
名字,みょうじ,"surname, family name",N2,noun,Family & Relationships
民謡,みんよう,"folk song, popular song",N2,noun,Family & Relationships
姪,めい,niece,N2,noun,Family & Relationships
幼児,ようじ,"infant, baby, child",N2,noun,Family & Relationships
儲ける,もうける,"to earn, to have (bear, beget) a child",N2,verb,Family & Relationships
幼稚,ようち,"infancy, childish, infantile",N2,noun,Family & Relationships
長女,ちょうじょ,eldest daughter,N2,noun,Family & Relationships
長男,ちょうなん,eldest son,N2,noun,Family & Relationships
弟子,でし,"pupil, disciple, apprentice",N2,noun,Family & Relationships
～女,～じょ,count for sisters,N2,prefix/suffix,Family & Relationships
～科,～か,"family, group, course",N2,prefix/suffix,Family & Relationships
～者,～しゃ,person,N2,prefix/suffix,Family & Relationships
～ほう (ひかく),～ほう (ひかく),(in comparison),N2,prefix/suffix,Family & Relationships
～もち,～もち,person who has ~,N2,prefix/suffix,Everyday Essentials
～等,～ら,plural persons,N2,prefix/suffix,Family & Relationships
消毒,しょうどく,disinfection,N2,noun,Body & Health
蒸発,じょうはつ,evaporation; unexplained disappearance,N2,noun,Body & Health
小便,しょうべん,"(col) urine, piss",N2,noun,Body & Health
背負う,せおう,to be burdened with; to carry on (one's) back or shoulder(s),N2,verb,Body & Health
白髪,しらが,"white or grey hair, trendy hair bleaching",N2,noun,Body & Health
芯,しん,"core, heart, wick",N2,noun,Body & Health
心身,しんしん,mind and body,N2,noun,Body & Health
迫る,せまる,"to draw near, to press",N2,verb,Body & Health
診断,しんだん,diagnosis,N2,noun,Body & Health
神話,しんわ,"myth, legend",N2,noun,Body & Health
随筆,ずいひつ,"essays, miscellaneous writings",N2,noun,Body & Health
耕す,たがやす,"to till, to plow, to cultivate",N2,verb,Body & Health
水面,すいめん,water's surface,N2,noun,Body & Health
すっきり,すっきり,"shapely, clear, neat",N2,noun,Body & Health
頭脳,ずのう,"head, brains, intellect",N2,noun,Body & Health
足る,たる,"to be sufficient, to be enough",N2,verb,Body & Health
スリッパ,スリッパ,slippers,N2,noun,Body & Health
折角,せっかく,"with trouble, at great pains, long-awaited",N2,noun,Body & Health
接近,せっきん,"getting closer, drawing nearer, approaching",N2,noun,Body & Health
拝む,おがむ,"to worship, to pray",N2,verb,Body & Health
瀬戸物,せともの,"earthenware, crockery, china",N2,noun,Body & Health
先頭,せんとう,"head, lead, vanguard",N2,noun,Body & Health
増減,ぞうげん,"increase and decrease, fluctuation",N2,noun,Body & Health
担ぐ,かつぐ,"to shoulder, to carry on shoulder",N2,verb,Body & Health
田ぼ,たんぼ,"paddy field, farm",N2,noun,Body & Health
体系,たいけい,"system, organization",N2,noun,Body & Health
太鼓,たいこ,"drum, tambourine",N2,noun,Body & Health
斬る,きる,"to behead, to murder",N2,verb,Body & Health
体積,たいせき,"capacity, volume",N2,noun,Body & Health
体操,たいそう,"gymnastics, physical exercises, calisthenics",N2,noun,Body & Health
楕円,だえん,ellipse,N2,noun,Body & Health
くたびれる,くたびれる,"to get tired, to wear out",N2,verb,Body & Health
オーケストラ,オーケストラ,orchestra,N2,noun,Body & Health
お手伝いさん,おてつだいさん,maid,N2,noun,Body & Health
お参り,おまいり,"worship, shrine visit",N2,noun,Body & Health
配る,くばる,"to distribute, to deliver",N2,verb,Body & Health
オルガン,オルガン,organ,N2,noun,Body & Health
学術,がくじゅつ,"science, learning, scholarship",N2,noun,Body & Health
可決,かけつ,"approval, adoption (e.g., motion, bill), passage",N2,noun,Body & Health
焦がす,こがす,"to burn, to scorch",N2,verb,Body & Health
火口,かこう,crater (of a volcano),N2,noun,Body & Health
勝手に,かってに,"arbitrarily,",N2,noun,Body & Health
加熱,かねつ,heating,N2,noun,Body & Health
焦げる,こげる,"to burn, to be burned",N2,verb,Body & Health
看病,かんびょう,nursing (a patient),N2,noun,Body & Health
漢和,かんわ,"Chinese Character-Japanese (e.g., dictionary)",N2,noun,Body & Health
釘,くぎ,nail,N2,noun,Body & Health
凍える,こごえる,"to freeze, to be chilled, to be frozen",N2,verb,Body & Health
くしゃみ,くしゃみ,sneeze,N2,noun,Body & Health
苦心,くしん,"pain, trouble",N2,noun,Body & Health
薬指,くすりゆび,ring finger,N2,noun,Body & Health
腰掛ける,こしかける,to sit (down),N2,verb,Body & Health
唇,くちびる,lip,N2,noun,Body & Health
口紅,くちべに,lipstick,N2,noun,Body & Health
蛍光灯,けいこうとう,fluorescent lamp,N2,noun,Body & Health
捜す,さがす,"to search, to seek, to look for",N2,verb,Body & Health
毛皮,けがわ,"fur, skin, pelt",N2,noun,Body & Health
下駄,げた,"(Japanese footwear), wooden clogs",N2,noun,Body & Health
血圧,けつあつ,blood pressure,N2,noun,Body & Health
探る,さぐる,"to search, to look for, investigate",N2,verb,Body & Health
口実,こうじつ,excuse,N2,noun,Body & Health
項目,こうもく,item,N2,noun,Body & Health
合流,ごうりゅう,"confluence, merge, join",N2,noun,Body & Health
飛び込む,とびこむ,"to jump in, to leap in, to plunge into",N2,verb,Body & Health
腰掛け,こしかけ,"seat, bench",N2,noun,Body & Health
個体,こたい,an individual,N2,noun,Body & Health
小指,こゆび,little finger,N2,noun,Body & Health
睨む,にらむ,"to glare at, to stare; to keep an eye on",N2,verb,Body & Health
死体,したい,corpse,N2,noun,Body & Health
指定,してい,"designation, specification, assignment",N2,noun,Body & Health
しみじみ,しみじみ,"keenly, deeply, heartily",N2,noun,Body & Health
熱する,ねっする,to heat,N2,verb,Body & Health
地面,じめん,"ground, earth's surface",N2,noun,Body & Health
蛇口,じゃぐち,"faucet, tap",N2,noun,Body & Health
写生,しゃせい,"sketching, drawing from nature",N2,noun,Body & Health
剥す,はがす,"to tear off, to peel off, to rip off",N2,verb,Body & Health
しゃっくり,しゃっくり,"hiccough, hiccup",N2,noun,Body & Health
習字,しゅうじ,penmanship,N2,noun,Body & Health
リボン,リボン,ribbon,N2,noun,Body & Health
払い戻す,はらいもどす,"to repay, to pay back",N2,verb,Body & Health
足跡,あしあと,footprint,N2,noun,Body & Health
足元,あしもと,at one's feet,N2,noun,Body & Health
裏口,うらぐち,"backdoor, rear entrance",N2,noun,Body & Health
引き返す,ひきかえす,"to turn back, to go back, reverse",N2,verb,Body & Health
液体,えきたい,"liquid, fluid",N2,noun,Body & Health
遠足,えんそく,"trip, hike, picnic",N2,noun,Body & Health
内科,ないか,"internist clinic, internal medicine",N2,noun,Body & Health
引き止める,ひきとめる,"to keep back, to prevent, to hold back",N2,verb,Body & Health
中指,なかゆび,middle finger,N2,noun,Body & Health
ネックレス,ネックレス,necklace,N2,noun,Body & Health
農薬,のうやく,agricultural chemicals,N2,noun,Body & Health
引っ込む,ひっこむ,"to draw back, to sink, to cave in",N2,verb,Body & Health
秤,はかり,"scales, weighing machine",N2,noun,Body & Health
吐き気,はきけ,"nausea, sickness in the stomach",N2,noun,Body & Health
歯車,はぐるま,"gear, cog-wheel",N2,noun,Body & Health
実る,みのる,"to bear fruit, to ripen",N2,verb,Body & Health
肌着,はだぎ,underwear,N2,noun,Body & Health
バック,バック,back,N2,noun,Body & Health
歯磨き,はみがき,"toothbrushing, toothpaste",N2,noun,Body & Health
目指す,めざす,"to aim at, to have an eye on",N2,verb,Body & Health
早口,はやくち,fast-talking,N2,noun,Body & Health
反映,はんえい,"reflection, influence",N2,noun,Body & Health
ハンドル,ハンドル,"handle, steering wheel",N2,noun,Body & Health
目立つ,めだつ,"to be conspicuous, to stand out",N2,verb,Body & Health
肘,ひじ,elbow,N2,noun,Body & Health
人差指,ひとさしゆび,index finger,N2,noun,Body & Health
瞳,ひとみ,pupil (of eye),N2,noun,Body & Health
盛る,もる,to serve (food); to fill up; to prescribe,N2,verb,Body & Health
皮膚,ひふ,skin,N2,noun,Body & Health
部首,ぶしゅ,radical (of a kanji character),N2,noun,Body & Health
麓,ふもと,"the foot, the bottom, the base (of a mountain)",N2,noun,Body & Health
破く,やぶく,to tear,N2,verb,Body & Health
プリント,プリント,"print, handout",N2,noun,Body & Health
故郷,ふるさと,"home town, birthplace",N2,noun,Body & Health
古里,ふるさと,"home town, birthplace",N2,noun,Body & Health
誓う,ちかう,"to swear, to vow",N2,verb,Body & Health
文体,ぶんたい,literary style,N2,noun,Body & Health
文脈,ぶんみゃく,context,N2,noun,Body & Health
別荘,べっそう,villa; vacation home; summer cottage,N2,noun,Body & Health
近寄る,ちかよる,"to approach, to draw near",N2,verb,Body & Health
包帯,ほうたい,bandage,N2,noun,Body & Health
牧場,ぼくじょう,farm (livestock); pasture land,N2,noun,Body & Health
牧畜,ぼくちく,stock-farming,N2,noun,Body & Health
散らかる,ちらかる,to be in disorder,N2,verb,Body & Health
保健,ほけん,"health preservation, hygiene, sanitation",N2,noun,Body & Health
枕,まくら,pillow,N2,noun,Body & Health
まぶた,まぶた,eyelids,N2,noun,Body & Health
突っ込む,つっこむ,"to plunge into, to stick into",N2,verb,Body & Health
見掛け,みかけ,outward appearance,N2,noun,Body & Health
ミシン,ミシン,sewing machine,N2,noun,Body & Health
見出し,みだし,"heading, index",N2,noun,Body & Health
釣り合う,つりあう,"to balance, to be in harmony, to suit",N2,verb,Body & Health
ミリ (メートル),ミリ (メートル),milli-,N2,noun,Body & Health
目覚し,めざまし,alarm-clock,N2,noun,Body & Health
目下,めした,"at present, now",N2,noun,Body & Health
照らす,てらす,"to shine on, to illuminate",N2,verb,Body & Health
目印,めじるし,"mark, sign, landmark",N2,noun,Body & Health
目安,めやす,"criterion, aim",N2,noun,Body & Health
目次,もくじ,table of contents,N2,noun,Body & Health
薬品,やくひん,"medicine(s), chemical(s)",N2,noun,Body & Health
火傷,やけど,"burn, scald",N2,noun,Body & Health
薬局,やっきょく,"pharmacy, drugstore",N2,noun,Body & Health
輸血,ゆけつ,blood transfusion,N2,noun,Body & Health
たんす,たんす,chest of drawers,N2,noun,Body & Health
チップ,チップ,"gratuity, tip; chip",N2,noun,Body & Health
爪,つめ,fingernail or toenail,N2,noun,Body & Health
出入口,でいりぐち,exit and entrance,N2,noun,Body & Health
手入れ,ていれ,"repairs, maintenance",N2,noun,Body & Health
手首,てくび,wrist,N2,noun,Body & Health
手頃,てごろ,"moderate, handy",N2,noun,Body & Health
手帳,てちょう,notebook,N2,noun,Body & Health
手続き,てつづき,"procedure, (legal) process, formalities",N2,noun,Body & Health
手前,てまえ,"before, this side",N2,noun,Body & Health
清い,きよい,"clear, pure, noble",N2,i-adjective,Body & Health
恋しい,こいしい,"dear, beloved; to miss",N2,i-adjective,Body & Health
懐かしい,なつかしい,"dear, desired, missed",N2,i-adjective,Body & Health
甚だしい,はなはだしい,"extreme, excessive, terrible",N2,i-adjective,Body & Health
手拭い,てぬぐい,(hand) towel,N2,i-adjective,Body & Health
純情,じゅんじょう,pure heart,N2,na-adjective,Body & Health
くれぐれも,くれぐれも,"repeatedly, sincerely, earnestly",N2,na-adjective,Body & Health
物騒,ぶっそう,"dangerous, disturbed, insecure",N2,na-adjective,Body & Health
やたらに,やたらに,"randomly, recklessly, blindly",N2,na-adjective,Body & Health
余計,よけい,"too much, unnecessary, abundance, surplus, excess, superfluity",N2,na-adjective,Body & Health
失恋,しつれん,"broken heart, unrequited love",N2,adverb,Body & Health
～足,～そく,counter for shoes,N2,counter,Numbers & Counting
～頭,～とう,counter for animals,N2,counter,Numbers & Counting
～だらけ,～だらけ,"be full of ~, be filled with ~",N2,prefix/suffix,Body & Health
～機,～き,machine,N2,prefix/suffix,Body & Health
～口,～くち,"~ opening; ~ entrance, ~ exit",N2,prefix/suffix,Body & Health
～手,～しゅ,"~ player, person who does ~",N2,prefix/suffix,Body & Health
～番目,～ばんめ,~th,N2,prefix/suffix,Body & Health
～病,～びょう,kind of disease,N2,prefix/suffix,Body & Health
～長,～ちょう,"leader, head",N2,prefix/suffix,Body & Health
蒸気,じょうき,"steam, vapor",N2,noun,Food & Cooking
正味,しょうみ,net (weight),N2,noun,Food & Cooking
食塩,しょくえん,table salt,N2,noun,Food & Cooking
汁,しる,"juice, soup",N2,noun,Food & Cooking
水産,すいさん,"marine products, fisheries",N2,noun,Food & Cooking
炊事,すいじ,cooking,N2,noun,Food & Cooking
味わう,あじわう,"to taste, to savor",N2,verb,Food & Cooking
水蒸気,すいじょうき,"water vapor, steam",N2,noun,Food & Cooking
田植え,たうえ,rice planting,N2,noun,Food & Cooking
おかず,おかず,"side dish, accompaniment for rice dishes",N2,noun,Food & Cooking
快晴,かいせい,good weather,N2,noun,Food & Cooking
果実,かじつ,fruit,N2,noun,Food & Cooking
カロリー,カロリー,calorie,N2,noun,Food & Cooking
あぶる,あぶる,"to scorch, to roast",N2,verb,Food & Cooking
冠,かんむり,"crown, wreath",N2,noun,Food & Cooking
休養,きゅうよう,"rest, break, recreation",N2,noun,Food & Cooking
漁業,ぎょぎょう,fishing (industry),N2,noun,Food & Cooking
金魚,きんぎょ,goldfish,N2,noun,Food & Cooking
コック,コック,"cook; tap, cock",N2,noun,Food & Cooking
こっそり,こっそり,"stealthily, secretly",N2,noun,Food & Cooking
甘やかす,あまやかす,"to pamper, to spoil",N2,verb,Food & Cooking
献立,こんだて,menu,N2,noun,Food & Cooking
酒場,さかば,"bar, bar-room",N2,noun,Food & Cooking
作成,さくせい,"creation, preparation, to make",N2,noun,Food & Cooking
匙,さじ,spoon,N2,noun,Food & Cooking
刺身,さしみ,sliced raw fish,N2,noun,Food & Cooking
漁師,りょうし,fisherman,N2,noun,Food & Cooking
煎る,いる,to roast,N2,verb,Food & Cooking
レクリェーション,レクリェーション,recreation,N2,noun,Food & Cooking
衣食住,いしょくじゅう,"food, clothing and shelter",N2,noun,Food & Cooking
うどん,うどん,udon noodles (Japanese traditional noodles),N2,noun,Food & Cooking
演劇,えんげき,play (theatrical),N2,noun,Food & Cooking
オイル,オイル,oil,N2,noun,Food & Cooking
灯油,とうゆ,"lamp oil, kerosene",N2,noun,Food & Cooking
炒る,いる,"to parch, to roast",N2,verb,Food & Cooking
どきどき,どきどき,"throb, beat (fast)",N2,noun,Food & Cooking
丼,どんぶり,"porcelain bowl, bowl of rice with food on top",N2,noun,Food & Cooking
にこにこ,にこにこ,"smile sweetly, smiley",N2,noun,Food & Cooking
鉢,はち,"a bowl, a pot",N2,noun,Food & Cooking
ビタミン,ビタミン,vitamin,N2,noun,Food & Cooking
皮肉,ひにく,"cynicism, sarcasm",N2,noun,Food & Cooking
恨む,うらむ,"to curse, to feel bitter",N2,verb,Food & Cooking
不規則,ふきそく,"irregularity, unsteadiness",N2,noun,Food & Cooking
フライパン,フライパン,"fry pan, frying pan",N2,noun,Food & Cooking
便所,べんじょ,"toilet, lavatory",N2,noun,Food & Cooking
包丁,ほうちょう,"kitchen knife, carving knife",N2,noun,Food & Cooking
メニュー,メニュー,menu,N2,noun,Food & Cooking
餅,もち,sticky rice cake,N2,noun,Food & Cooking
やっつける,やっつける,"to attack (an enemy), to beat, to finish off",N2,verb,Food & Cooking
湯気,ゆげ,steam,N2,noun,Food & Cooking
湯飲み,ゆのみ,teacup,N2,noun,Food & Cooking
養分,ようぶん,"nourishment, nutrient",N2,noun,Food & Cooking
ランチ,ランチ,lunch,N2,noun,Food & Cooking
地質,ちしつ,geological features,N2,noun,Food & Cooking
着々,ちゃくちゃく,steadily,N2,noun,Food & Cooking
ちぎる,ちぎる,"to cut up fine, to pick (fruit)",N2,verb,Food & Cooking
塵紙,ちりがみ,"tissue paper, toilet paper",N2,noun,Food & Cooking
粒,つぶ,grain,N2,noun,Food & Cooking
定価,ていか,established price,N2,noun,Food & Cooking
くどい,くどい,"verbose, importunate, heavy (taste)",N2,i-adjective,Food & Cooking
塩辛い,しおからい,salty (taste),N2,i-adjective,Food & Cooking
偉い,えらい,"great, celebrated, remarkable,",N2,i-adjective,Food & Cooking
しいんと (する),しいんと (する),"silent (as the grave), (deathly) quiet",N2,na-adjective,Food & Cooking
大層,たいそう,"very much, greatly",N2,adverb,Food & Cooking
～気味,～ぎみ,slightly ~,N2,prefix/suffix,Food & Cooking
～酒,～しゅ,kind of alcohol,N2,prefix/suffix,Food & Cooking
障子,しょうじ,paper sliding door,N2,noun,Home & Daily Life
寝台,しんだい,bed,N2,noun,Home & Daily Life
素直,すなお,"obedient, meek, docile",N2,noun,Home & Daily Life
正門,せいもん,"main gate, main entrance",N2,noun,Home & Daily Life
線路,せんろ,"line, track, roadbed",N2,noun,Home & Daily Life
雑巾,ぞうきん,"house-cloth, dust cloth",N2,noun,Home & Daily Life
倉庫,そうこ,"storehouse, warehouse",N2,noun,Home & Daily Life
屋外,おくがい,outdoors,N2,noun,Home & Daily Life
温室,おんしつ,greenhouse,N2,noun,Home & Daily Life
家屋,かおく,"house, building",N2,noun,Home & Daily Life
貸間,かしま,room to let,N2,noun,Home & Daily Life
貸家,かしや,house for rent,N2,noun,Home & Daily Life
瓦,かわら,roof tile,N2,noun,Home & Daily Life
起床,きしょう,"rising, getting out of bed",N2,noun,Home & Daily Life
顕微鏡,けんびきょう,microscope,N2,noun,Home & Daily Life
校庭,こうてい,school yard,N2,noun,Home & Daily Life
座敷,ざしき,tatami room,N2,noun,Home & Daily Life
座布団,ざぶとん,cushion (Japanese),N2,noun,Home & Daily Life
じゅうたん (カーペット),じゅうたん (カーペット),carpet,N2,noun,Home & Daily Life
ろうそく,ろうそく,candle,N2,noun,Home & Daily Life
ロッカー,ロッカー,locker,N2,noun,Home & Daily Life
雨戸,あまど,sliding storm door,N2,noun,Home & Daily Life
井戸,いど,water well,N2,noun,Home & Daily Life
園芸,えんげい,"horticulture, gardening",N2,noun,Home & Daily Life
煙突,えんとつ,chimney,N2,noun,Home & Daily Life
塞ぐ,ふさぐ,"to stuff, to close up, to block (up)",N2,verb,Home & Daily Life
動作,どうさ,"action, movements, motions",N2,noun,Home & Daily Life
灯台,とうだい,lighthouse,N2,noun,Home & Daily Life
床の間,とこのま,alcove,N2,noun,Home & Daily Life
戸棚,とだな,"cupboard, cabinet",N2,noun,Home & Daily Life
バケツ,バケツ,"bucket, pail",N2,noun,Home & Daily Life
梯子,はしご,"ladder, stairs",N2,noun,Home & Daily Life
ビルディング,ビルディング,building,N2,noun,Home & Daily Life
振り仮名,ふりがな,pronunciation key,N2,noun,Home & Daily Life
風呂敷,ふろしき,"wrapping cloth, cloth wrapper",N2,noun,Home & Daily Life
望遠鏡,ぼうえんきょう,telescope,N2,noun,Home & Daily Life
箒,ほうき,broom,N2,noun,Home & Daily Life
待合室,まちあいしつ,waiting room,N2,noun,Home & Daily Life
窓口,まどぐち,(ticket) window,N2,noun,Home & Daily Life
マンション,マンション,"multistory apartment house, condominium",N2,noun,Home & Daily Life
水着,みずぎ,bathing suit (woman's),N2,noun,Home & Daily Life
群れ,むれ,"crowd, flock, herd",N2,noun,Home & Daily Life
物置,ものおき,storage room,N2,noun,Home & Daily Life
家主,やぬし,landlord,N2,noun,Home & Daily Life
直流,ちょくりゅう,direct current,N2,noun,Home & Daily Life
貯蔵,ちょぞう,"storage, preservation",N2,noun,Home & Daily Life
住まい,すまい,"dwelling, house",N2,i-adjective,Home & Daily Life
手洗い,てあらい,"restroom, lavatory",N2,i-adjective,Home & Daily Life
クリーニング,クリーニング,"cleaning, dry cleaning, laundry service",N2,na-adjective,Home & Daily Life
冷凍,れいとう,"freezing, cold storage, refrigeration",N2,na-adjective,Home & Daily Life
～館,～かん,"~ hall, ~ building",N2,prefix/suffix,Home & Daily Life
詰まる,つまる,"to be blocked, to be packed",N2,verb,Home & Daily Life
～家,～け,"~'s family, the house of ~",N2,prefix/suffix,Home & Daily Life
室～,しつ～,room,N2,prefix/suffix,Home & Daily Life
～園,～えん,~ garden (especially man made),N2,prefix/suffix,Home & Daily Life
定規,じょうぎ,(measuring) ruler,N2,noun,Clothing & Accessories
人文科学,じんぶんかがく,"social sciences, humanities",N2,noun,Clothing & Accessories
スカーフ,スカーフ,scarf,N2,noun,Clothing & Accessories
ストッキング,ストッキング,stockings,N2,noun,Clothing & Accessories
思い込む,おもいこむ,"to be under impression that, to be convinced that",N2,verb,Clothing & Accessories
それなら,それなら,"If that's the case..., If so..., That being the case...",N2,noun,Clothing & Accessories
温泉,おんせん,"spa, hot spring",N2,noun,Clothing & Accessories
カラー,カラー,"collar, color",N2,noun,Clothing & Accessories
官庁,かんちょう,"government office, authorities",N2,noun,Clothing & Accessories
着せる,きせる,to put on clothes,N2,verb,Clothing & Accessories
着替え,きがえ,"changing clothes, change of clothes",N2,noun,Clothing & Accessories
毛糸,けいと,knitting wool,N2,noun,Clothing & Accessories
裁縫,さいほう,sewing,N2,noun,Clothing & Accessories
雑音,ざつおん,"noise (jarring, grating)",N2,noun,Clothing & Accessories
縛る,しばる,"to tie, to bind",N2,verb,Clothing & Accessories
持参,じさん,"bringing, taking, carrying",N2,noun,Clothing & Accessories
集合,しゅうごう,"gathering, assembly",N2,noun,Clothing & Accessories
レインコート,レインコート,raincoat,N2,noun,Clothing & Accessories
和服,わふく,Japanese clothes,N2,noun,Clothing & Accessories
取り入れる,とりいれる,"to harvest, to take in, to adopt",N2,verb,Clothing & Accessories
宛名,あてな,"address, direction",N2,noun,Clothing & Accessories
ウール,ウール,wool,N2,noun,Clothing & Accessories
うろうろ,うろうろ,"loitering, aimless wandering",N2,noun,Clothing & Accessories
エプロン,エプロン,apron,N2,noun,Clothing & Accessories
憎む,にくむ,"to hate, to detest",N2,verb,Clothing & Accessories
統計,とうけい,"scattering, a scatter, dispersion",N2,noun,Clothing & Accessories
何々,なになに,"such and such, What?",N2,noun,Clothing & Accessories
寝間着,ねまき,"sleep-wear, pajamas",N2,noun,Clothing & Accessories
寝巻,ねまき,"sleep-wear, pajamas",N2,noun,Clothing & Accessories
縫う,ぬう,to sew,N2,verb,Clothing & Accessories
パターン,パターン,pattern,N2,noun,Clothing & Accessories
パンツ,パンツ,underpants,N2,noun,Clothing & Accessories
ブラウス,ブラウス,blouse,N2,noun,Clothing & Accessories
ブローチ,ブローチ,brooch,N2,noun,Clothing & Accessories
呼び掛ける,よびかける,"to call out to, to accost, to address (crowd), to appeal",N2,verb,Clothing & Accessories
へそ,へそ,"navel, belly-button",N2,noun,Clothing & Accessories
ぼろ,ぼろ,"rag, tattered clothes",N2,noun,Clothing & Accessories
マフラー,マフラー,a winter scarf,N2,noun,Clothing & Accessories
モデル,モデル,a fashion model,N2,noun,Clothing & Accessories
催し,もよおし,"event, festivities, function",N2,noun,Clothing & Accessories
浴衣,ゆかた,"bathrobe, informal summer kimono",N2,noun,Clothing & Accessories
羊毛,ようもう,wool,N2,noun,Clothing & Accessories
憎い,にくい,"hateful, abominable, detestable",N2,i-adjective,Clothing & Accessories
憎らしい,にくらしい,"odious, hateful",N2,i-adjective,Clothing & Accessories
物凄い,ものすごい,"earth-shattering, staggering, to a very great extent",N2,i-adjective,Clothing & Accessories
但し,ただし,"but, however, provided that",N2,adverb,Clothing & Accessories
～流,～りゅう,"fashion, manner, way",N2,prefix/suffix,Clothing & Accessories
受験,じゅけん,taking an examination,N2,noun,School & Education
主語,しゅご,(gram) subject,N2,noun,School & Education
小学生,しょうがくせい,elementary school pupil,N2,noun,School & Education
助教授,じょきょうじゅ,assistant professor,N2,noun,School & Education
針路,しんろ,"course, direction",N2,noun,School & Education
垂直,すいちょく,"vertical, perpendicular",N2,noun,School & Education
隙間,すきま,"crack, gap, opening",N2,noun,School & Education
スクール,スクール,school,N2,noun,School & Education
ゼミ,ゼミ,seminar,N2,noun,School & Education
大学院,だいがくいん,graduate school,N2,noun,School & Education
大工,だいく,carpenter,N2,noun,School & Education
開会,かいかい,opening of a meeting,N2,noun,School & Education
逸れる,それる,"to stray (turn) from subject, to go astray",N2,verb,School & Education
改札,かいさつ,examination of tickets,N2,noun,School & Education
開通,かいつう,"opening, open",N2,noun,School & Education
学力,がくりょく,"scholarship, knowledge",N2,noun,School & Education
下線,かせん,"underline, underscore",N2,noun,School & Education
学科,がっか,"study subject, course of study",N2,noun,School & Education
学会,がっかい,academic conference,N2,noun,School & Education
学級,がっきゅう,class,N2,noun,School & Education
キャンパス,キャンパス,campus,N2,noun,School & Education
休講,きゅうこう,lecture canceled,N2,noun,School & Education
教養,きょうよう,"culture, education, sophistication",N2,noun,School & Education
見学,けんがく,"tour, study by observation",N2,noun,School & Education
高級,こうきゅう,high class; first-rate,N2,noun,School & Education
補う,おぎなう,to compensate for,N2,verb,School & Education
講師,こうし,lecturer,N2,noun,School & Education
高等,こうとう,"high class, high grade",N2,noun,School & Education
高等学校,こうとうがっこう,senior high school,N2,noun,School & Education
コース,コース,course,N2,noun,School & Education
心当たり,こころあたり,"having some knowledge of, happening to know",N2,noun,School & Education
古典,こてん,"classics, classic",N2,noun,School & Education
コンクール,コンクール,contest (FRE: concours),N2,noun,School & Education
在学,ざいがく,(enrolled) in school,N2,noun,School & Education
自習,じしゅう,self-study,N2,noun,School & Education
実例,じつれい,"example, instance",N2,noun,School & Education
平野,へいや,"plain, open field",N2,noun,School & Education
満点,まんてん,perfect score,N2,noun,School & Education
通り掛かる,とおりかかる,to happen to pass by,N2,verb,School & Education
落第,らくだい,"failure, dropping out of a class",N2,noun,School & Education
段階,だんかい,"gradation, grade, stage",N2,noun,School & Education
チョーク,チョーク,chalk,N2,noun,School & Education
停止,ていし,"suspension, interruption, stoppage",N2,noun,School & Education
～帳,～ちょう,"~ book, notebook",N2,prefix/suffix,School & Education
就任,しゅうにん,"inauguration, assumption of office",N2,noun,Work & Career
重役,じゅうやく,"director, high executive",N2,noun,Work & Career
出勤,しゅっきん,"going to work, at work",N2,noun,Work & Career
商業,しょうぎょう,"commerce, trade, business",N2,noun,Work & Career
商社,しょうしゃ,trading company,N2,noun,Work & Career
職場,しょくば,workplace,N2,noun,Work & Career
製作,せいさく,"manufacture, production",N2,noun,Work & Career
制作,せいさく,"work (e.g., film, book)",N2,noun,Work & Career
全集,ぜんしゅう,complete works,N2,noun,Work & Career
創作,そうさく,"production, creation, work",N2,noun,Work & Career
会館,かいかん,"meeting hall, assembly hall",N2,noun,Work & Career
給与,きゅうよ,salary,N2,noun,Work & Career
外科,げか,surgical department,N2,noun,Work & Career
傑作,けっさく,"masterpiece, best work",N2,noun,Work & Career
工員,こういん,factory worker,N2,noun,Work & Career
工事,こうじ,construction work,N2,noun,Work & Career
固まる,かたまる,"to harden, to solidify, to become firm",N2,verb,Work & Career
肯定,こうてい,"positive, affirmation",N2,noun,Work & Career
公務,こうむ,"official business, public business",N2,noun,Work & Career
サークル,サークル,"circle, sports club (e.g., at a company)",N2,noun,Work & Career
作製,さくせい,"manufacture, production",N2,noun,Work & Career
サラリーマン,サラリーマン,salaryman; company employee,N2,noun,Work & Career
ジャーナリスト,ジャーナリスト,journalist,N2,noun,Work & Career
集会,しゅうかい,"meeting, assembly",N2,noun,Work & Career
移転,いてん,"moving, transfer",N2,noun,Work & Career
打合せ,うちあわせ,"business meeting, previous arrangement",N2,noun,Work & Career
当番,とうばん,being on duty,N2,noun,Work & Career
入社,にゅうしゃ,entry to a company,N2,noun,Work & Career
役目,やくめ,"duty, business",N2,noun,Work & Career
強気,つよき,"firm, strong",N2,noun,Work & Career
テーマ,テーマ,"theme, project, topic (GER: Thema)",N2,noun,Work & Career
厳重,げんじゅう,"strict, severe, firm",N2,na-adjective,Work & Career
名物,めいぶつ,"famous product, special product, speciality",N2,na-adjective,Work & Career
こしらえる,こしらえる,"to make, to manufacture",N2,verb,Work & Career
～商,～しょう,"merchant, business",N2,prefix/suffix,Work & Career
～業,～ぎょう,type of business,N2,prefix/suffix,Work & Career
～庁,～ちょう,"office, agency",N2,prefix/suffix,Work & Career
出張,しゅっちょう,"official tour, business trip",N2,noun,Travel & Transport
乗車,じょうしゃ,"taking a train, entraining",N2,noun,Travel & Transport
消防署,しょうぼうしょ,fire station,N2,noun,Travel & Transport
書道,しょどう,calligraphy,N2,noun,Travel & Transport
新幹線,しんかんせん,"Shinkansen, ""Bullet Train""",N2,noun,Travel & Transport
赤道,せきどう,equator,N2,noun,Travel & Transport
せっせと,せっせと,"busily, away",N2,noun,Travel & Transport
接続,せつぞく,"connection, union, join, link; changing trains",N2,noun,Travel & Transport
造船,ぞうせん,shipbuilding,N2,noun,Travel & Transport
大通り,おおどおり,main street,N2,noun,Travel & Transport
片道,かたみち,one-way (trip),N2,noun,Travel & Transport
機関車,きかんしゃ,"locomotive, engine",N2,noun,Travel & Transport
発,はつ,"to depart (e.g., on a plane, train)",N2,verb,Travel & Transport
下車,げしゃ,"alighting, getting off",N2,noun,Travel & Transport
研修,けんしゅう,training,N2,noun,Travel & Transport
交通機関,こうつうきかん,transportation facilities,N2,noun,Travel & Transport
私鉄,してつ,private railway,N2,noun,Travel & Transport
縞,しま,stripe,N2,noun,Travel & Transport
車庫,しゃこ,"garage, car shed",N2,noun,Travel & Transport
車掌,しゃしょう,(train) conductor,N2,noun,Travel & Transport
車輪,しゃりん,(car) wheel,N2,noun,Travel & Transport
リポート,リポート,"report, paper",N2,noun,School & Education
往復,おうふく,"(col) round trip, coming and going, return ticket",N2,noun,Travel & Transport
上り,のぼり,"up-train (going to Tokyo), ascent",N2,noun,Travel & Transport
乗換,のりかえ,"a transfer (e.g., trains, buses)",N2,noun,Travel & Transport
追い越す,おいこす,"to pass (e.g., car), to outdistance, to outstrip",N2,verb,Travel & Transport
人通り,ひとどおり,pedestrian traffic,N2,noun,Travel & Transport
風船,ふうせん,balloon,N2,noun,Travel & Transport
船便,ふなびん,surface mail (ship),N2,noun,Travel & Transport
プラットホーム,プラットホーム,platform,N2,noun,Travel & Transport
ヘリコプター,ヘリコプター,helicopter,N2,noun,Travel & Transport
方角,ほうがく,"direction, way",N2,noun,Travel & Transport
方面,ほうめん,direction; area,N2,noun,Travel & Transport
街角,まちかど,street corner,N2,noun,Travel & Transport
真っ先,まっさき,"foremost, beginning",N2,noun,Travel & Transport
回り道,まわりみち,detour,N2,noun,Travel & Transport
道順,みちじゅん,"itinerary, route",N2,noun,Travel & Transport
モノレール,モノレール,monorail,N2,noun,Travel & Transport
潜る,もぐる,"to drive, to pass through; to evade, to hide",N2,verb,Travel & Transport
輸送,ゆそう,"transport, transportation",N2,noun,Travel & Transport
地点,ちてん,"site, point on a map",N2,noun,Travel & Transport
ついで,ついで,"opportunity, occasion",N2,noun,Travel & Transport
突き当たり,つきあたり,"end (e.g., of street)",N2,noun,Travel & Transport
定期券,ていきけん,"commuter pass, season ticket",N2,noun,Travel & Transport
停車,ていしゃ,"stopping (e.g., train)",N2,noun,Travel & Transport
鉄橋,てっきょう,iron bridge,N2,noun,Travel & Transport
慌ただしい,あわただしい,"busy, hurried",N2,i-adjective,Travel & Transport
おおざっぱ,おおざっぱ,"rough (not precise), broad, sketchy",N2,na-adjective,Travel & Transport
重点,じゅうてん,"important point, lay stress on, emphasis",N2,na-adjective,Travel & Transport
話中,はなしちゅう,"while talking, the line is busy",N2,na-adjective,Travel & Transport
～船,～せん,counter for ships,N2,counter,Travel & Transport
つまずく,つまずく,"to stumble, to trip",N2,verb,Travel & Transport
外～,がい～,"foreign ~, outside ~",N2,prefix/suffix,Travel & Transport
～港,～こう,~ port,N2,prefix/suffix,Travel & Transport
～車,～しゃ,~ car,N2,prefix/suffix,Travel & Transport
～道,～どう,"kind of path, road",N2,prefix/suffix,Travel & Transport
～通り,～とおり,"in accordance with ~; following ~; ~ street, ~ avenue",N2,prefix/suffix,Travel & Transport
賞金,しょうきん,"prize, monetary award",N2,noun,Shopping & Money
商店,しょうてん,"shop, business firm",N2,noun,Shopping & Money
蓄える,たくわえる,"to save, to store, to lay in stock",N2,verb,Shopping & Money
ショップ,ショップ,a shop,N2,noun,Shopping & Money
書店,しょてん,bookshop,N2,noun,Shopping & Money
感ずる,かんずる,"to feel, to sense",N2,verb,Shopping & Money
貸し出し,かしだし,"lending, loaning",N2,noun,Shopping & Money
課税,かぜい,taxation,N2,noun,Shopping & Money
崩す,くずす,"to destroy, to make change (money)",N2,verb,Shopping & Money
為替,かわせ,"money order, exchange",N2,noun,Shopping & Money
缶詰,かんづめ,"canning, canned goods,",N2,noun,Shopping & Money
改める,あらためる,"to change, to reform, to revise",N2,verb,Shopping & Money
交流,こうりゅう,exchange; alternating current,N2,noun,Shopping & Money
災難,さいなん,"calamity, misfortune",N2,noun,Shopping & Money
払い込む,はらいこむ,"to deposit, to pay in",N2,verb,Shopping & Money
差し引き,さしひき,"deduction, balance",N2,noun,Shopping & Money
実感,じっかん,"feelings, realization",N2,noun,Shopping & Money
引き出す,ひきだす,"to pull out, to take out, to withdraw",N2,verb,Shopping & Money
集金,しゅうきん,money collection,N2,noun,Shopping & Money
領収,りょうしゅう,"receipt, voucher",N2,noun,Shopping & Money
儲かる,もうかる,"to be profitable, to yield a profit",N2,verb,Shopping & Money
レジャー,レジャー,leisure,N2,noun,Shopping & Money
受取,うけとり,receipt,N2,noun,Shopping & Money
潰れる,つぶれる,"to be smashed, to go bankrupt",N2,verb,Shopping & Money
売店,ばいてん,"shop, stand",N2,noun,Shopping & Money
売買,ばいばい,"trade, buying and selling",N2,noun,Shopping & Money
針金,はりがね,wire,N2,noun,Shopping & Money
不運,ふうん,"unlucky, misfortune, bad luck",N2,noun,Shopping & Money
防止,ぼうし,"prevention, check",N2,noun,Shopping & Money
店屋,みせや,"store, shop",N2,noun,Shopping & Money
免税,めんぜい,tax exemption,N2,noun,Shopping & Money
洋品店,ようひんてん,clothes store,N2,noun,Shopping & Money
通帳,つうちょう,bankbook,N2,noun,Shopping & Money
小遣い,こづかい,"pocket money, allowance",N2,i-adjective,Shopping & Money
省～,しょう～,economizing ~,N2,prefix/suffix,Shopping & Money
～感,～かん,"feeling, sense, impression",N2,prefix/suffix,Shopping & Money
～料,～りょう,"fare, charge",N2,prefix/suffix,Shopping & Money
～費,～ひ,cost of ~,N2,prefix/suffix,Shopping & Money
好き好き,すきずき,matter of taste,N2,noun,Feelings & Emotions
からかう,からかう,"to ridicule, to make fun of",N2,verb,Feelings & Emotions
行事,ぎょうじ,"event, function",N2,noun,Feelings & Emotions
可愛がる,かわいがる,"to love, to be affectionate",N2,verb,Feelings & Emotions
恨み,うらみ,resentment,N2,noun,Feelings & Emotions
悔やむ,くやむ,"to regret, to mourn",N2,verb,Feelings & Emotions
附属,ふぞく,"attached, belonging, affiliated",N2,noun,Feelings & Emotions
暴れる,あばれる,"to act violently, to rage",N2,verb,Feelings & Emotions
まごまご,まごまご,"confused, be at a loss",N2,noun,Feelings & Emotions
威張る,いばる,"to be proud, to swagger",N2,verb,Feelings & Emotions
みじめ,みじめ,"sad, pitiful, wretched",N2,noun,Feelings & Emotions
羨む,うらやむ,to envy,N2,verb,Feelings & Emotions
図々しい,ずうずうしい,"impudent, shameless",N2,i-adjective,Feelings & Emotions
慰める,なぐさめる,"to comfort, to console",N2,verb,Feelings & Emotions
好き嫌い,すききらい,"likes and dislikes, taste",N2,i-adjective,Feelings & Emotions
慶ぶ,よろこぶ,"to be delighted, to be glad",N2,verb,Feelings & Emotions
だらしない,だらしない,"slovenly, loose, a slut",N2,i-adjective,Feelings & Emotions
惜しい,おしい,"regrettable, disappointing",N2,i-adjective,Feelings & Emotions
厚かましい,あつかましい,"impudent, shameless,",N2,i-adjective,Feelings & Emotions
危うい,あやうい,"dangerous, critical",N2,i-adjective,Feelings & Emotions
薄暗い,うすぐらい,"dim, gloomy",N2,i-adjective,Feelings & Emotions
みっともない,みっともない,"shameful, indecent",N2,i-adjective,Feelings & Emotions
めでたい,めでたい,"happy, propitious, joyous",N2,i-adjective,Feelings & Emotions
朗らか,ほがらか,"bright, cheerful, melodious",N2,na-adjective,Feelings & Emotions
強引,ごういん,"forcible, assertive, pushy",N2,noun,Personality & Character
姿勢,しせい,attitude; posture,N2,noun,Personality & Character
傾らか,なだらか,"gradual, gentle",N2,noun,Personality & Character
卑怯,ひきょう,"cowardice, meanness, unfairness",N2,noun,Personality & Character
欲張り,よくばり,greedy,N2,noun,Personality & Character
そそっかしい,そそっかしい,"careless, thoughtless",N2,i-adjective,Personality & Character
重たい,おもたい,"heavy, massive, serious",N2,i-adjective,Personality & Character
怪しい,あやしい,"suspicious, dubious, doubtful",N2,i-adjective,Personality & Character
落着く,おちつく,"to calm down, to settle down",N2,verb,Personality & Character
卒直,そっちょく,"frank, candid, honest",N2,na-adjective,Personality & Character
謙虚,けんきょ,"modesty, humble",N2,na-adjective,Personality & Character
謙遜,けんそん,"humble, humility, modesty",N2,na-adjective,Personality & Character
呑気,のんき,"carefree, optimistic, careless",N2,na-adjective,Personality & Character
平気,へいき,"coolness, calmness, unconcern",N2,na-adjective,Personality & Character
悠々,ゆうゆう,"quiet, calm, leisurely",N2,na-adjective,Personality & Character
乱暴,らんぼう,"rude, violent, rough",N2,na-adjective,Personality & Character
でたらめ,でたらめ,"irresponsible utterance, nonsense; random",N2,na-adjective,Personality & Character
飽くまで,あくまで,"to the end, to the last, stubbornly",N2,verb,Personality & Character
ぜひとも,ぜひとも,by all means (with sense of not taking 'no' for an answer),N2,adverb,Personality & Character
～省,～しょう,kind of ministry,N2,prefix/suffix,Personality & Character
上下,じょうげ,"high and low, up and down",N2,noun,Colors & Descriptions
青少年,せいしょうねん,"youth, young person",N2,noun,Colors & Descriptions
扇子,せんす,folding fan,N2,noun,Colors & Descriptions
そうっと,そうっと,"softly, cautiously, gently",N2,noun,Colors & Descriptions
属する,ぞくする,"to belong to, to come under",N2,verb,Colors & Descriptions
書留,かきとめ,registered mail,N2,noun,Colors & Descriptions
塊,かたまり,"lump, mass, cluster",N2,noun,Colors & Descriptions
空っぽ,からっぽ,"empty, vacant, hollow",N2,noun,Colors & Descriptions
ぎっしり,ぎっしり,"tightly, fully",N2,noun,Colors & Descriptions
被せる,かぶせる,to cover (with something),N2,verb,Colors & Descriptions
苦情,くじょう,"complaint, grievance, grumble",N2,noun,Colors & Descriptions
光線,こうせん,"beam, light ray",N2,noun,Colors & Descriptions
高層,こうそう,"tall, high rise",N2,noun,Colors & Descriptions
コレクション,コレクション,collection; correction,N2,noun,Colors & Descriptions
茂る,しげる,to grow thick,N2,verb,Colors & Descriptions
紺,こん,"navy blue, deep blue",N2,noun,Colors & Descriptions
錆,さび,rust (color),N2,noun,Colors & Descriptions
下書き,したがき,"rough copy, draft",N2,noun,Colors & Descriptions
実物,じつぶつ,an actual thing,N2,noun,Colors & Descriptions
裏返す,うらがえす,"to turn inside out, to turn (something) over",N2,verb,Colors & Descriptions
氏名,しめい,full name,N2,noun,Colors & Descriptions
弱点,じゃくてん,"weak point, weakness",N2,noun,Colors & Descriptions
生き生き,いきいき,"vividly, lively",N2,noun,Colors & Descriptions
売り切れ,うりきれ,sold-out,N2,noun,Colors & Descriptions
占う,うらなう,"to predict, to divine",N2,verb,Colors & Descriptions
特色,とくしょく,"characteristic, feature",N2,noun,Colors & Descriptions
所々,ところどころ,"here and there, some parts (of something)",N2,noun,Colors & Descriptions
灰色,はいいろ,"grey, ashen",N2,noun,Colors & Descriptions
発想,はっそう,idea; way of thinking (same as 考え方 (かんがえかた)),N2,noun,Colors & Descriptions
売り切れる,うりきれる,to be sold out,N2,verb,Colors & Descriptions
ピンク,ピンク,pink,N2,noun,Colors & Descriptions
ぶつぶつ,ぶつぶつ,"grumbling, complaining in a small voice",N2,noun,Colors & Descriptions
ふわふわ,ふわふわ,"light, soft",N2,noun,Colors & Descriptions
兵隊,へいたい,soldier,N2,noun,Colors & Descriptions
尖る,とがる,"to taper to a point, to become sharp",N2,verb,Colors & Descriptions
真っ黒,まっくろ,pitch black,N2,noun,Colors & Descriptions
真っ青,まっさお,"deep blue, ghastly pale",N2,noun,Colors & Descriptions
稀,まれ,"rare, seldom",N2,noun,Colors & Descriptions
満員,まんいん,"full house, no vacancy, sold out",N2,noun,Colors & Descriptions
退ける,どける,"to dislodge, to put something out of the way",N2,verb,Colors & Descriptions
無地,むじ,plain,N2,noun,Colors & Descriptions
紫,むらさき,"purple color, violet",N2,noun,Colors & Descriptions
油断,ゆだん,"negligence, unpreparedness",N2,noun,Colors & Descriptions
長短,ちょうたん,"length, long and short, +-",N2,noun,Colors & Descriptions
長引く,ながびく,"to be prolonged, to drag on",N2,verb,Colors & Descriptions
長方形,ちょうほうけい,"rectangle, oblong",N2,noun,Colors & Descriptions
直線,ちょくせん,straight line,N2,noun,Colors & Descriptions
凸凹,でこぼこ,"unevenness, roughness, ruggedness",N2,noun,Colors & Descriptions
電球,でんきゅう,light bulb,N2,noun,Colors & Descriptions
張り切る,はりきる,"to be in high spirits, to be full of vigor",N2,verb,Colors & Descriptions
くだらない,くだらない,"good-for-nothing, stupid, worthless",N2,i-adjective,Colors & Descriptions
若々しい,わかわかしい,"youthful, young",N2,i-adjective,Colors & Descriptions
あいまい,あいまい,"vague, ambiguous",N2,i-adjective,Colors & Descriptions
青白い,あおじろい,pale,N2,i-adjective,Colors & Descriptions
見下ろす,みおろす,"to overlook, to look down on something",N2,verb,Colors & Descriptions
粗い,あらい,"coarse, rough",N2,i-adjective,Colors & Descriptions
鈍い,にぶい,"dull (e.g., a knife), thickheaded, slow (opposite of fast), stupid",N2,i-adjective,Colors & Descriptions
鈍い,のろい,"dull (e.g., a knife), slow (opposite of fast), stupid",N2,i-adjective,Colors & Descriptions
醜い,みにくい,ugly,N2,i-adjective,Colors & Descriptions
恵まれる,めぐまれる,"to be blessed with, to be rich in",N2,verb,Colors & Descriptions
緩い,ゆるい,"loose, lenient, slow",N2,i-adjective,Colors & Descriptions
力強い,ちからづよい,"powerful, strong, vigorous",N2,i-adjective,Colors & Descriptions
茶色い,ちゃいろい,brown,N2,i-adjective,Colors & Descriptions
上品,じょうひん,"refined, elegant, well-mannered",N2,na-adjective,Colors & Descriptions
縮める,ちぢめる,"to shorten, to reduce, to shrink",N2,verb,Colors & Descriptions
清書,せいしょ,clean copy,N2,na-adjective,Colors & Descriptions
清掃,せいそう,cleaning,N2,na-adjective,Colors & Descriptions
透明,とうめい,"transparency, cleanness",N2,na-adjective,Colors & Descriptions
不潔,ふけつ,"unclean, dirty",N2,na-adjective,Colors & Descriptions
平凡,へいぼん,"common, ordinary",N2,na-adjective,Colors & Descriptions
真っ白,まっしろ,pure white,N2,na-adjective,Colors & Descriptions
思いっ切り,おもいっきり,"very, much, fully",N2,adverb,Colors & Descriptions
なんとも,なんとも,"nothing (with neg. verb), quite, not a bit",N2,adverb,Colors & Descriptions
のろのろ,のろのろ,"slowly, sluggishly",N2,adverb,Colors & Descriptions
漸く,ようやく,"at last, finally, hardly",N2,adverb,Colors & Descriptions
～色,～しょく,kind of color,N2,prefix/suffix,Colors & Descriptions
～沿い,～そい,along,N2,prefix/suffix,Colors & Descriptions
短～,たん～,short ~,N2,prefix/suffix,Colors & Descriptions
～化,～か,action of making something,N2,prefix/suffix,Colors & Descriptions
小～,こ～,small ~,N2,prefix/suffix,Colors & Descriptions
高～,こう～,high (level) ~,N2,prefix/suffix,Colors & Descriptions
重～,じゅう～,heavy ~,N2,prefix/suffix,Colors & Descriptions
同～,どう～,same ~,N2,prefix/suffix,Colors & Descriptions
長～,なが～,long ~,N2,prefix/suffix,Colors & Descriptions
～難い,～がたい,hard (difficult) to do ~,N2,prefix/suffix,Colors & Descriptions
古～,ふる～,old ~,N2,prefix/suffix,Colors & Descriptions
長～,ちょう～,long ~,N2,prefix/suffix,Colors & Descriptions
～続く,～つづく,"follow, continue, go on",N2,prefix/suffix,Colors & Descriptions
～辛い,～づらい,hard to do ~,N2,prefix/suffix,Colors & Descriptions
低～,てい～,low ~,N2,prefix/suffix,Colors & Descriptions
スピーカー,スピーカー,speaker,N2,noun,Communication
台詞,せりふ,"speech, words, one's lines, remarks",N2,noun,Communication
言付ける,ことづける,to leave a message,N2,verb,Communication
解答,かいとう,"answer, solution",N2,noun,Communication
回答,かいとう,"reply, answer",N2,noun,Communication
囁く,ささやく,"to whisper, to murmur",N2,verb,Communication
看板,かんばん,"sign, signboard",N2,noun,Communication
記号,きごう,"symbol, code",N2,noun,Communication
論ずる,ろんずる,"to argue, to discuss",N2,verb,Communication
敬語,けいご,"honorific language (lit., respect language)",N2,noun,Communication
公表,こうひょう,"official announcement, proclamation",N2,noun,Communication
詫びる,わびる,to apologize,N2,verb,Communication
こちらこそ,こちらこそ,it is I who should say so,N2,noun,Communication
社説,しゃせつ,editorial,N2,noun,Communication
言い出す,いいだす,"to start talking, to suggest",N2,verb,Communication
ローマ字,ローマじ,"romanization, Roman letters (alphabet)",N2,noun,Communication
アクセント,アクセント,accent,N2,noun,Communication
言い付ける,いいつける,"to tell, to order",N2,verb,Communication
意義,いぎ,"meaning, significance",N2,noun,Communication
投書,とうしょ,"letter to the editor, letter from a reader, contribution",N2,noun,Communication
打ち消す,うちけす,"to deny, to negate",N2,verb,Communication
標識,ひょうしき,"sign, mark",N2,noun,Communication
符号,ふごう,"sign, mark, symbol",N2,noun,Communication
怒鳴る,どなる,"to shout, to yell",N2,verb,Communication
編集,へんしゅう,"editing, compilation, editorial (e.g., committee)",N2,noun,Communication
方言,ほうげん,dialect,N2,noun,Communication
呼び出す,よびだす,"to summon, to call (e.g., phone)",N2,verb,Communication
マスク,マスク,mask,N2,noun,Communication
問答,もんどう,"questions and answers, dialogue",N2,noun,Communication
郵送,ゆうそう,mailing,N2,noun,Communication
欄,らん,"column of text (e.g., as in a newspaper)",N2,noun,Communication
言葉遣い,ことばづかい,"speech, expression, wording",N2,i-adjective,Communication
話合い,はなしあい,"discussion, talk",N2,i-adjective,Communication
ひとりでに,ひとりでに,"by itself, automatically, naturally",N2,na-adjective,Communication
早速,さっそく,"at once, immediately, promptly",N2,adverb,Communication
～刊,～かん,"~ issued (magazine, newspaper)",N2,prefix/suffix,Communication
～紙,～し,"newspaper, type of paper",N2,prefix/suffix,Communication
～弁,～べん,"speech, dialect",N2,prefix/suffix,Communication
真空,しんくう,vacuum,N2,noun,Nature & Weather
森林,しんりん,"forest, woods",N2,noun,Nature & Weather
水平,すいへい,"level, horizontal",N2,noun,Nature & Weather
水平線,すいへいせん,horizon,N2,noun,Nature & Weather
杉,すぎ,Japanese cedar,N2,noun,Nature & Weather
スタート,スタート,start,N2,noun,Nature & Weather
枯れる,かれる,"to wither, to die (plant), to be blasted (plant)",N2,verb,Nature & Weather
扇風機,せんぷうき,electric fan,N2,noun,Nature & Weather
草履,ぞうり,Japanese sandals (footwear),N2,noun,Nature & Weather
大木,たいぼく,large tree,N2,noun,Nature & Weather
滝,たき,waterfall,N2,noun,Nature & Weather
竹,たけ,bamboo,N2,noun,Nature & Weather
海水浴,かいすいよく,"sea bathing, seawater bath",N2,noun,Nature & Weather
あふれる,あふれる,"to flood, to overflow",N2,verb,Nature & Weather
海洋,かいよう,ocean,N2,noun,Nature & Weather
架空,かくう,"imaginary, fiction, fanciful",N2,noun,Nature & Weather
火山,かざん,volcano,N2,noun,Nature & Weather
かび (～がはえる),かび (～がはえる),"mold, mildew",N2,noun,Nature & Weather
空想,くうそう,"daydream, fantasy",N2,noun,Nature & Weather
空中,くうちゅう,"sky, air",N2,noun,Nature & Weather
荒れる,あれる,"to be stormy, to be rough, to be ruined",N2,verb,Nature & Weather
経度,けいど,longitude,N2,noun,Nature & Weather
材木,ざいもく,"lumber, timber",N2,noun,Nature & Weather
流石,さすが,"indeed, truly, as one would expect",N2,noun,Nature & Weather
山林,さんりん,mountain forest,N2,noun,Nature & Weather
シーズン,シーズン,season (sporting),N2,noun,Nature & Weather
磁石,じしゃく,magnet,N2,noun,Nature & Weather
飢える,うえる,to starve,N2,verb,Nature & Weather
じゃんけん,じゃんけん,rock-scissors-paper game,N2,noun,Nature & Weather
流域,りゅういき,(river) basin,N2,noun,Nature & Weather
列島,れっとう,chain of islands,N2,noun,Nature & Weather
生け花,いけばな,flower arrangement,N2,noun,Nature & Weather
緯度,いど,latitude (navigation),N2,noun,Nature & Weather
植木,うえき,"garden shrubs, trees, potted plant",N2,noun,Nature & Weather
応ずる,おうずる,"to respond, to comply with",N2,verb,Nature & Weather
電波,でんぱ,electro-magnetic wave,N2,noun,Nature & Weather
峠,とうげ,"ridge, (mountain) pass, difficult part",N2,noun,Nature & Weather
並木,なみき,"roadside tree, row of trees",N2,noun,Nature & Weather
虹,にじ,rainbow,N2,noun,Nature & Weather
糊,のり,"glue, paste, starch",N2,noun,Nature & Weather
花火,はなび,fireworks,N2,noun,Nature & Weather
濁る,にごる,"to become muddy, to get cloudy",N2,verb,Nature & Weather
ばね,ばね,"spring (e.g., coil, leaf)",N2,noun,Nature & Weather
判子,はんこ,seal (used for signature),N2,noun,Nature & Weather
半島,はんとう,peninsula,N2,noun,Nature & Weather
日当たり,ひあたり,"exposure to the sun, sunny place",N2,noun,Nature & Weather
陽射,ひざし,"sunlight, rays of the sun",N2,noun,Nature & Weather
日の入り,ひのいり,sunset,N2,noun,Nature & Weather
見詰める,みつめる,"to stare at, to gaze at",N2,verb,Nature & Weather
日の出,ひので,sunrise,N2,noun,Nature & Weather
吹雪,ふぶき,snow storm,N2,noun,Nature & Weather
盆地,ぼんち,"basin (e.g., between mountains)",N2,noun,Nature & Weather
岬,みさき,cape (on coast),N2,noun,Nature & Weather
木材,もくざい,"lumber, timber, wood",N2,noun,Nature & Weather
元々,もともと,"originally, by nature, from the start",N2,noun,Nature & Weather
調味料,ちょうみりょう,"condiment, seasoning",N2,noun,Nature & Weather
空～,くう～,empty ~,N2,prefix/suffix,Nature & Weather
～系,～けい,"~ system, ~ lineage, ~ group",N2,prefix/suffix,Nature & Weather
～山,～さん,the name of mountain,N2,prefix/suffix,Nature & Weather
～島,～とう,kind of islands,N2,prefix/suffix,Nature & Weather
～風,～ふう,~ style,N2,prefix/suffix,Nature & Weather
縮小,しゅくしょう,"reduction, curtailment",N2,noun,Animals & Nature
述語,じゅつご,predicate,N2,noun,Animals & Nature
書籍,しょせき,"book, publication",N2,noun,Animals & Nature
申請,しんせい,"application, request, petition",N2,noun,Animals & Nature
ためらう,ためらう,to be hesitant,N2,verb,Animals & Nature
水筒,すいとう,"canteen, flask, water bottle",N2,noun,Animals & Nature
お世話になりました,おせわになりました,I've been in your care,N2,noun,Animals & Nature
ガム,ガム,chewing gum,N2,noun,Animals & Nature
感激,かんげき,"deep emotion, impression, inspiration",N2,noun,Animals & Nature
かじる,かじる,"to chew, to bite (at)",N2,verb,Animals & Nature
競馬,けいば,horse racing,N2,noun,Animals & Nature
気配,けはい,"indication, sign, hint",N2,noun,Animals & Nature
合同,ごうどう,"combination, incorporation",N2,noun,Animals & Nature
合理,ごうり,rational,N2,noun,Animals & Nature
傾く,かたむく,"to incline toward, to slant, to lurch",N2,verb,Animals & Nature
しっぽ,しっぽ,tail (animal),N2,noun,Animals & Nature
嫌がる,いやがる,"reluctant, to dislike",N2,noun,Animals & Nature
応用,おうよう,"application, put to practical use",N2,noun,Animals & Nature
濃度,のうど,"concentration, density",N2,noun,Animals & Nature
当てはまる,あてはまる,"to be applicable, to come under (a category)",N2,verb,Animals & Nature
複写,ふくしゃ,"copy, duplicate",N2,noun,Animals & Nature
別々,べつべつ,"separately, individually",N2,noun,Animals & Nature
予備,よび,"preparation, spare",N2,noun,Animals & Nature
抽象,ちゅうしょう,abstract,N2,noun,Animals & Nature
捕る,とる,"to take, to catch (fish)",N2,verb,Animals & Nature
長所,ちょうしょ,"strong point, merit; advantage",N2,noun,Animals & Nature
通知,つうち,"notice, notification",N2,noun,Animals & Nature
荒い,あらい,"rough, rude, wild",N2,i-adjective,Animals & Nature
勇ましい,いさましい,"brave, valiant",N2,i-adjective,Animals & Nature
匂う,におう,"to be fragrant, to smell",N2,verb,Animals & Nature
的確,てきかく,"precise, accurate",N2,na-adjective,Animals & Nature
適確,てきかく,"precise, accurate",N2,na-adjective,Animals & Nature
絶えず,たえず,constantly,N2,adverb,Animals & Nature
却って,かえって,"on the contrary, rather",N2,adverb,Animals & Nature
物語る,ものがたる,"to tell, to indicate",N2,verb,Animals & Nature
どうせ,どうせ,"anyhow, in any case, at any rate",N2,adverb,Animals & Nature
ともかく,ともかく,"anyhow, at any rate, anyway",N2,adverb,Animals & Nature
なにしろ,なにしろ,"at any rate, in any case",N2,adverb,Animals & Nature
直後,ちょくご,immediately following,N2,adverb,Animals & Nature
～羽,～わ,counter for rabbits; birds,N2,counter,Animals & Nature
反～,はん～,"anti ~, counter ~",N2,counter,Animals & Nature
非～,ひ～,"anti~, counter~, an~, non~",N2,counter,Animals & Nature
明くる～,あくる～,"next, following",N2,prefix/suffix,Animals & Nature
民主～,みんしゅ～,democratic,N2,prefix/suffix,Animals & Nature
有難い,ありがたい,"grateful, thankful, appreciated",N2,expression,Animals & Nature
終了,しゅうりょう,"end, close, termination",N2,noun,Actions & Movement
ずらす,ずらす,"to put off, to delay",N2,verb,Actions & Movement
順々,じゅんじゅん,"in order, in turn",N2,noun,Actions & Movement
立ち止まる,たちどまる,"to stop, to halt, to stand still",N2,verb,Actions & Movement
消化,しょうか,digestion,N2,noun,Actions & Movement
区切る,くぎる,"to punctuate, to cut off, to mark off",N2,verb,Actions & Movement
侵入,しんにゅう,"invasion, raid, trespass",N2,noun,Actions & Movement
砕く,くだく,"to break, to smash",N2,verb,Actions & Movement
水滴,すいてき,drop of water,N2,noun,Actions & Movement
砕ける,くだける,"to break, to be broken",N2,verb,Actions & Movement
ストップ,ストップ,stop,N2,noun,Actions & Movement
くっつく,くっつく,"to adhere to, to keep close to",N2,verb,Actions & Movement
スライド,スライド,slide,N2,noun,Actions & Movement
くっつける,くっつける,to attach,N2,verb,Actions & Movement
性別,せいべつ,"sex, gender",N2,noun,Actions & Movement
組み立てる,くみたてる,"to assemble, to set up, to construct",N2,verb,Actions & Movement
栓,せん,"stopper, cork, stopcock",N2,noun,Actions & Movement
くるむ,くるむ,"to be enveloped by, to wrap up",N2,verb,Actions & Movement
送別,そうべつ,"farewell, send-off",N2,noun,Actions & Movement
擦る,こする,"to rub, to chafe, to file, to frost (glass), to strike (match)",N2,verb,Actions & Movement
解散,かいさん,"breakup, dissolution",N2,noun,Actions & Movement
堪える,こらえる,"to bear, to endure, to put up with",N2,verb,Actions & Movement
回転,かいてん,"rotation, turning",N2,noun,Actions & Movement
転がす,ころがす,to roll,N2,verb,Actions & Movement
開放,かいほう,"open, throw open, liberalization",N2,noun,Actions & Movement
転がる,ころがる,"to roll, to tumble",N2,verb,Actions & Movement
下降,かこう,"decline, descent, fall",N2,noun,Actions & Movement
(かさを～) さす,(かさを～) さす,to open; hold (an umbrella),N2,verb,Actions & Movement
原産,げんさん,place of origin,N2,noun,Actions & Movement
仕上がる,しあがる,to be finished,N2,verb,Actions & Movement
交差,こうさ,cross,N2,noun,Actions & Movement
敷く,しく,"to spread out, to lay out",N2,verb,Actions & Movement
構造,こうぞう,"structure, construction",N2,noun,Actions & Movement
絞る,しぼる,"to press, to wring, to squeeze",N2,verb,Actions & Movement
紅葉,こうよう,fall colors (of leaves),N2,noun,Actions & Movement
締め切る,しめきる,"to close, cancel",N2,verb,Actions & Movement
ゴム,ゴム,"gum, rubber",N2,noun,Actions & Movement
浮ぶ,うかぶ,"to float, to rise to surface, to come to mind",N2,verb,Actions & Movement
混合,こんごう,"mixing, mixture",N2,noun,Actions & Movement
浮かべる,うかべる,to float; to express,N2,verb,Actions & Movement
催促,さいそく,"demand, urge (action), press for",N2,noun,Actions & Movement
浮く,うく,to float,N2,verb,Actions & Movement
敷地,しきち,site,N2,noun,Actions & Movement
留まる,とどまる,"to be fixed; to abide, to stay (in the one place)",N2,verb,Actions & Movement
修繕,しゅうぜん,"repair, mending",N2,noun,Actions & Movement
留まる,とまる,"to be fixed; to abide, to stay (in the one place)",N2,verb,Actions & Movement
×,ばつ,cross,N2,noun,Actions & Movement
捕える,とらえる,"to seize, to capture, to arrest",N2,verb,Actions & Movement
はめる,はめる,"(col) to get in, to insert, to put on",N2,noun,Actions & Movement
捩る,ねじる,to twist,N2,verb,Actions & Movement
普及,ふきゅう,"diffusion, spread",N2,noun,Actions & Movement
挟む,はさむ,to pinch; to hold between; to insert,N2,verb,Actions & Movement
踏切,ふみきり,"railway crossing, level crossing, starting line, scratch, crossover",N2,noun,Actions & Movement
引っ繰り返す,ひっくりかえす,"to turn over, to overturn, to knock over",N2,verb,Actions & Movement
摩擦,まさつ,friction; rubbing; chafe,N2,noun,Actions & Movement
引っ繰り返る,ひっくりかえる,"to be overturned, to be upset, to topple over, to be reversed",N2,verb,Actions & Movement
地名,ちめい,place name,N2,noun,Actions & Movement
捻る,ひねる,"to twist, to turn",N2,verb,Actions & Movement
通路,つうろ,"passage, pathway",N2,noun,Actions & Movement
ぶらさげる,ぶらさげる,"to hang, to suspend, to swing",N2,verb,Actions & Movement
低下,ていか,"fall, decline",N2,noun,Actions & Movement
掘る,ほる,"to dig, to excavate",N2,verb,Actions & Movement
出来上がり,できあがり,"be finished, ready",N2,noun,Actions & Movement
曲げる,まげる,"to bend, to crook, to lean",N2,verb,Actions & Movement
展開,てんかい,"develop, expansion (opposite of compression)",N2,noun,Actions & Movement
待ち合わせる,まちあわせる,"to rendezvous, to meet at a prearranged place and time",N2,verb,Actions & Movement
純粋,じゅんすい,"pure, genuine, unmixed",N2,na-adjective,Actions & Movement
見送る,みおくる,to see off; to escort; to let pass,N2,verb,Actions & Movement
消極的,しょうきょくてき,passive,N2,na-adjective,Actions & Movement
揉む,もむ,"to rub, to crumple (up), to wrinkle",N2,verb,Actions & Movement
速達,そくたつ,"express, special delivery",N2,na-adjective,Actions & Movement
よこす,よこす,"to send, to forward; to hand over (e.g., money)",N2,verb,Actions & Movement
必需品,ひつじゅひん,"necessities, essential",N2,na-adjective,Actions & Movement
近付ける,ちかづける,"to bring near, to put close, to let come near",N2,verb,Actions & Movement
名所,めいしょ,famous place,N2,na-adjective,Actions & Movement
散らかす,ちらかす,"to scatter around, to leave untidy",N2,verb,Actions & Movement
中性,ちゅうせい,"neuter gender, neutral",N2,na-adjective,Actions & Movement
通ずる,つうずる,"to lead, to run, to open",N2,verb,Actions & Movement
ぴたり,ぴたり,exactly; close-fitting,N2,adverb,Actions & Movement
吊る,つる,to hang,N2,verb,Actions & Movement
～着,～ちゃく,counter for clothes; finishing place,N2,counter,Actions & Movement
吊す,つるす,to hang,N2,verb,Actions & Movement
～所,～しょ,place,N2,prefix/suffix,Actions & Movement
出来上がる,できあがる,"to be finished, to be ready",N2,verb,Actions & Movement
～所,～じょ,place,N2,prefix/suffix,Actions & Movement
～済,～ずみ,finished,N2,prefix/suffix,Actions & Movement
～おしまい (おわり),～おしまい (おわり),end up ~,N2,prefix/suffix,Actions & Movement
～位,～い,~th place,N2,prefix/suffix,Actions & Movement
～等,～とう,"level, place",N2,prefix/suffix,Actions & Movement
～滴,～てき,drop,N2,prefix/suffix,Actions & Movement
お帰り,おかえり,"return, welcome",N2,expression,Actions & Movement
観念,かんねん,"idea, notion; sense",N2,noun,Thinking & Learning
信ずる,しんずる,to believe,N2,verb,Thinking & Learning
アイデア; アイディア,アイデア; アイディア,idea,N2,noun,Thinking & Learning
例える,たとえる,"to compare, to liken",N2,verb,Thinking & Learning
俄,にわか,"sudden, abrupt, unexpected",N2,noun,Thinking & Learning
心得る,こころえる,"to understand, to have thorough knowledge",N2,verb,Thinking & Learning
果して,はたして,"as was expected, really",N2,noun,Thinking & Learning
御覧,ごらん,"(hon.) look, inspection, try",N2,verb,Thinking & Learning
断定,だんてい,"conclusion, decision",N2,noun,Thinking & Learning
溶かす,とかす,"to melt, to dissolve",N2,verb,Thinking & Learning
思い掛けない,おもいがけない,"unexpected, casual",N2,i-adjective,Thinking & Learning
狙う,ねらう,to aim at,N2,verb,Thinking & Learning
勘違い,かんちがい,"misunderstanding, wrong guess",N2,i-adjective,Thinking & Learning
努める,つとめる,"to try, to aim",N2,verb,Thinking & Learning
狙い,ねらい,aim,N2,i-adjective,Thinking & Learning
原理,げんり,"principle, theory, fundamental truth",N2,na-adjective,Thinking & Learning
私立,しりつ,private (establishment),N2,noun,Social & Relationships
儀式,ぎしき,"ceremony, rite, ritual",N2,noun,Social & Relationships
客席,きゃくせき,guest seating,N2,noun,Social & Relationships
客間,きゃくま,"parlor, guest room",N2,noun,Social & Relationships
形式,けいしき,"form, formality, format",N2,noun,Social & Relationships
現に,げんに,"actually, really",N2,noun,Social & Relationships
公共,こうきょう,"public, community, communal",N2,noun,Social & Relationships
エチケット,エチケット,etiquette,N2,noun,Social & Relationships
応接,おうせつ,reception,N2,noun,Social & Relationships
仲直り,なかなおり,"reconciliation, make peace with",N2,noun,Social & Relationships
仲良し,なかよし,"intimate friend, bosom buddy",N2,noun,Social & Relationships
民間,みんかん,"private, civilian",N2,noun,Social & Relationships
知人,ちじん,"friend, acquaintance",N2,noun,Social & Relationships
出迎え,でむかえ,"meeting, reception",N2,noun,Social & Relationships
仕方がない,しかたがない,"it can't be helped, it's inevitable",N2,i-adjective,Social & Relationships
やむをえない,やむをえない,"cannot be helped, unavoidable",N2,i-adjective,Social & Relationships
～団,～だん,"group, corps, party",N2,prefix/suffix,Social & Relationships
循環,じゅんかん,"circulation, rotation, cycle",N2,noun,Sports & Activities
焦点,しょうてん,"focus, point",N2,noun,Sports & Activities
勝敗,しょうはい,"victory or defeat, issue (of battle)",N2,noun,Sports & Activities
勝負,しょうぶ,"victory or defeat, game",N2,noun,Sports & Activities
跳ねる,はねる,"to jump, to leap",N2,verb,Sports & Activities
相撲,すもう,sumo wrestling,N2,noun,Sports & Activities
先端,せんたん,"pointed end, tip",N2,noun,Sports & Activities
カーブ,カーブ,curve; curve ball (baseball),N2,noun,Sports & Activities
稽古,けいこ,"practice, training, study",N2,noun,Sports & Activities
命ずる,めいずる,"to command, to appoint",N2,verb,Sports & Activities
実習,じっしゅう,"practice, training",N2,noun,Sports & Activities
マラソン,マラソン,marathon,N2,noun,Sports & Activities
ランニング,ランニング,running; tank top,N2,noun,Sports & Activities
テニスコート,テニスコート,tennis court,N2,noun,Sports & Activities
突き当たる,つきあたる,"to run into, to collide with",N2,verb,Sports & Activities
点数,てんすう,"marks, points, score",N2,noun,Sports & Activities
酔っ払い,よっぱらい,drunkard,N2,i-adjective,Sports & Activities
～戦,～せん,"counter for games, matches",N2,counter,Sports & Activities
～勝,～しょう,count for victory,N2,prefix/suffix,Sports & Activities
主役,しゅやく,leading part,N2,noun,Arts & Entertainment
将棋,しょうぎ,Japanese chess,N2,noun,Arts & Entertainment
職人,しょくにん,"artisan, craftsman",N2,noun,Arts & Entertainment
人造,じんぞう,"man-made, synthetic, artificial",N2,noun,Arts & Entertainment
図鑑,ずかん,picture book,N2,noun,Arts & Entertainment
ステージ,ステージ,stage; performance,N2,noun,Arts & Entertainment
図表,ずひょう,"chart, diagram, graph",N2,noun,Arts & Entertainment
スマート,スマート,"smart, stylish, slim",N2,noun,Arts & Entertainment
恩恵,おんけい,"blessing, benefit",N2,noun,Arts & Entertainment
箇所,かしょ,"place, point, part",N2,noun,Arts & Entertainment
かるた,かるた,playing cards (POR: carta),N2,noun,Arts & Entertainment
間接,かんせつ,"indirect, indirectness",N2,noun,Arts & Entertainment
器具,きぐ,instrument,N2,noun,Arts & Entertainment
芸能,げいのう,"public entertainment, performing arts",N2,noun,Arts & Entertainment
工芸,こうげい,industrial arts,N2,noun,Arts & Entertainment
娯楽,ごらく,"pleasure, amusement, recreation",N2,noun,Arts & Entertainment
作者,さくしゃ,"author, artist",N2,noun,Arts & Entertainment
撮影,さつえい,photographing,N2,noun,Arts & Entertainment
寺院,じいん,temple,N2,noun,Arts & Entertainment
録音,ろくおん,(audio) recording,N2,noun,Arts & Entertainment
絵の具,えのぐ,"colors, paints",N2,noun,Arts & Entertainment
宴会,えんかい,"party, banquet",N2,noun,Arts & Entertainment
農産物,のうさんぶつ,agricultural produce,N2,noun,Arts & Entertainment
俳句,はいく,haiku poetry,N2,noun,Arts & Entertainment
発揮,はっき,"exhibition, demonstration, display",N2,noun,Arts & Entertainment
引分け,ひきわけ,"a draw (in competition), tie game",N2,noun,Arts & Entertainment
溶け込む,とけこむ,to melt into; to become a part of,N2,verb,Arts & Entertainment
筆者,ひっしゃ,"writer, author",N2,noun,Arts & Entertainment
標本,ひょうほん,"example, specimen",N2,noun,Arts & Entertainment
部品,ぶひん,"parts, accessories",N2,noun,Arts & Entertainment
文芸,ぶんげい,"literature, art and literature",N2,noun,Arts & Entertainment
盆,ぼん,Festival of the Dead; tray,N2,noun,Arts & Entertainment
本部,ほんぶ,headquarters,N2,noun,Arts & Entertainment
見本,みほん,sample,N2,noun,Arts & Entertainment
名作,めいさく,masterpiece,N2,noun,Arts & Entertainment
矢印,やじるし,directing arrow,N2,noun,Arts & Entertainment
遊園地,ゆうえんち,amusement park,N2,noun,Arts & Entertainment
余所,よそ,"another place, somewhere else, strange parts",N2,noun,Arts & Entertainment
短編,たんぺん,"short (e.g., story, film)",N2,noun,Arts & Entertainment
彫刻,ちょうこく,"carving, engraving, sculpture",N2,noun,Arts & Entertainment
直通,ちょくつう,direct connection,N2,noun,Arts & Entertainment
伝記,でんき,"biography, life story",N2,noun,Arts & Entertainment
頼もしい,たのもしい,"reliable, promising",N2,i-adjective,Arts & Entertainment
各地,かくち,various parts of the country,N2,na-adjective,Arts & Entertainment
特定,とくてい,"specific, special, particular",N2,na-adjective,Arts & Entertainment
本来,ほんらい,"essentially, naturally, by nature",N2,na-adjective,Arts & Entertainment
団地,だんち,housing complex,N2,na-adjective,Arts & Entertainment
いよいよ,いよいよ,"more and more, increasingly, at last",N2,adverb,Arts & Entertainment
～歌,～か,song of ~,N2,prefix/suffix,Arts & Entertainment
～画,～が,"picture, painting",N2,prefix/suffix,Arts & Entertainment
～教,～きょう,religion,N2,prefix/suffix,Arts & Entertainment
～史,～し,history of ~,N2,prefix/suffix,Arts & Entertainment
～寺,～じ,the name of temple,N2,prefix/suffix,Arts & Entertainment
祭る,まつる,"to deify, to enshrine",N2,verb,Arts & Entertainment
～集,～しゅう,collection of ~,N2,prefix/suffix,Arts & Entertainment
～部,～ぶ,~ part,N2,prefix/suffix,Arts & Entertainment
重力,じゅうりょく,gravity,N2,noun,Technology & Science
熟語,じゅくご,"idiom, kanji compound",N2,noun,Technology & Science
初歩,しょほ,"elements, rudiments",N2,noun,Technology & Science
資料,しりょう,"materials, data",N2,noun,Technology & Science
水素,すいそ,hydrogen,N2,noun,Technology & Science
全力,ぜんりょく,"all one's power, whole energy",N2,noun,Technology & Science
活字,かつじ,printing type,N2,noun,Technology & Science
活力,かつりょく,"vitality, energy",N2,noun,Technology & Science
乾電池,かんでんち,"dry cell, battery",N2,noun,Technology & Science
気圧,きあつ,atmospheric pressure,N2,noun,Technology & Science
系統,けいとう,"system, genealogy",N2,noun,Technology & Science
原稿,げんこう,"manuscript, copy",N2,noun,Technology & Science
公式,こうしき,"formula, formality, official",N2,noun,Technology & Science
コンセント,コンセント,consent; power outlet,N2,noun,Technology & Science
自然科学,しぜんかがく,natural science,N2,noun,Technology & Science
圧縮,あっしゅく,"compression, condensation, pressure",N2,noun,Technology & Science
引力,いんりょく,gravity,N2,noun,Technology & Science
電流,でんりゅう,electric current,N2,noun,Technology & Science
電力,でんりょく,electric power,N2,noun,Technology & Science
発電,はつでん,"generation (e.g., power)",N2,noun,Technology & Science
襖,ふすま,sliding screen,N2,noun,Technology & Science
プログラム,プログラム,program,N2,noun,Technology & Science
モーター,モーター,motor,N2,noun,Technology & Science
理科,りか,science,N2,noun,Technology & Science
電池,でんち,battery,N2,noun,Technology & Science
～力,～りょく,power of ~,N2,prefix/suffix,Technology & Science
～論,～ろん,theory,N2,prefix/suffix,Technology & Science
正方形,せいほうけい,square,N2,noun,Geography & Places
せめて,せめて,at least,N2,noun,Geography & Places
ダム,ダム,dam,N2,noun,Geography & Places
関西,かんさい,"south-western half of Japan, including Osaka",N2,noun,Geography & Places
関東,かんとう,"eastern half of Japan, including Tokyo",N2,noun,Geography & Places
飢饉,ききん,famine,N2,noun,Geography & Places
県庁,けんちょう,prefectural office,N2,noun,Geography & Places
産地,さんち,producing area,N2,noun,Geography & Places
下町,したまち,old parts of town,N2,noun,Geography & Places
湿気,しっき,"moisture, humidity, dampness",N2,noun,Geography & Places
和英,わえい,Japanese-English,N2,noun,Geography & Places
運河,うんが,"canal, waterway",N2,noun,Geography & Places
英和,えいわ,"English-Japanese (e.g., dictionary)",N2,noun,Geography & Places
欧米,おうべい,"Europe and America, the West",N2,noun,Geography & Places
東西,とうざい,"East and West, whole country",N2,noun,Geography & Places
都心,としん,heart (of city),N2,noun,Geography & Places
南極,なんきょく,"south pole, Antarctic",N2,noun,Geography & Places
南米,なんべい,South America,N2,noun,Geography & Places
南北,なんぼく,south and north,N2,noun,Geography & Places
農村,のうそん,agricultural community,N2,noun,Geography & Places
ぴかぴか,ぴかぴか,"glitter, sparkle",N2,noun,Geography & Places
広場,ひろば,plaza,N2,noun,Geography & Places
付近,ふきん,"neighborhood, vicinity",N2,noun,Geography & Places
北極,ほっきょく,North Pole,N2,noun,Geography & Places
面積,めんせき,area,N2,noun,Geography & Places
紅葉,もみじ,(Japanese) maple,N2,noun,Geography & Places
容積,ようせき,"capacity, volume",N2,noun,Geography & Places
炭鉱,たんこう,"coal mine, coal pit",N2,noun,Geography & Places
地帯,ちたい,"area, zone",N2,noun,Geography & Places
天皇,てんのう,Emperor of Japan,N2,noun,Geography & Places
区域,くいき,"zone, district, area",N2,na-adjective,Geography & Places
～圏,～けん,"bloc, sphere, area",N2,prefix/suffix,Geography & Places
和～,わ～,Japanese style,N2,prefix/suffix,Geography & Places
見直す,みなおす,"to look over again, to review",N2,verb,Geography & Places
～丁目,～ちょうめ,"~ district (of a town; city, block)",N2,prefix/suffix,Geography & Places
巡査,じゅんさ,policeman,N2,noun,Society & Government
食器,しょっき,tableware,N2,noun,Society & Government
スチュワーデス,スチュワーデス,stewardess,N2,noun,Society & Government
税関,ぜいかん,customs,N2,noun,Society & Government
政党,せいとう,(member of) political party,N2,noun,Society & Government
総理大臣,そうりだいじん,Prime Minister,N2,noun,Society & Government
解説,かいせつ,"explanation, commentary",N2,noun,Society & Government
規律,きりつ,"order, rules, law",N2,noun,Society & Government
組合せ,くみあわせ,combination,N2,noun,Society & Government
公害,こうがい,"public nuisance, pollution",N2,noun,Society & Government
公衆,こうしゅう,the public,N2,noun,Society & Government
国王,こくおう,king,N2,noun,Society & Government
国立,こくりつ,national,N2,noun,Society & Government
削除,さくじょ,"elimination, deletion",N2,noun,Society & Government
自治,じち,"self-government, autonomy",N2,noun,Society & Government
社会科学,しゃかいかがく,social science,N2,noun,Society & Government
連合,れんごう,"union, alliance",N2,noun,Society & Government
判事,はんじ,"judge, justice",N2,noun,Society & Government
武士,ぶし,"warrior, samurai",N2,noun,Society & Government
方針,ほうしん,"objective, plan, policy",N2,noun,Society & Government
法則,ほうそく,"law, rule",N2,noun,Society & Government
防犯,ぼうはん,prevention of crime,N2,noun,Society & Government
役所,やくしょ,"government office, public office",N2,noun,Society & Government
役人,やくにん,government official,N2,noun,Society & Government
調整,ちょうせい,"regulation, adjustment, tuning",N2,noun,Society & Government
調節,ちょうせつ,"regulation, adjustment, control",N2,noun,Society & Government
直角,ちょっかく,right angle,N2,noun,Society & Government
共産～,きょうさん～,communist ~,N2,prefix/suffix,Society & Government
～国,～こく,nation of ~,N2,prefix/suffix,Society & Government
～領,～りょう,territory,N2,prefix/suffix,Society & Government
しめた (かん),しめた (かん),"I've got it, all right, fine",N2,expression,Society & Government
順序,じゅんじょ,"order, sequence, procedure",N2,noun,Abstract Concepts
初級,しょきゅう,elementary level,N2,noun,Abstract Concepts
相違,そうい,"difference, discrepancy, variation",N2,noun,Abstract Concepts
損得,そんとく,"loss and gain, advantage and disadvantage",N2,noun,Abstract Concepts
体制,たいせい,"order, system, structure",N2,noun,Abstract Concepts
改造,かいぞう,remodeling,N2,noun,Abstract Concepts
限り,かぎり,"limit(s), as far as possible",N2,noun,Abstract Concepts
基準,きじゅん,"standard, basis, criteria",N2,noun,Abstract Concepts
規準,きじゅん,"standard, basis, criteria",N2,noun,Abstract Concepts
基礎,きそ,"foundation, basis",N2,noun,Abstract Concepts
基盤,きばん,"foundation, basis",N2,noun,Abstract Concepts
限度,げんど,"limit, bounds",N2,noun,Abstract Concepts
効力,こうりょく,"effect, efficacy",N2,noun,Abstract Concepts
実績,じっせき,"achievements, actual results",N2,noun,Abstract Concepts
入れ物,いれもの,"container, case",N2,noun,Abstract Concepts
同格,どうかく,"the same rank, equality, apposition",N2,noun,Abstract Concepts
標準,ひょうじゅん,"standard, level",N2,noun,Abstract Concepts
身分,みぶん,"position, status",N2,noun,Abstract Concepts
利害,りがい,"advantages and disadvantages, interest",N2,noun,Abstract Concepts
短所,たんしょ,"defect, weak point; disadvantage",N2,noun,Abstract Concepts
繋がり,つながり,"connection, link, relationship",N2,noun,Abstract Concepts
しょうがない,しょうがない,It is not worth ~,N2,i-adjective,Abstract Concepts
整う,ととのう,"to be prepared, to be in order, to be arranged",N2,verb,Abstract Concepts
もしかしたら,もしかしたら,"perhaps, maybe, by some chance",N2,adverb,Abstract Concepts
寿命,じゅみょう,life span,N2,noun,Everyday Essentials
正面,しょうめん,front,N2,noun,Everyday Essentials
消耗,しょうもう,"exhaustion, consumption",N2,noun,Everyday Essentials
剃る,そる,to shave,N2,verb,Everyday Essentials
シリーズ,シリーズ,series,N2,noun,Everyday Essentials
素人,しろうと,"layman, amateur, novice",N2,noun,Everyday Essentials
しわ (かおの～),しわ (かおの～),"wrinkles, creases",N2,noun,Everyday Essentials
怠る,おこたる,"to neglect, to fail",N2,verb,Everyday Essentials
人命,じんめい,(human) life,N2,noun,Everyday Essentials
推定,すいてい,"presumption, assumption, estimation",N2,noun,Everyday Essentials
鈴,すず,bell,N2,noun,Everyday Essentials
刻む,きざむ,"to mince, to carve, to engrave",N2,verb,Everyday Essentials
ずらり,ずらり,"in a line, in a row",N2,noun,Everyday Essentials
性能,せいのう,"ability, capability",N2,noun,Everyday Essentials
成立,せいりつ,"formation, establishment, completion",N2,noun,Everyday Essentials
崩れる,くずれる,"to collapse, to crumble",N2,verb,Everyday Essentials
セメント,セメント,cement,N2,noun,Everyday Essentials
専制,せんせい,"despotism, autocracy",N2,noun,Everyday Essentials
そういえば,そういえば,which reminds me ..,N2,noun,Everyday Essentials
錆びる,さびる,"to rust, to become rusty",N2,verb,Everyday Essentials
相互,そうご,"mutual, reciprocal",N2,noun,Everyday Essentials
増大,ぞうだい,"increase, growth",N2,noun,Everyday Essentials
送料,そうりょう,"postage, carriage",N2,noun,Everyday Essentials
妨げる,さまたげる,"to disturb, to prevent",N2,verb,Everyday Essentials
速力,そくりょく,speed,N2,noun,Everyday Essentials
素質,そしつ,"talent, capability",N2,noun,Everyday Essentials
それなのに,それなのに,"though, although",N2,noun,Everyday Essentials
しびれる,しびれる,to become numb,N2,verb,Everyday Essentials
だいいち (とりわけ),だいいち (とりわけ),"first, foremost,&nbsp;&nbsp;#1",N2,noun,Everyday Essentials
大小,だいしょう,size,N2,noun,Everyday Essentials
代名詞,だいめいし,pronoun,N2,noun,Everyday Essentials
しぼむ,しぼむ,"to wither, to shrivel",N2,verb,Everyday Essentials
タイア,タイア,"tire, tyre",N2,noun,Everyday Essentials
ダイヤグラム,ダイヤグラム,diagram,N2,noun,Everyday Essentials
ダイヤモンド,ダイヤモンド,diamond,N2,noun,Everyday Essentials
しゃがむ,しゃがむ,to squat,N2,verb,Everyday Essentials
ダイヤル,ダイヤル,dial,N2,noun,Everyday Essentials
溜息,ためいき,a sigh,N2,noun,Everyday Essentials
オートメーション,オートメーション,automation,N2,noun,Everyday Essentials
しゃぶる,しゃぶる,"to suck, to chew",N2,verb,Everyday Essentials
お出掛け,おでかけ,outing,N2,noun,Everyday Essentials
御中,おんちゅう,Messrs.,N2,noun,Everyday Essentials
女の人,おんなのひと,woman,N2,noun,Everyday Essentials
略す,りゃくす,to abbreviate,N2,verb,Everyday Essentials
外部,がいぶ,"the outside, external",N2,noun,Everyday Essentials
書取,かきとり,dictation,N2,noun,Everyday Essentials
垣根,かきね,hedge,N2,noun,Everyday Essentials
扇ぐ,あおぐ,"to fan, to flap",N2,verb,Everyday Essentials
各自,かくじ,"individual, each",N2,noun,Everyday Essentials
拡充,かくじゅう,expansion,N2,noun,Everyday Essentials
角度,かくど,angle,N2,noun,Everyday Essentials
呆れる,あきれる,"to be shocked, to be appalled",N2,verb,Everyday Essentials
格別,かくべつ,exceptional,N2,noun,Everyday Essentials
確率,かくりつ,probability,N2,noun,Everyday Essentials
過失,かしつ,"error, mistake, negligence",N2,noun,Everyday Essentials
当てはめる,あてはめる,"to apply, to adapt",N2,verb,Everyday Essentials
過剰,かじょう,"excess, over-",N2,noun,Everyday Essentials
カセット,カセット,cassette (tape),N2,noun,Everyday Essentials
仮名,かな,kana,N2,noun,Everyday Essentials
余る,あまる,"to be left over, to be in excess",N2,verb,Everyday Essentials
カバー,カバー,"cover (e.g., book)",N2,noun,Everyday Essentials
釜,かま,"iron pot, kettle",N2,noun,Everyday Essentials
紙屑,かみくず,wastepaper,N2,noun,Everyday Essentials
編む,あむ,to knit,N2,verb,Everyday Essentials
神様,かみさま,god,N2,noun,Everyday Essentials
剃刀,かみそり,razor,N2,noun,Everyday Essentials
換気,かんき,ventilation,N2,noun,Everyday Essentials
受け持つ,うけもつ,to take (be in) charge of,N2,verb,Everyday Essentials
鑑賞,かんしょう,appreciation,N2,noun,Everyday Essentials
観測,かんそく,observation,N2,noun,Everyday Essentials
乾杯,かんぱい,Cheers! (a toast),N2,noun,Everyday Essentials
薄める,うすめる,"to dilute, to water down",N2,verb,Everyday Essentials
基地,きち,base,N2,noun,Everyday Essentials
きっかけ,きっかけ,"prompt, trigger, cue",N2,noun,Everyday Essentials
ギャング,ギャング,gang,N2,noun,Everyday Essentials
うなずく,うなずく,to nod,N2,verb,Everyday Essentials
境界,きょうかい,boundary,N2,noun,Everyday Essentials
行列,ぎょうれつ,"line, procession; matrix (math)",N2,noun,Everyday Essentials
曲線,きょくせん,curve,N2,noun,Everyday Essentials
敬う,うやまう,"to show respect, to honor",N2,verb,Everyday Essentials
櫛,くし,comb,N2,noun,Everyday Essentials
屑,くず,"waste, scrap",N2,noun,Everyday Essentials
句読点,くとうてん,punctuation marks,N2,noun,Everyday Essentials
取り消す,とりけす,to cancel,N2,verb,Everyday Essentials
継続,けいぞく,continuation,N2,noun,Everyday Essentials
警備,けいび,"defense, guard, policing, security",N2,noun,Everyday Essentials
形容詞,けいようし,adjective,N2,noun,Everyday Essentials
取り出す,とりだす,"to take out, to pick out",N2,verb,Everyday Essentials
形容動詞,けいようどうし,"adjectival noun, quasi-adjective",N2,noun,Everyday Essentials
激増,げきぞう,sudden increase,N2,noun,Everyday Essentials
下品,げひん,"vulgar, indecent, coarse",N2,noun,Everyday Essentials
為す,なす,"to accomplish, to do",N2,verb,Everyday Essentials
原始,げんし,"origin, primeval",N2,noun,Everyday Essentials
懸命,けんめい,"eagerness, strenuous",N2,noun,Everyday Essentials
原料,げんりょう,raw materials,N2,noun,Everyday Essentials
撫でる,なでる,"to brush gently, to stroke",N2,verb,Everyday Essentials
孝行,こうこう,filial piety,N2,noun,Everyday Essentials
こうして,こうして,"like this, with this",N2,noun,Everyday Essentials
香水,こうすい,perfume,N2,noun,Everyday Essentials
逃がす,にがす,"to let loose, to set free, to let escape",N2,verb,Everyday Essentials
功績,こうせき,"achievements, merit",N2,noun,Everyday Essentials
耕地,こうち,arable land,N2,noun,Everyday Essentials
コーラス,コーラス,chorus,N2,noun,Everyday Essentials
這う,はう,"to creep, to crawl",N2,verb,Everyday Essentials
御無沙汰,ごぶさた,not writing or contacting for a while,N2,noun,Everyday Essentials
コンクリート,コンクリート,concrete,N2,noun,Everyday Essentials
採点,さいてん,"marking, grading",N2,noun,Everyday Essentials
挟まる,はさまる,"to get between, to be caught in",N2,verb,Everyday Essentials
サイレン,サイレン,siren,N2,noun,Everyday Essentials
逆さ,さかさ,"reverse, upside down",N2,noun,Everyday Essentials
逆様,さかさま,"reverse, upside down",N2,noun,Everyday Essentials
引受る,ひきうける,"to undertake, to take up, to take over",N2,verb,Everyday Essentials
索引,さくいん,"index, indices",N2,noun,Everyday Essentials
差し支え,さしつかえ,"hindrance, impediment",N2,noun,Everyday Essentials
さわやか,さわやか,"fresh, refreshing",N2,noun,Everyday Essentials
引っ掛かる,ひっかかる,"to be caught in, to be stuck in",N2,verb,Everyday Essentials
サンプル,サンプル,sample,N2,noun,Everyday Essentials
シーツ,シーツ,sheet,N2,noun,Everyday Essentials
自衛,じえい,self-defense,N2,noun,Everyday Essentials
響く,ひびく,to resound; to affect,N2,verb,Everyday Essentials
執筆,しっぴつ,writing,N2,noun,Everyday Essentials
実用,じつよう,"practical use, utility",N2,noun,Everyday Essentials
シャッター,シャッター,shutter,N2,noun,Everyday Essentials
塞がる,ふさがる,"to be plugged up, to be shut up",N2,verb,Everyday Essentials
洒落,しゃれ,"joke, pun, witticism",N2,noun,Everyday Essentials
リズム,リズム,rhythm,N2,noun,Everyday Essentials
リットル,リットル,liter,N2,noun,Everyday Essentials
ふざける,ふざける,"to romp, to gambol, to frolic",N2,verb,Everyday Essentials
両側,りょうがわ,both sides,N2,noun,Everyday Essentials
領事,りょうじ,consul,N2,noun,Everyday Essentials
煉瓦,れんが,brick,N2,noun,Everyday Essentials
振舞う,ふるまう,"to behave, to conduct",N2,verb,Everyday Essentials
レンズ,レンズ,lens,N2,noun,Everyday Essentials
ロビー,ロビー,lobby,N2,noun,Everyday Essentials
あくび,あくび,yawn,N2,noun,Everyday Essentials
凹む,へこむ,"to be dented, to be indented",N2,verb,Everyday Essentials
あちらこちら,あちらこちら,here and there,N2,noun,Everyday Essentials
編み物,あみもの,knitting,N2,noun,Everyday Essentials
粗筋,あらすじ,"outline, synopsis",N2,noun,Everyday Essentials
隔てる,へだてる,to be shut out,N2,verb,Everyday Essentials
安易,あんい,easy-going,N2,noun,Everyday Essentials
いきなり,いきなり,all of a sudden,N2,noun,Everyday Essentials
イコール,イコール,equal,N2,noun,Everyday Essentials
放る,ほうる,to let go,N2,verb,Everyday Essentials
インキ,インキ,ink,N2,noun,Everyday Essentials
ウーマン,ウーマン,woman,N2,noun,Everyday Essentials
ウエートレス,ウエートレス,waitress,N2,noun,Everyday Essentials
干す,ほす,"to air, to dry, to drink up",N2,verb,Everyday Essentials
売行き,うれゆき,sales,N2,noun,Everyday Essentials
円周,えんしゅう,circumference,N2,noun,Everyday Essentials
王女,おうじょ,princess,N2,noun,Everyday Essentials
彫る,ほる,"to carve, to chisel",N2,verb,Everyday Essentials
応対,おうたい,"receiving, dealing with",N2,noun,Everyday Essentials
テンポ,テンポ,tempo,N2,noun,Everyday Essentials
問い合わせ,といあわせ,inquiry,N2,noun,Everyday Essentials
またぐ,またぐ,to straddle,N2,verb,Everyday Essentials
銅,どう,copper,N2,noun,Everyday Essentials
登場,とうじょう,entry (on stage),N2,noun,Everyday Essentials
盗難,とうなん,"theft, robbery",N2,noun,Everyday Essentials
真似る,まねる,"to mimic, to imitate",N2,verb,Everyday Essentials
童話,どうわ,fairy tale,N2,noun,Everyday Essentials
ナイロン,ナイロン,nylon,N2,noun,Everyday Essentials
謎謎,なぞなぞ,riddle,N2,noun,Everyday Essentials
見上げる,みあげる,"to look up at, to admire",N2,verb,Everyday Essentials
生意気,なまいき,"impertinent, impudent",N2,noun,Everyday Essentials
ねじ,ねじ,(a) screw,N2,noun,Everyday Essentials
能率,のうりつ,efficiency,N2,noun,Everyday Essentials
見慣れる,みなれる,"to become used to seeing, to be familiar with",N2,verb,Everyday Essentials
のこぎり,のこぎり,saw,N2,noun,Everyday Essentials
バイバイ,バイバイ,bye bye,N2,noun,Everyday Essentials
発売,はつばい,sale,N2,noun,Everyday Essentials
もたれる,もたれる,"to lean against, to lean on",N2,verb,Everyday Essentials
破片,はへん,"fragment, broken piece",N2,noun,Everyday Essentials
バンド,バンド,band,N2,noun,Everyday Essentials
ピストル,ピストル,pistol,N2,noun,Everyday Essentials
やかましい,やかましい,"to be fussy, to be overly critical",N2,verb,Everyday Essentials
筆記,ひっき,"note taking, writing",N2,noun,Everyday Essentials
ビニール,ビニール,vinyl,N2,noun,Everyday Essentials
響き,ひびき,"echo, sound",N2,noun,Everyday Essentials
蘇る,よみがえる,"to be resurrected, to be revived",N2,verb,Everyday Essentials
ひゃっかじてん,ひゃっかじてん,encyclopedia,N2,noun,Everyday Essentials
表紙,ひょうし,"front cover, binding",N2,noun,Everyday Essentials
評論,ひょうろん,"criticism, critique",N2,noun,Everyday Essentials
縮む,ちぢむ,"to shrink, to be contracted",N2,verb,Everyday Essentials
瓶詰,びんづめ,"bottling, bottled",N2,noun,Everyday Essentials
副詞,ふくし,adverb,N2,noun,Everyday Essentials
無沙汰,ぶさた,neglecting to stay in contact,N2,noun,Everyday Essentials
縮れる,ちぢれる,"to be wavy, to be curled",N2,verb,Everyday Essentials
蓋,ふた,"cover, lid, cap",N2,noun,Everyday Essentials
ブラシ,ブラシ,brush,N2,noun,Everyday Essentials
噴火,ふんか,eruption,N2,noun,Everyday Essentials
務める,つとめる,"to serve, to act",N2,verb,Everyday Essentials
噴水,ふんすい,water fountain,N2,noun,Everyday Essentials
閉会,へいかい,closure,N2,noun,Everyday Essentials
ペンチ,ペンチ,pliers (lit: pinchers),N2,noun,Everyday Essentials
潰す,つぶす,"to smash, to waste",N2,verb,Everyday Essentials
坊さん,ぼうさん,"Buddhist priest, monk",N2,noun,Everyday Essentials
坊や,ぼうや,boy,N2,noun,Everyday Essentials
ボーナス,ボーナス,bonus,N2,noun,Everyday Essentials
照る,てる,to shine,N2,verb,Everyday Essentials
募集,ぼしゅう,recruitment,N2,noun,Everyday Essentials
ポスター,ポスター,poster,N2,noun,Everyday Essentials
まあまあ,まあまあ,okay; so-so; decent,N2,noun,Everyday Essentials
未満,みまん,"less than, insufficient",N2,noun,Everyday Essentials
無限,むげん,infinite,N2,noun,Everyday Essentials
迷信,めいしん,superstition,N2,noun,Everyday Essentials
銘々,めいめい,"each, individual",N2,noun,Everyday Essentials
めっきり,めっきり,remarkably,N2,noun,Everyday Essentials
モダン,モダン,modern,N2,noun,Everyday Essentials
やかん,やかん,kettle,N2,noun,Everyday Essentials
役者,やくしゃ,actor,N2,noun,Everyday Essentials
有料,ゆうりょう,"admission-paid, toll",N2,noun,Everyday Essentials
溶岩,ようがん,lava,N2,noun,Everyday Essentials
用途,ようと,"use, usefulness",N2,noun,Everyday Essentials
淡水,たんすい,fresh water,N2,noun,Everyday Essentials
断水,だんすい,water outage,N2,noun,Everyday Essentials
中間,ちゅうかん,"middle, midway, interim",N2,noun,Everyday Essentials
超過,ちょうか,"excess, being more than",N2,noun,Everyday Essentials
頂点,ちょうてん,"top, summit",N2,noun,Everyday Essentials
通用,つうよう,"popular use, circulation",N2,noun,Everyday Essentials
綱,つな,rope,N2,noun,Everyday Essentials
艶,つや,"gloss, glaze",N2,noun,Everyday Essentials
出入り,でいり,"in and out, coming and going",N2,noun,Everyday Essentials
鉄砲,てっぽう,gun,N2,noun,Everyday Essentials
伝染,でんせん,contagion,N2,noun,Everyday Essentials
点々,てんてん,"here and there, little by little",N2,noun,Everyday Essentials
狡い,ずるい,"sly, cunning",N2,i-adjective,Everyday Essentials
騒々しい,そうぞうしい,"noisy, boisterous",N2,i-adjective,Everyday Essentials
仮名遣い,かなづかい,"kana orthography, syllabary spelling",N2,i-adjective,Everyday Essentials
煙い,けむい,smoky,N2,i-adjective,Everyday Essentials
険しい,けわしい,"steep, rugged; severe",N2,i-adjective,Everyday Essentials
騒がしい,さわがしい,noisy,N2,i-adjective,Everyday Essentials
ばからしい,ばからしい,absurd,N2,i-adjective,Everyday Essentials
めまい,めまい,"dizziness, giddiness",N2,i-adjective,Everyday Essentials
面倒臭い,めんどうくさい,"bother to do, tiresome",N2,i-adjective,Everyday Essentials
妥当,だとう,"proper, appropriate",N2,na-adjective,Everyday Essentials
落し物,おとしもの,lost property,N2,na-adjective,Everyday Essentials
特殊,とくしゅ,"special, unique",N2,na-adjective,Everyday Essentials
特売,とくばい,special sale,N2,na-adjective,Everyday Essentials
フリー,フリー,free,N2,na-adjective,Everyday Essentials
めちゃくちゃ,めちゃくちゃ,"absurd, messed up, wrecked",N2,na-adjective,Everyday Essentials
要旨,ようし,"gist, essentials, summary",N2,na-adjective,Everyday Essentials
要領,ようりょう,"gist, essentials, outline",N2,na-adjective,Everyday Essentials
その他,そのほか,besides,N2,adverb,Everyday Essentials
大して,たいして,"(not so) much, (not) very",N2,adverb,Everyday Essentials
大凡,おおよそ,"about, approximately",N2,adverb,Everyday Essentials
各々,おのおの,"each, every, either",N2,adverb,Everyday Essentials
さっさと,さっさと,quickly,N2,adverb,Everyday Essentials
どっと,どっと,suddenly,N2,adverb,Everyday Essentials
残らず,のこらず,"completely, without exception",N2,adverb,Everyday Essentials
諸～,しょ～,various ~,N2,prefix/suffix,Everyday Essentials
～畳,～じょう,"count for tatami, mat",N2,prefix/suffix,Everyday Essentials
～過ぎる,～すぎる,too much ~,N2,prefix/suffix,Everyday Essentials
第～,だい～,~th,N2,prefix/suffix,Everyday Essentials
～下,～か,under ~,N2,prefix/suffix,Everyday Essentials
～外,～がい,out of ~,N2,prefix/suffix,Everyday Essentials
各～,かく～,"every ~, each ~",N2,prefix/suffix,Everyday Essentials
～巻,～かん,volume,N2,prefix/suffix,Everyday Essentials
～期,～き,"~age, ~period",N2,prefix/suffix,Everyday Essentials
～器,～き,"device, equipment",N2,prefix/suffix,Everyday Essentials
～行,～ぎょう,"line, row",N2,prefix/suffix,Everyday Essentials
～切れ,～きれ,out of ~,N2,prefix/suffix,Everyday Essentials
～形,～けい,shape of ~,N2,prefix/suffix,Everyday Essentials
現～,げん～,"present, incumbent",N2,prefix/suffix,Everyday Essentials
～毎,～ごと,"every ~, each ~",N2,prefix/suffix,Everyday Essentials
〜 (まる) ごと,〜 (まる) ごと,"whole ~, all of ~",N2,prefix/suffix,Everyday Essentials
再～,さい～,re ~,N2,prefix/suffix,Everyday Essentials
最～,さい～,the most ~,N2,prefix/suffix,Everyday Essentials
～産,～さん,made in ~,N2,prefix/suffix,Everyday Essentials
両～,りょう～,both ~,N2,prefix/suffix,Everyday Essentials
我～,わが～,our ~,N2,prefix/suffix,Everyday Essentials
～いち (にほんいち),～いち (にほんいち),No. 1 ~ (in),N2,prefix/suffix,Everyday Essentials
上～,うわ～,upper ~,N2,prefix/suffix,Everyday Essentials
御～,おん～,honorific ~,N2,prefix/suffix,Everyday Essentials
～ところ,～ところ,about to do ~,N2,prefix/suffix,Everyday Essentials
～内,～ない,inside ~,N2,prefix/suffix,Everyday Essentials
副～,ふく～,vice ~,N2,prefix/suffix,Everyday Essentials
～歩,～ほ,"step, pace",N2,prefix/suffix,Everyday Essentials
～ぽい,～ぽい,~ish,N2,prefix/suffix,Everyday Essentials
防～,ぼう～,~ prevention,N2,prefix/suffix,Everyday Essentials
ほんの～,ほんの～,"mere, just",N2,prefix/suffix,Everyday Essentials
毎～,まい～,every ~,N2,prefix/suffix,Everyday Essentials
～みたい,～みたい,looks like ~,N2,prefix/suffix,Everyday Essentials
～向け,～むけ,for ~,N2,prefix/suffix,Everyday Essentials
名～,めい～,famous ~,N2,prefix/suffix,Everyday Essentials
～遣い,～づかい,use of ~,N2,prefix/suffix,Everyday Essentials
～付,～つき,with ~,N2,prefix/suffix,Everyday Essentials
嫌々,いやいや,"reluctantly, by no means, unwillingly",N1,noun,Basic Greetings
うんざり,うんざり,"tedious, boring, being fed up with",N1,noun,Basic Greetings
勘弁,かんべん,"pardon, forgiveness, forbearance",N1,noun,Basic Greetings
許容,きょよう,"permission, pardon",N1,noun,Basic Greetings
イェス,イェス,yes; Jesus,N1,noun,Basic Greetings
まさしく,まさしく,"surely, no doubt, evidently",N1,noun,Basic Greetings
無効,むこう,"invalid, no effect, unavailable",N1,na-adjective,Basic Greetings
さぞ (さぞや。さぞかし),さぞ (さぞや。さぞかし),"I am sure, certainly, no doubt",N1,adverb,Basic Greetings
てっきり,てっきり,"surely, certainly, beyond doubt",N1,adverb,Basic Greetings
ごらんなさい (かん),ごらんなさい (かん),"look, (please) try to do",N1,expression,Basic Greetings
サンキュー,サンキュー,thank you,N1,expression,Basic Greetings
悪しからず,あしからず,"don't take me wrong, but..., I'm sorry",N1,expression,Basic Greetings
祝賀,しゅくが,"celebration, congratulations",N1,expression,Basic Greetings
つぶる (めを～),つぶる (めを～),to close the eyes,N1,verb,Basic Greetings
もてなす,もてなす,"to entertain, to make welcome",N1,expression,Basic Greetings
心掛け,こころがけ,"readiness, intention, aim",N1,noun,Numbers & Counting
志,こころざし,"will, intention, motive",N1,noun,Numbers & Counting
籠もる,こもる,"to seclude oneself, to be confined in",N1,verb,Numbers & Counting
孤独,こどく,"isolation, loneliness, solitude",N1,noun,Numbers & Counting
採算,さいさん,profit,N1,noun,Numbers & Counting
悟る,さとる,"to attain enlightenment, to understand",N1,verb,Numbers & Counting
座談会,ざだんかい,"symposium, round-table discussion",N1,noun,Numbers & Counting
げっそり,げっそり,"being disheartened, losing weight",N1,noun,Numbers & Counting
サボる,サボる,to cut (skip) classes; to loaf on the job; to idle away one's time,N1,verb,Numbers & Counting
どうにか,どうにか,"in some way or other, one way or another",N1,noun,Numbers & Counting
当人,とうにん,"the one concerned, the said person",N1,noun,Numbers & Counting
蹴飛ばす,けとばす,"to kick away, to kick (someone)",N1,verb,Numbers & Counting
トーン,トーン,tone,N1,noun,Numbers & Counting
途上,とじょう,"en/in route, half way",N1,noun,Numbers & Counting
取り付ける,とりつける,"to furnish, to install; to get someone's agreement",N1,verb,Numbers & Counting
内心,ないしん,"innermost thoughts, real intention, inmost heart",N1,noun,Numbers & Counting
背景,はいけい,"background, scenery, setting",N1,noun,Numbers & Counting
取り巻く,とりまく,"to surround, to circle, to enclose",N1,verb,Numbers & Counting
倍率,ばいりつ,"diameter, magnification",N1,noun,Numbers & Counting
一概に,いちがいに,"unconditionally, necessarily",N1,noun,Numbers & Counting
打ち込む,うちこむ,"to devote oneself to, to shoot into",N1,verb,Numbers & Counting
一同,いちどう,"all present, all concerned, all of us",N1,noun,Numbers & Counting
一部分,いちぶぶん,"a part, a portion",N1,noun,Numbers & Counting
おごる (ゆうしょくを～),おごる (ゆうしょくを～),to give (someone) a treat,N1,verb,Numbers & Counting
一別,いちべつ,parting,N1,noun,Numbers & Counting
一面,いちめん,"one side, the other hand",N1,noun,Numbers & Counting
押し切る,おしきる,to have one's own way,N1,verb,Numbers & Counting
一目,いちもく,"a glance, a look, a glimpse",N1,noun,Numbers & Counting
一様,いちよう,"uniform, similar, equal",N1,noun,Numbers & Counting
脅す,おどす,"to threaten, to menace",N1,verb,Numbers & Counting
一律,いちりつ,"even, uniform, equal",N1,noun,Numbers & Counting
一連,いちれん,"a series, a chain, a ream (of paper)",N1,noun,Numbers & Counting
怯える,おびえる,to become frightened,N1,verb,Numbers & Counting
一括,いっかつ,"all together, batch",N1,noun,Numbers & Counting
一気,いっき,"at one push, in one gulp",N1,noun,Numbers & Counting
脅かす,おびやかす,"to threaten, to coerce",N1,verb,Numbers & Counting
一挙に,いっきょに,"at a stroke, with a single swoop",N1,noun,Numbers & Counting
一見,いっけん,"a look, a glimpse, glance; first meeting",N1,noun,Numbers & Counting
及ぶ,およぶ,"to reach, to extend",N1,verb,Numbers & Counting
一切,いっさい,"without exception, the whole",N1,noun,Numbers & Counting
一心,いっしん,"one mind, with rapt attention",N1,noun,Numbers & Counting
顧みる,かえりみる,"to look back, to turn around, to review",N1,verb,Numbers & Counting
一変,いっぺん,complete change,N1,noun,Numbers & Counting
意図,いと,"intention, aim, design",N1,noun,Numbers & Counting
かく (はじを),かく (はじを),to humiliate oneself,N1,verb,Numbers & Counting
インターフォン,インターフォン,"entry phone, intercom",N1,noun,Numbers & Counting
受持ち,うけもち,"charge (of something), matter in one's charge",N1,noun,Numbers & Counting
庇う,かばう,"to protect someone, to&nbsp;&nbsp;cover up for someone",N1,verb,Numbers & Counting
うぬぼれ,うぬぼれ,"pretension, conceit, hubris",N1,noun,Numbers & Counting
運送,うんそう,"shipping, freight",N1,noun,Numbers & Counting
興じる,きょうじる,"to amuse oneself, to make merry",N1,verb,Numbers & Counting
おまけ,おまけ,a discount; something additional,N1,noun,Numbers & Counting
おんぶ,おんぶ,carrying on one's back (erg. Baby),N1,noun,Numbers & Counting
称する,しょうする,"to take the name of, to call oneself",N1,verb,Numbers & Counting
外貨,がいか,foreign money,N1,noun,Numbers & Counting
開拓,かいたく,"cultivation, pioneer",N1,noun,Numbers & Counting
澄ます,すます,"to clear, to make clear, to listen for",N1,verb,Numbers & Counting
完ぺき,かんぺき,"perfection, completeness, flawless",N1,noun,Numbers & Counting
聞き取り,ききとり,listening comprehension,N1,noun,Numbers & Counting
清ます,すます,"to clear, to make clear, to listen for",N1,verb,Numbers & Counting
共存,きょうぞん,coexistence,N1,noun,Numbers & Counting
区画,くかく,"division, section, area",N1,noun,Numbers & Counting
縮まる,ちぢまる,"to be shortened, to be contracted, to shrink",N1,verb,Numbers & Counting
志向,しこう,"intention, aim",N1,noun,Numbers & Counting
下心,したごころ,"secret intention, motive",N1,noun,Numbers & Counting
付け加える,つけくわえる,to add one thing to another,N1,verb,Numbers & Counting
下地,したじ,"groundwork, foundation",N1,noun,Numbers & Counting
当て字,あてじ,"phonetic-equivalent character, substitute character",N1,noun,Numbers & Counting
突っ突く,つっつく,to prompt someone,N1,verb,Numbers & Counting
暗算,あんざん,mental arithmetic,N1,noun,Numbers & Counting
意向,いこう,"intention, idea, inclination",N1,noun,Numbers & Counting
突っ張る,つっぱる,"to support, to become stiff; to thrust (ones opponent), to stick to (ones opinion), to insist on",N1,verb,Numbers & Counting
所有,しょゆう,"one's possessions, ownership",N1,noun,Numbers & Counting
心中,しんじゅう,double suicide,N1,noun,Numbers & Counting
徹する,てっする,"to devote oneself, to believe in",N1,verb,Numbers & Counting
数詞,すうし,numeral,N1,noun,Numbers & Counting
全盛,ぜんせい,height of prosperity,N1,noun,Numbers & Counting
割込む,わりこむ,"to cut in, to disturb",N1,verb,Numbers & Counting
占領,せんりょう,"occupation, possession, have a room to oneself",N1,noun,Numbers & Counting
戦力,せんりょく,war potential,N1,noun,Numbers & Counting
耽る,ふける,"to indulge in, to give oneself up to, to be absorbed in",N1,verb,Numbers & Counting
捜索,そうさく,"search (esp. for someone or something missing, investigation)",N1,noun,Numbers & Counting
措置,そち,"measure, step",N1,noun,Numbers & Counting
踏み込む,ふみこむ,"to step into (someone else's territory, to break into, to raid",N1,verb,Numbers & Counting
丈,たけ,"length, height",N1,noun,Numbers & Counting
足し算,たしざん,addition,N1,noun,Numbers & Counting
へりくだる,へりくだる,to deprecate oneself and praise the listener,N1,verb,Numbers & Counting
多数決,たすうけつ,majority rule,N1,noun,Numbers & Counting
建前,たてまえ,position; stance one takes in public; principle,N1,noun,Numbers & Counting
丸める,まるめる,"to make round, to round off, to roll up",N1,verb,Numbers & Counting
単調,たんちょう,"monotony, monotone, dullness",N1,noun,Numbers & Counting
中腹,ちゅうふく,"mountain side, halfway up",N1,noun,Numbers & Counting
見計らう,みはからう,to choose at one's own discretion,N1,verb,Numbers & Counting
つじつま (はなしの～),つじつま (はなしの～),"coherence, consistency",N1,noun,Numbers & Counting
つぶら,つぶら,"round, rotund",N1,noun,Numbers & Counting
見渡す,みわたす,"to look out over, to survey (scene), to take an extensive view of",N1,verb,Numbers & Counting
停滞,ていたい,"stagnation, tie-up, congestion, retention",N1,noun,Numbers & Counting
和文,わぶん,"Japanese text, sentence in Japanese",N1,noun,Numbers & Counting
阻む,はばむ,"to keep someone from doing, to stop, to oppose",N1,verb,Numbers & Counting
割当,わりあて,"allotment, allocation, quota",N1,noun,Numbers & Counting
我,われ,"me, oneself, self, ego",N1,noun,Numbers & Counting
早める,はやめる,"to hasten, to quicken, to accelerate",N1,verb,Numbers & Counting
若干,じゃっかん,"some, few, number of",N1,noun,Numbers & Counting
三味線,しゃみせん,three-stringed Japanese guitar,N1,noun,Numbers & Counting
反する,はんする,"to be inconsistent with, to oppose, to contradict",N1,verb,Numbers & Counting
集計,しゅうけい,"totalization, aggregate",N1,noun,Numbers & Counting
十字路,じゅうじろ,crossroads,N1,noun,Numbers & Counting
執着,しゅうじゃく,"attachment, adhesion, tenacity",N1,noun,Numbers & Counting
執着,しゅうちゃく,"attachment, adhesion, tenacity",N1,noun,Numbers & Counting
部下,ぶか,one's subordinate,N1,noun,Numbers & Counting
富豪,ふごう,"wealthy person, millionaire",N1,noun,Numbers & Counting
扶養,ふよう,"support, maintenance",N1,noun,Numbers & Counting
ふらふら,ふらふら,"unsteady on one's feet, totter, dizzy",N1,noun,Numbers & Counting
文語,ぶんご,"written language, literary language",N1,noun,Numbers & Counting
辟易,へきえき,"wince, shrink back, succumbing to, being frightened",N1,noun,Numbers & Counting
奉仕,ほうし,"attendance, service",N1,noun,Numbers & Counting
放置,ほうち,"leave as is, leave alone, neglect",N1,noun,Numbers & Counting
本音,ほんね,"(one's) real intention, motive",N1,noun,Numbers & Counting
マイクロフォン,マイクロフォン,microphone,N1,noun,Numbers & Counting
真っ二つ,まっぷたつ,in two equal parts,N1,noun,Numbers & Counting
纏まり,まとまり,"conclusion, settlement, consistency",N1,noun,Numbers & Counting
身近,みぢか,"near oneself, close to one, familiar",N1,noun,Numbers & Counting
身の回り,みのまわり,"one's personal appearance, personal belongings",N1,noun,Numbers & Counting
無能,むのう,"inefficiency, incompetence",N1,noun,Numbers & Counting
斑,むら,"unevenness, inconsistency, irregularity",N1,noun,Numbers & Counting
免除,めんじょ,"exemption, exoneration, discharge",N1,noun,Numbers & Counting
有力,ゆうりょく,"influence, prominence; potent",N1,noun,Numbers & Counting
来場,らいじょう,attendance,N1,noun,Numbers & Counting
立方,りっぽう,cube,N1,noun,Numbers & Counting
両立,りょうりつ,"compatibility, coexistence, standing together",N1,noun,Numbers & Counting
履歴,りれき,"personal history, background, log",N1,noun,Numbers & Counting
判決,はんけつ,"judicial decision, judgment, sentence, decree",N1,noun,Numbers & Counting
万能,ばんのう,"all-purpose, almighty, omnipotent",N1,noun,Numbers & Counting
半端,はんぱ,"fragment, fraction, incompleteness",N1,noun,Numbers & Counting
ひいては,ひいては,"not only…but also, in addition to, consequently",N1,noun,Numbers & Counting
一息,ひといき,"a breath, a pause, an effort",N1,noun,Numbers & Counting
比率,ひりつ,"ratio, proportion, percentage",N1,noun,Numbers & Counting
心強い,こころづよい,"heartening, reassuring",N1,i-adjective,Numbers & Counting
おっかない,おっかない,"frightening, scary",N1,i-adjective,Numbers & Counting
かなわない,かなわない,"be beyond one's power, be unable",N1,i-adjective,Numbers & Counting
しぶとい,しぶとい,"tenacious, stubborn",N1,i-adjective,Numbers & Counting
真ん円い,まんまるい,perfectly round,N1,i-adjective,Numbers & Counting
無駄遣い,むだづかい,"waste money on, squander money on",N1,i-adjective,Numbers & Counting
脆い,もろい,"brittle, fragile, tender-hearted",N1,i-adjective,Numbers & Counting
特許,とっきょ,"special permission, patent",N1,na-adjective,Numbers & Counting
強烈,きょうれつ,"strong, intense, severe",N1,na-adjective,Numbers & Counting
生き甲斐,いきがい,"something one lives for, very important",N1,na-adjective,Numbers & Counting
単一,たんいつ,"single, simple, sole",N1,na-adjective,Numbers & Counting
いっそ,いっそ,"rather, sooner, might as well",N1,adverb,Numbers & Counting
極めて,きわめて,"exceedingly, extremely (written expression)",N1,adverb,Numbers & Counting
微量,びりょう,"minuscule amount, extremely small quantity",N1,adverb,Numbers & Counting
余程,よほど,"very, much, to a large extent, quite",N1,adverb,Numbers & Counting
万人,ばんにん,"all people, everybody, 10000 people",N1,adverb,Numbers & Counting
ひたすら,ひたすら,"nothing but, earnestly, intently",N1,adverb,Numbers & Counting
～著,～ちょ,written by ~,N1,prefix/suffix,Numbers & Counting
～割,～わり,~ percent,N1,prefix/suffix,Numbers & Counting
マイ～,マイ～,"my ~, one's own ~",N1,prefix/suffix,Numbers & Counting
～網,～もう,~ network,N1,prefix/suffix,Numbers & Counting
原則,げんそく,"principle, general rule",N1,noun,Time & Dates
古代,こだい,ancient times,N1,noun,Time & Dates
誇張,こちょう,exaggeration,N1,noun,Time & Dates
暦,こよみ,"calendar, almanac",N1,noun,Time & Dates
根気,こんき,"patience; perseverance, energy",N1,noun,Time & Dates
再生,さいせい,"playback, regeneration, resuscitation",N1,noun,Time & Dates
さきに (いぜん),さきに (いぜん),"before, earlier than, previously",N1,noun,Time & Dates
作戦,さくせん,"military operations, tactics, strategy",N1,noun,Time & Dates
産後,さんご,"postpartum, after childbirth",N1,noun,Time & Dates
決意,けつい,"decision, determination",N1,noun,Time & Dates
月謝,げっしゃ,monthly tuition fee,N1,noun,Time & Dates
決断,けつだん,"decision, determination",N1,noun,Time & Dates
月賦,げっぷ,monthly installment,N1,noun,Time & Dates
現行,げんこう,"present, current, in operation",N1,noun,Time & Dates
年頃,としごろ,"age, marriageable age, adolescence",N1,noun,Time & Dates
名札,なふだ,"name plate, name tag",N1,noun,Time & Dates
年号,ねんごう,"name of an era, year number",N1,noun,Time & Dates
年長,ねんちょう,seniority,N1,noun,Time & Dates
年輪,ねんりん,annual tree ring,N1,noun,Time & Dates
配分,はいぶん,"distribution, allotment",N1,noun,Time & Dates
配慮,はいりょ,"consideration, concern, forethought",N1,noun,Time & Dates
今更,いまさら,"now, again",N1,noun,Time & Dates
運営,うんえい,"management, administration, operation",N1,noun,Time & Dates
遅くとも,おそくとも,at the latest,N1,noun,Time & Dates
同い年,おないどし,of the same age,N1,noun,Time & Dates
温和,おんわ,"gentle, mild, moderate",N1,noun,Time & Dates
概説,がいせつ,"general statement, outline",N1,noun,Time & Dates
操る,あやつる,"to manipulate, to operate, to pull strings",N1,verb,Time & Dates
階層,かいそう,"class, level, stratum, hierarchy",N1,noun,Time & Dates
介抱,かいほう,"nursing, looking after",N1,noun,Time & Dates
学芸,がくげい,"arts and sciences, liberal arts",N1,noun,Time & Dates
かつて,かつて,"once, before, formerly",N1,noun,Time & Dates
元年,がんねん,first year (of a specific reign),N1,noun,Time & Dates
寛容,かんよう,"forbearance, tolerance, generosity, involvement",N1,noun,Time & Dates
還暦,かんれき,60th birthday,N1,noun,Time & Dates
期日,きじつ,"fixed date, settlement date",N1,noun,Time & Dates
きっぱり,きっぱり,"clearly, plainly, distinctly",N1,noun,Time & Dates
期末,きまつ,(end of the season or term),N1,noun,Time & Dates
統率,とうそつ,"command, generalship, leadership",N1,noun,Time & Dates
施行,しこう,"enforcement, operation",N1,noun,Time & Dates
時刻表,じこくひょう,"timetable, (train) schedule",N1,noun,Time & Dates
時差,じさ,time difference,N1,noun,Time & Dates
合間,あいま,interval,N1,noun,Time & Dates
アクセル,アクセル,(abbr.) accelerator,N1,noun,Time & Dates
アワー,アワー,hour,N1,noun,Time & Dates
いざ,いざ,"now, come (now), crucial moment",N1,noun,Time & Dates
消去,しょうきょ,"elimination, erasing",N1,noun,Time & Dates
初版,しょはん,first edition,N1,noun,Time & Dates
処分,しょぶん,"disposal, dealing, punishment",N1,noun,Time & Dates
庶務,しょむ,general affairs,N1,noun,Time & Dates
審議,しんぎ,deliberation,N1,noun,Time & Dates
新入生,しんにゅうせい,"new student, first-year student, freshman",N1,noun,Time & Dates
ストロボ,ストロボ,"stroboscope (literally: strobo, strobe lamp, stroboscopic lamp)",N1,noun,Time & Dates
世代,せだい,generation,N1,noun,Time & Dates
先,せん,"priority, precedence, previous",N1,noun,Time & Dates
膨れる,ふくれる,"to swell (out), to be inflated, to bulge",N1,verb,Time & Dates
先代,せんだい,"family predecessor, previous age, previous generation",N1,noun,Time & Dates
先着,せんちゃく,first arrival,N1,noun,Time & Dates
総会,そうかい,general meeting,N1,noun,Time & Dates
総合,そうごう,"synthesis, generalization",N1,noun,Time & Dates
側面,そくめん,"side, sidelight, lateral",N1,noun,Time & Dates
退化,たいか,"degeneration, retrogression",N1,noun,Time & Dates
対抗,たいこう,"opposition, antagonism",N1,noun,Time & Dates
退治,たいじ,extermination,N1,noun,Time & Dates
大衆,たいしゅう,general public,N1,noun,Time & Dates
タイマー,タイマー,timer,N1,noun,Time & Dates
タイム,タイム,time,N1,noun,Time & Dates
蓄積,ちくせき,"accumulation, accumulate, store",N1,noun,Time & Dates
著書,ちょしょ,"literary work, book",N1,noun,Time & Dates
著名,ちょめい,"well-known, noted, celebrated",N1,noun,Time & Dates
つかの間,つかのま,"moment, brief time,",N1,noun,Time & Dates
月並,つきなみ,"conventional, trite, common",N1,noun,Time & Dates
定年,ていねん,retirement age,N1,noun,Time & Dates
連休,れんきゅう,consecutive holidays,N1,noun,Time & Dates
連邦,れんぽう,"commonwealth, federation of states",N1,noun,Time & Dates
発言,はつげん,"utterance, speech, proposal",N1,noun,Time & Dates
じっくり,じっくり,"deliberately, carefully",N1,noun,Time & Dates
始発,しはつ,first train,N1,noun,Time & Dates
終日,しゅうじつ,all day,N1,noun,Time & Dates
従来,じゅうらい,"up to now, so far, traditional",N1,noun,Time & Dates
取材,しゅざい,"coverage, collecting data",N1,noun,Time & Dates
昼飯,ひるめし,lunch (mid-day meal),N1,noun,Time & Dates
不景気,ふけいき,"business recession, hard times, depression",N1,noun,Time & Dates
結び付く,むすびつく,"to be connected or related, to join together",N1,verb,Time & Dates
分散,ぶんさん,"dispersion, decentralization, variance (statistics)",N1,noun,Time & Dates
分子,ぶんし,"numerator, molecule",N1,noun,Time & Dates
分担,ぶんたん,"apportionment, sharing",N1,noun,Time & Dates
分配,ぶんぱい,"division, sharing",N1,noun,Time & Dates
分母,ぶんぼ,denominator,N1,noun,Time & Dates
分離,ぶんり,"separation, detachment, segregation",N1,noun,Time & Dates
報酬,ほうしゅう,"remuneration, recompense, reward",N1,noun,Time & Dates
末期,まっき,"deathbed, hour of death",N1,noun,Time & Dates
申し分,もうしぶん,"objection, shortcomings",N1,noun,Time & Dates
夜具,やぐ,bedding,N1,noun,Time & Dates
夕暮れ,ゆうぐれ,"evening, (evening) twilight",N1,noun,Time & Dates
ゆとり,ゆとり,"reserve, affluence, time (to spare)",N1,noun,Time & Dates
余暇,よか,"leisure, leisure time, spare time",N1,noun,Time & Dates
予感,よかん,"presentiment, premonition",N1,noun,Time & Dates
夜更し,よふかし,"staying up late, keeping late hours",N1,noun,Time & Dates
夜更け,よふけ,late at night,N1,noun,Time & Dates
冷蔵,れいぞう,refrigeration,N1,noun,Time & Dates
反響,はんきょう,"echo, reverberation, repercussion",N1,noun,Time & Dates
反撃,はんげき,"counterattack, counteroffensive, counterblow",N1,noun,Time & Dates
反射,はんしゃ,"reflection, reverberation",N1,noun,Time & Dates
晩年,ばんねん,(one's) last years,N1,noun,Time & Dates
日頃,ひごろ,"normally, habitually",N1,noun,Time & Dates
一頃,ひところ,"once, some time ago",N1,noun,Time & Dates
日取り,ひどり,"fixed date, appointed day",N1,noun,Time & Dates
日の丸,ひのまる,the Japanese flag,N1,noun,Time & Dates
日焼け,ひやけ,sunburn,N1,noun,Time & Dates
びり,びり,"last on the list, at the bottom",N1,noun,Time & Dates
和らげる,やわらげる,"to soften, to moderate, to relieve",N1,verb,Time & Dates
情無い,なさけない,"miserable, pitiable, shameful",N1,i-adjective,Time & Dates
名高い,なだかい,"famous, celebrated, well-known",N1,i-adjective,Time & Dates
著しい,いちじるしい,"remarkable, considerable",N1,i-adjective,Time & Dates
おびただしい,おびただしい,"abundantly, innumerably",N1,i-adjective,Time & Dates
はかない,はかない,"short-lived, momentary, ephemeral",N1,i-adjective,Time & Dates
おおげさ,おおげさ,"grandiose, exaggerated",N1,na-adjective,Time & Dates
くっきり,くっきり,"distinctly, clearly, boldly",N1,na-adjective,Time & Dates
精密,せいみつ,"precise, exact, detailed, minute",N1,na-adjective,Time & Dates
中和,ちゅうわ,"neutralize, counteract",N1,na-adjective,Time & Dates
始末,しまつ,disposal; cleaning up afterwards,N1,na-adjective,Time & Dates
不明,ふめい,"unknown, ambiguous",N1,na-adjective,Time & Dates
しかしながら,しかしながら,"however, nevertheless",N1,adverb,Time & Dates
時折,ときおり,sometimes,N1,adverb,Time & Dates
トラブル,トラブル,trouble (sometimes used as a verb),N1,adverb,Time & Dates
とりあえず,とりあえず,"at once, first of all, for the time being",N1,adverb,Time & Dates
なおさら,なおさら,"all the more, still less",N1,adverb,Time & Dates
日夜,にちや,"day and night, always",N1,adverb,Time & Dates
にも関わらず,にもかかわらず,"in spite of, nevertheless",N1,adverb,Time & Dates
未だ,いまだ,"yet, still",N1,adverb,Time & Dates
隔週,かくしゅう,every other week,N1,adverb,Time & Dates
且つ,かつ,"yet, and",N1,adverb,Time & Dates
予て,かねて,"previously, already, lately",N1,adverb,Time & Dates
事前,じぜん,"prior, beforehand, in advance",N1,adverb,Time & Dates
予め,あらかじめ,"in advance, previously",N1,adverb,Time & Dates
蒸溜,じょうりゅう,distillation,N1,adverb,Time & Dates
しょっちゅう,しょっちゅう,"always, constantly",N1,adverb,Time & Dates
静止,せいし,"stillness, repose, standing still",N1,adverb,Time & Dates
読み上げる,よみあげる,"to read out loud (and clearly), to call a roll",N1,verb,Time & Dates
先だって,せんだって,"recently, the other day",N1,adverb,Time & Dates
大概,たいがい,"in general, mainly",N1,adverb,Time & Dates
ちょくちょく,ちょくちょく,"often, frequently, now and then, occasionally",N1,adverb,Time & Dates
連日,れんじつ,every day,N1,adverb,Time & Dates
まして,まして,"still more, still less (with neg. verb), to say nothing of",N1,adverb,Time & Dates
未知,みち,not yet known,N1,adverb,Time & Dates
もはや,もはや,"already, now",N1,adverb,Time & Dates
故～,こ～,"deceased, late",N1,prefix/suffix,Time & Dates
年賀,ねんが,"New Year's greetings, New Year's card",N1,expression,Time & Dates
孤児,こじ,orphan,N1,noun,Family & Relationships
個性,こせい,"individuality, personality, idiosyncrasy",N1,noun,Family & Relationships
様,さま,state; way (a person does something); Mr. or Mrs.,N1,noun,Family & Relationships
取り組む,とりくむ,"to tackle, to engage in a bout, to come to grips with",N1,verb,Family & Relationships
経歴,けいれき,"personal history, career",N1,noun,Family & Relationships
共稼ぎ,ともかせぎ,"working together, (husband and wife) earning a living together",N1,noun,Family & Relationships
共働き,ともばたらき,dual income (husband and wife both working),N1,noun,Family & Relationships
絡む,からむ,"to entangle, to entwine",N1,verb,Family & Relationships
肉親,にくしん,"blood relationship, blood relative",N1,noun,Family & Relationships
配偶者,はいぐうしゃ,spouse,N1,noun,Family & Relationships
隠居,いんきょ,retirement; retired person,N1,noun,Family & Relationships
子息,しそく,(hon.) son,N1,verb,Family & Relationships
お袋,おふくろ,mother,N1,noun,Family & Relationships
親父,おやじ,"one's father, old man, one's boss",N1,noun,Family & Relationships
俺,おれ,I (ego) (boastful first-person pronoun),N1,noun,Family & Relationships
親しむ,したしむ,"to be intimate with, to befriend",N1,verb,Family & Relationships
教訓,きょうくん,"lesson, precept, moral instruction",N1,noun,Family & Relationships
共鳴,きょうめい,"resonance, sympathy",N1,noun,Family & Relationships
主任,しゅにん,"person in charge, responsible official",N1,noun,Family & Relationships
甘える,あまえる,"to behave like a spoiled child, to fawn on",N1,verb,Family & Relationships
親善,しんぜん,friendship,N1,noun,Family & Relationships
伜,せがれ,"son, my son",N1,noun,Family & Relationships
専用,せんよう,"exclusive use, personal use",N1,noun,Family & Relationships
携わる,たずさわる,"to engage, to involve",N1,verb,Family & Relationships
相対,そうたい,relative,N1,noun,Family & Relationships
対比,たいひ,"contrast, comparison",N1,noun,Family & Relationships
抱っこ,だっこ,(child's) hug,N1,noun,Family & Relationships
任す,まかす,"to entrust, to leave to a person",N1,verb,Family & Relationships
タレント,タレント,"talent, star, personality",N1,noun,Family & Relationships
短大,たんだい,junior college,N1,noun,Family & Relationships
畜産,ちくさん,animal husbandry,N1,noun,Family & Relationships
見せびらかす,みせびらかす,"to show off, to flaunt",N1,verb,Family & Relationships
中毒,ちゅうどく,poisoning,N1,noun,Family & Relationships
主人公,しゅじんこう,protagonist,N1,noun,Family & Relationships
出産,しゅっさん,childbirth,N1,noun,Family & Relationships
母校,ぼこう,alma mater,N1,noun,Family & Relationships
瞬き,まばたき,"wink, twinkling (of stars), flicker (of light)",N1,noun,Family & Relationships
身なり,みなり,personal appearance,N1,noun,Family & Relationships
婿,むこ,son-in-law,N1,noun,Family & Relationships
レッスン,レッスン,lesson,N1,noun,Family & Relationships
私物,しぶつ,"private property, personal effects",N1,na-adjective,Family & Relationships
無闇に,むやみに,"unreasonably, absurdly, at random",N1,na-adjective,Family & Relationships
類,るい,"kind, class, family",N1,na-adjective,Family & Relationships
それゆえ,それゆえ,"therefore, for that reason, so",N1,adverb,Family & Relationships
好意,こうい,"good will, favor, courtesy",N1,noun,Body & Health
工作,こうさく,"handicraft, maneuvering",N1,noun,Body & Health
耕作,こうさく,"cultivation, farming",N1,noun,Body & Health
口述,こうじゅつ,verbal statement,N1,noun,Body & Health
後退,こうたい,"retreat, backspace",N1,noun,Body & Health
心掛ける,こころがける,"to bear in mind, to aim to do",N1,verb,Body & Health
口頭,こうとう,oral,N1,noun,Body & Health
光熱費,こうねつひ,cost of fuel and light,N1,noun,Body & Health
公募,こうぼ,"public appeal, public contribution",N1,noun,Body & Health
骨董品,こっとうひん,curio,N1,noun,Body & Health
混血,こんけつ,"mixed race, mixed parentage",N1,noun,Body & Health
冴える,さえる,"to be clear, to be bright, to be skillful",N1,verb,Body & Health
細菌,さいきん,"bacillus, bacterium, germ",N1,noun,Body & Health
細工,さいく,"work, craftsmanship, trick",N1,noun,Body & Health
細胞,さいぼう,cell,N1,noun,Body & Health
差額,さがく,"balance, difference, margin",N1,noun,Body & Health
逆立ち,さかだち,"handstand, headstand",N1,noun,Body & Health
差し掛かる,さしかかる,"to come near to, to approach",N1,verb,Body & Health
指図,さしず,"instruction, mandate",N1,noun,Body & Health
寒気,さむけ,"chill, shiver, cold",N1,noun,Body & Health
飼育,しいく,"breeding, raising, rearing",N1,noun,Body & Health
歯科,しか,dentistry,N1,noun,Body & Health
下痢,げり,diarrhea,N1,noun,Body & Health
仕入れる,しいれる,"to lay in stock, to replenish stock, to procure",N1,verb,Body & Health
健在,けんざい,"in good health, well",N1,noun,Body & Health
健全,けんぜん,"health, soundness, wholesome",N1,noun,Body & Health
独裁,どくさい,"dictatorship, despotism",N1,noun,Body & Health
とって,とって,"handle, grip, knob",N1,noun,Body & Health
土手,どて,"embankment, bank",N1,noun,Body & Health
けなす,けなす,to speak ill of,N1,verb,Body & Health
溝,どぶ,"ditch, drain, gap",N1,noun,Body & Health
徒歩,とほ,"walking, going on foot",N1,noun,Body & Health
取扱,とりあつかい,"treatment, handling, management",N1,noun,Body & Health
ドリル,ドリル,drill,N1,noun,Body & Health
鈍感,どんかん,"thickheadedness, stolidity",N1,noun,Body & Health
取り扱う,とりあつかう,"to treat, to handle, to deal in",N1,verb,Body & Health
内蔵,ないぞう,internal organ; built-in,N1,noun,Body & Health
生身,なまみ,"living flesh, flesh and blood, the quick",N1,noun,Body & Health
肉体,にくたい,"the body, the flesh",N1,noun,Body & Health
入手,にゅうしゅ,"obtaining, coming to hand",N1,noun,Body & Health
尿,にょう,urine,N1,noun,Body & Health
取り戻す,とりもどす,"to take back, to regain",N1,verb,Body & Health
妊娠,にんしん,"conception, pregnancy",N1,noun,Body & Health
熱意,ねつい,"zeal, enthusiasm",N1,noun,Body & Health
熱量,ねつりょう,calorific value,N1,noun,Body & Health
燃焼,ねんしょう,"burning, combustion",N1,noun,Body & Health
農耕,のうこう,"farming, agriculture",N1,noun,Body & Health
担う,になう,"to carry on shoulder, to bear (burden), to shoulder (gun)",N1,verb,Body & Health
農場,のうじょう,farm,N1,noun,Body & Health
配給,はいきゅう,"distribution (e.g., films, rice",N1,noun,Body & Health
背後,はいご,"back, rear",N1,noun,Body & Health
配布,はいふ,distribution,N1,noun,Body & Health
いやに,いやに,"awfully, terribly",N1,noun,Body & Health
抜け出す,ぬけだす,"to slip out, to sneak away, to excel",N1,verb,Body & Health
意欲,いよく,"will, desire, ambition",N1,noun,Body & Health
衣類,いるい,"clothes, clothing, garments",N1,noun,Body & Health
インテリ,インテリ,"(abbr.) egghead, intelligentsia",N1,noun,Body & Health
腕前,うでまえ,"ability, skill, facility",N1,noun,Body & Health
生まれつき,うまれつき,"by nature, by birth, native",N1,noun,Body & Health
罵る,ののしる,"to speak ill of, to abuse",N1,verb,Body & Health
液,えき,"liquid, fluid",N1,noun,Body & Health
襟,えり,"neck, collar",N1,noun,Body & Health
円滑,えんかつ,"harmony, smoothness",N1,noun,Body & Health
円満,えんまん,"harmony, peace, smoothness",N1,noun,Body & Health
往診,おうしん,"doctor's visit, house call",N1,noun,Body & Health
埋める,うずめる,"to bury, to fill",N1,verb,Body & Health
お産,おさん,(giving) birth,N1,noun,Body & Health
お手上げ,おてあげ,"given in, given up hope",N1,noun,Body & Health
趣,おもむき,"flavor, appearance, quaint",N1,noun,Body & Health
檻,おり,"cage, pen, jail cell",N1,noun,Body & Health
外観,がいかん,"appearance, exterior, facade",N1,noun,Body & Health
恐れ入る,おそれいる,"to be filled with awe, to feel small",N1,verb,Body & Health
解除,かいじょ,"cancellation, release, cancel",N1,noun,Body & Health
街頭,がいとう,in the street,N1,noun,Body & Health
外来,がいらい,"(abbr.) imported, outpatient clinic",N1,noun,Body & Health
顔付き,かおつき,facial expression,N1,noun,Body & Health
確保,かくほ,"guarantee, insure, secure",N1,noun,Body & Health
帯びる,おびる,"to bear, to carry, to be entrusted",N1,verb,Body & Health
駆け足,かけあし,"running fast, double time",N1,noun,Body & Health
駆けっこ,かけっこ,(foot) race,N1,noun,Body & Health
加工,かこう,"manufacturing, processing, treatment",N1,noun,Body & Health
頭,かしら,"head, chief",N1,noun,Body & Health
傍ら,かたわら,"beside(s, while, nearby",N1,noun,Body & Health
害する,がいする,"to harm, to offend",N1,verb,Body & Health
がっくり,がっくり,heartbroken,N1,noun,Body & Health
勝手,かって,"kitchen; one's way, selfishness",N1,noun,Body & Health
カムバック,カムバック,comeback,N1,noun,Body & Health
体付き,からだつき,"body build, figure",N1,noun,Body & Health
眼球,がんきゅう,eyeball,N1,noun,Body & Health
かぶれる,かぶれる,to react to; to be influenced by,N1,verb,Body & Health
看護,かんご,nursing,N1,noun,Body & Health
漢語,かんご,"Chinese word, Sino-Japanese word",N1,noun,Body & Health
監視,かんし,"observation, guarding, surveillance",N1,noun,Body & Health
感染,かんせん,"infection, contagion",N1,noun,Body & Health
議案,ぎあん,legislative bill,N1,noun,Body & Health
傷付く,きずつく,"to be hurt, to be wounded, to get injured",N1,verb,Body & Health
危害,きがい,"injury, harm, danger",N1,noun,Body & Health
効き目,ききめ,"effect, virtue, efficacy",N1,noun,Body & Health
議事堂,ぎじどう,Diet building,N1,noun,Body & Health
記述,きじゅつ,"describing, descriptor",N1,noun,Body & Health
技能,ぎのう,"technical skill, ability, capacity",N1,noun,Body & Health
傷付ける,きずつける,"to wound, to hurt someone's feelings",N1,verb,Body & Health
気品,きひん,"grace, elegance",N1,noun,Body & Health
休戦,きゅうせん,"truce, armistice",N1,noun,Body & Health
旧知,きゅうち,"old friend, old friendship",N1,noun,Body & Health
寄与,きよ,"contribution, service",N1,noun,Body & Health
教材,きょうざい,teaching materials,N1,noun,Body & Health
口吟む,くちずさむ,to humble,N1,verb,Body & Health
郷愁,きょうしゅう,"nostalgia, homesickness",N1,noun,Body & Health
教職,きょうしょく,teaching profession,N1,noun,Body & Health
業績,ぎょうせき,"achievement, work, contribution",N1,noun,Body & Health
郷里,きょうり,"birth-place, home town",N1,noun,Body & Health
切れ目,きれめ,"break, pause, gap",N1,noun,Body & Health
焦る,あせる,"to be in a hurry, to be impatient",N1,verb,Body & Health
近眼,きんがん,nearsightedness,N1,noun,Body & Health
嘴,くちばし,"beak, bill",N1,noun,Body & Health
首飾り,くびかざり,necklace,N1,noun,Body & Health
首輪,くびわ,"necklace, choker",N1,noun,Body & Health
掲載,けいさい,"appearance (e.g., article in paper)",N1,noun,Body & Health
危ぶむ,あやぶむ,"to fear, to have misgivings, to be doubtful",N1,verb,Body & Health
伝説,でんせつ,"tradition, legend, folklore",N1,noun,Body & Health
天体,てんたい,heavenly body,N1,noun,Body & Health
天地,てんち,"heaven and earth, the universe",N1,noun,Body & Health
胴,どう,"trunk, body, frame",N1,noun,Body & Health
到達,とうたつ,"reaching, attaining, arrival",N1,noun,Body & Health
合わす,あわす,"to join together, to face, to unite",N1,verb,Body & Health
自首,じしゅ,"surrender, give oneself up",N1,noun,Body & Health
間柄,あいだがら,relationship,N1,noun,Body & Health
顎,あご,chin,N1,noun,Body & Health
あざ,あざ,"birthmark, bruise",N1,noun,Body & Health
鮮やか,あざやか,"vivid, clear",N1,noun,Body & Health
損う,そこなう,"to harm, to hurt",N1,verb,Body & Health
育成,いくせい,"rearing, training, cultivation",N1,noun,Body & Health
移行,いこう,switching over to,N1,noun,Body & Health
主導,しゅどう,main leadership,N1,noun,Body & Health
首脳,しゅのう,"head, leader",N1,noun,Body & Health
手法,しゅほう,technique,N1,noun,Body & Health
手掛ける,てがける,"to handle, to manage, to work with",N1,verb,Body & Health
城下,じょうか,land near the castle,N1,noun,Body & Health
条約,じょうやく,"treaty, pact",N1,noun,Body & Health
処置,しょち,treatment,N1,noun,Body & Health
所定,しょてい,"fixed, prescribed",N1,noun,Body & Health
指令,しれい,"orders, instructions, directive",N1,noun,Body & Health
照り返す,てりかえす,"to reflect, to throw back light",N1,verb,Body & Health
真珠,しんじゅ,pearl,N1,noun,Body & Health
新人,しんじん,"new face, newcomer",N1,noun,Body & Health
人体,じんたい,human body,N1,noun,Body & Health
振動,しんどう,"oscillation, vibration",N1,noun,Body & Health
診療,しんりょう,medical examination and treatment,N1,noun,Body & Health
剥ぐ,はぐ,"to tear off, to peel off, to rip off",N1,verb,Body & Health
水田,すいでん,(water-filled) paddy field,N1,noun,Body & Health
崇拝,すうはい,"worship, adoration",N1,noun,Body & Health
裾,すそ,"(trouser) cuff, (skirt) hem, cut edge of a hairdo",N1,noun,Body & Health
整然,せいぜん,"orderly, regular, well-organized",N1,noun,Body & Health
前途,ぜんと,"future prospects, outlook, the journey ahead",N1,noun,Body & Health
振り返る,ふりかえる,"to turn head, to turn around, to look back",N1,verb,Body & Health
善良,ぜんりょう,"goodness, excellence, virtue",N1,noun,Body & Health
遭難,そうなん,"disaster, shipwreck, accident",N1,noun,Body & Health
体格,たいかく,"physique, constitution",N1,noun,Body & Health
待遇,たいぐう,"treatment, reception",N1,noun,Body & Health
体験,たいけん,personal experience,N1,noun,Body & Health
舞う,まう,"to dance, to flutter about, to revolve",N1,verb,Body & Health
体力,たいりょく,physical strength,N1,noun,Body & Health
巧み,たくみ,"skill, cleverness",N1,noun,Body & Health
他方,たほう,"another side, on the other hand",N1,noun,Body & Health
着手,ちゃくしゅ,"embarkation, launch",N1,noun,Body & Health
着目,ちゃくもく,attention,N1,noun,Body & Health
紛れる,まぎれる,"to be diverted, to slip into",N1,verb,Body & Health
聴覚,ちょうかく,the sense of hearing,N1,noun,Body & Health
聴診器,ちょうしんき,stethoscope,N1,noun,Body & Health
調和,ちょうわ,harmony,N1,noun,Body & Health
継目,つぎめ,"joint, seam",N1,noun,Body & Health
手当,てあて,"allowance, compensation; treatment",N1,noun,Body & Health
満たす,みたす,"to satisfy, to ingratiate, to fill, to fulfill",N1,verb,Body & Health
体裁,ていさい,"decency, style, form, appearance",N1,noun,Body & Health
手遅れ,ておくれ,being (too); belated treatment,N1,noun,Body & Health
手掛かり,てがかり,"hint, clue, key",N1,noun,Body & Health
手数,てかず,"trouble, labor, handling",N1,noun,Body & Health
手際,てぎわ,"performance, skill, tact",N1,noun,Body & Health
乱れる,みだれる,"to get confused, to be disordered, to be disturbed",N1,verb,Body & Health
手順,てじゅん,"process, procedure, protocol",N1,noun,Body & Health
手錠,てじょう,"handcuffs, manacles",N1,noun,Body & Health
手数,てすう,"trouble, labor, handling",N1,noun,Body & Health
手近,てぢか,"near, handy, familiar",N1,noun,Body & Health
掌,てのひら,the palm,N1,noun,Body & Health
むしる,むしる,"to pluck, to pick, to tear",N1,verb,Body & Health
手配,てはい,"arrangement, search (by police)",N1,noun,Body & Health
手筈,てはず,"arrangement, plan, program",N1,noun,Body & Health
手引,てびき,"guidance, guide, introduction",N1,noun,Body & Health
手回し,てまわし,"preparations, arrangements",N1,noun,Body & Health
手元,てもと,"(money) on hand or at home, one's purse; usual skill",N1,noun,Body & Health
群がる,むらがる,"to swarm, to gather",N1,verb,Body & Health
露骨,ろこつ,"blunt, outspoken; conspicuous; broad, suggestive",N1,noun,Body & Health
破棄,はき,"revocation, annulment, breaking (e.g., treaty)",N1,noun,Body & Health
裸足,はだし,barefoot,N1,noun,Body & Health
パチンコ,パチンコ,pachinko (Japanese pinball),N1,noun,Body & Health
発育,はついく,"(physical) growth, development",N1,noun,Body & Health
目覚める,めざめる,to wake up,N1,verb,Body & Health
下火,したび,"burning low, waning, declining",N1,noun,Body & Health
失格,しっかく,"disqualification, elimination, incapacity (legal)",N1,noun,Body & Health
失調,しっちょう,"lack of harmony, imbalance",N1,noun,Body & Health
指摘,してき,"pointing out, identification",N1,noun,Body & Health
屎尿,しにょう,human waste,N1,noun,Body & Health
面する,めんする,"to face on, to look out on to",N1,verb,Body & Health
耳鼻科,じびか,otolaryngology,N1,noun,Body & Health
斜面,しゃめん,"slope, slanting surface, bevel",N1,noun,Body & Health
私有,しゆう,private ownership,N1,noun,Body & Health
修学,しゅうがく,learning,N1,noun,Body & Health
手芸,しゅげい,handicrafts,N1,noun,Body & Health
もがく,もがく,"to struggle, to wriggle, to be impatient",N1,verb,Body & Health
主催,しゅさい,"organization, sponsorship, to host",N1,noun,Body & Health
主体,しゅたい,"subject, main constituent",N1,noun,Body & Health
出演,しゅつえん,"leading performer, stage appearance",N1,noun,Body & Health
出血,しゅっけつ,bleeding,N1,noun,Body & Health
出現,しゅつげん,"appearance, arrival",N1,noun,Body & Health
盛り上がる,もりあがる,"to rouse, to swell, to rise",N1,verb,Body & Health
出生,しゅっしょう,birth,N1,noun,Body & Health
出生,しゅっせい,birth,N1,noun,Body & Health
疲労,ひろう,"fatigue, weariness",N1,noun,Body & Health
不吉,ふきつ,"ominous, sinister, bad luck, ill omen",N1,noun,Body & Health
負傷,ふしょう,"injury, wound",N1,noun,Body & Health
養う,やしなう,"to rear, to maintain, to cultivate",N1,verb,Body & Health
武装,ぶそう,"arms, armament, armed",N1,noun,Body & Health
札,ふだ,"token, label; ticket, card; charm, talisman",N1,noun,Body & Health
物体,ぶったい,object,N1,noun,Body & Health
ペア,ペア,"pair, pear",N1,noun,Body & Health
兵器,へいき,"arms, weapons, ordinance",N1,noun,Body & Health
病む,やむ,"to fall ill, to be ill",N1,verb,Body & Health
閉口,へいこう,shut mouth,N1,noun,Body & Health
変動,へんどう,"change, fluctuation",N1,noun,Body & Health
穂,ほ,"ear (of plant), head (of plant)",N1,noun,Body & Health
保育,ほいく,"nursing, nurturing, rearing",N1,noun,Body & Health
法案,ほうあん,bill (law),N1,noun,Body & Health
指差す,ゆびさす,to point at,N1,verb,Body & Health
膨張,ぼうちょう,"expansion, swelling, increase",N1,noun,Body & Health
保温,ほおん,"retaining warmth, keeping heat in, heat insulation",N1,noun,Body & Health
舗装,ほそう,"pavement, road surface",N1,noun,Body & Health
補足,ほそく,"supplement, complement",N1,noun,Body & Health
発足,ほっそく,"starting, inauguration",N1,noun,Body & Health
避ける,よける,"to avoid (physical contact with; to ward off, to avert",N1,verb,Body & Health
ほっぺた,ほっぺた,cheek,N1,noun,Body & Health
本体,ほんたい,"substance, body, trunk",N1,noun,Body & Health
真上,まうえ,"just above, right overhead",N1,noun,Body & Health
前置き,まえおき,"preface, introduction",N1,noun,Body & Health
麻酔,ますい,anesthesia,N1,noun,Body & Health
腫れる,はれる,"to swell (from inflammation, to become swollen)",N1,verb,Body & Health
麻痺,まひ,"paralysis, palsy, numbness",N1,noun,Body & Health
眉,まゆ,eyebrow,N1,noun,Body & Health
真ん前,まんまえ,"right in front, under the nose",N1,noun,Body & Health
未開,みかい,"savage land, backward region, uncivilized",N1,noun,Body & Health
未熟,みじゅく,"inexperience, unskilled, immature",N1,noun,Body & Health
控える,ひかえる,to hold back; to make notes,N1,verb,Body & Health
溝,みぞ,"ditch, drain, gutter, gap",N1,noun,Body & Health
脈,みゃく,pulse,N1,noun,Body & Health
無口,むくち,reticence,N1,noun,Body & Health
目方,めかた,weight,N1,noun,Body & Health
目付き,めつき,"look, expression of the eyes, eyes",N1,noun,Body & Health
率いる,ひきいる,"to lead, to spearhead (a group), to command (troops)",N1,verb,Body & Health
目途,めど,"goal, outlook",N1,noun,Body & Health
目盛,めもり,"scale, gradations",N1,noun,Body & Health
面目,めんぼく,"face, honor, reputation",N1,noun,Body & Health
面目,めんもく,"face, honor, reputation",N1,noun,Body & Health
盲点,もうてん,blind spot,N1,noun,Body & Health
引取る,ひきとる,to take back; to adopt; to leave,N1,verb,Body & Health
目録,もくろく,"catalogue, catalog, list",N1,noun,Body & Health
目論見,もくろみ,"a plan, a scheme, intention",N1,noun,Body & Health
目下,もっか,"at present, now",N1,noun,Body & Health
股,もも,"thigh, femur",N1,noun,Body & Health
腿,もも,"thigh, femur",N1,noun,Body & Health
闇,やみ,"darkness, shady, illegal",N1,noun,Body & Health
優美,ゆうび,"grace, refinement, elegance",N1,noun,Body & Health
酪農,らくのう,dairy farming,N1,noun,Body & Health
立体,りったい,solid body,N1,noun,Body & Health
略奪,りゃくだつ,"pillage, looting, robbery",N1,noun,Body & Health
レバー,レバー,lever; liver,N1,noun,Body & Health
発病,はつびょう,"attack, to become sick",N1,noun,Body & Health
初耳,はつみみ,something heard for the first time,N1,noun,Body & Health
華やか,はなやか,"brilliant, gorgeous, florid",N1,noun,Body & Health
左利き,ひだりきき,"left-handedness, sake drinker, left-hander",N1,noun,Body & Health
人目,ひとめ,"glimpse, public gaze",N1,noun,Body & Health
ひょっと,ひょっと,"possibly, accidentally",N1,noun,Body & Health
びら,びら,"handout, leaflet",N1,noun,Body & Health
生温い,なまぬるい,"lukewarm, halfhearted",N1,i-adjective,Body & Health
うっとうしい,うっとうしい,"weary, annoying",N1,i-adjective,Body & Health
扱い,あつかい,"treatment, service",N1,i-adjective,Body & Health
切ない,せつない,"painful, trying, sad",N1,i-adjective,Body & Health
目覚しい,めざましい,"brilliant, remarkable",N1,i-adjective,Body & Health
物足りない,ものたりない,"unsatisfied, unsatisfactory",N1,i-adjective,Body & Health
華々しい,はなばなしい,"brilliant, magnificent, spectacular",N1,i-adjective,Body & Health
好況,こうきょう,"prosperous conditions, healthy economy",N1,na-adjective,Body & Health
巧妙,こうみょう,"ingenious, skillful, clever",N1,na-adjective,Body & Health
特技,とくぎ,special talent; skill,N1,na-adjective,Body & Health
特権,とっけん,"privilege, special right",N1,na-adjective,Body & Health
とんだ,とんだ,"terrible, awful, serious, absolutely not",N1,na-adjective,Body & Health
和やか,なごやか,"mild, calm, harmonious",N1,na-adjective,Body & Health
エレガント,エレガント,elegant,N1,na-adjective,Body & Health
気軽,きがる,"cheerful, buoyant, lighthearted",N1,na-adjective,Body & Health
生真面目,きまじめ,"serious, sincerity",N1,na-adjective,Body & Health
自在,じざい,"freely, at will",N1,na-adjective,Body & Health
健やか,すこやか,"vigorous, healthy, sound",N1,na-adjective,Body & Health
達者,たっしゃ,"skillful, in good health",N1,na-adjective,Body & Health
手軽,てがる,"easy, simple, cheap",N1,na-adjective,Body & Health
漠然,ばくぜん,"obscure, vague, equivocal",N1,na-adjective,Body & Health
明朗,めいろう,"bright, clear, cheerful",N1,na-adjective,Body & Health
冷酷,れいこく,"cruelty, coldheartedness, ruthless",N1,na-adjective,Body & Health
伝達,でんたつ,"transmission (e.g., news, communication, delivery)",N1,adverb,Body & Health
全快,ぜんかい,complete recovery of health,N1,adverb,Body & Health
一筋,ひとすじ,"a line, earnestly, blindly, straightforwardly",N1,adverb,Body & Health
～症,～しょう,disease,N1,prefix/suffix,Body & Health
～薬,～やく,medicine,N1,prefix/suffix,Body & Health
原典,げんてん,"original, source",N1,noun,Food & Cooking
高原,こうげん,"tableland, plateau",N1,noun,Food & Cooking
香辛料,こうしんりょう,spices,N1,noun,Food & Cooking
財源,ざいげん,"source of funds, resources, finances",N1,noun,Food & Cooking
杯,さかずき,wine cup,N1,noun,Food & Cooking
叫び,さけび,"shout, scream, outcry",N1,noun,Food & Cooking
授ける,さずける,"to grant, to award, to teach",N1,verb,Food & Cooking
産物,さんぶつ,"product, result, fruit",N1,noun,Food & Cooking
シート,シート,seat; sheet,N1,noun,Food & Cooking
劇団,げきだん,"troupe, theatrical company",N1,noun,Food & Cooking
苗,なえ,rice seedling,N1,noun,Food & Cooking
滑らか,なめらか,"smoothness, glassiness",N1,noun,Food & Cooking
熱湯,ねっとう,boiling water,N1,noun,Food & Cooking
乗っ取る,のっとる,"to capture, to occupy, to take over",N1,verb,Food & Cooking
敗戦,はいせん,"defeat, losing a war",N1,noun,Food & Cooking
器,うつわ,"bowl, vessel, container",N1,noun,Food & Cooking
浮気,うわき,"affair, to cheat",N1,noun,Food & Cooking
英雄,えいゆう,"hero, great man",N1,noun,Food & Cooking
獲物,えもの,"game, spoils, trophy",N1,noun,Food & Cooking
粥,かゆ,rice porridge,N1,noun,Food & Cooking
掻き回す,かきまわす,"to stir up, to churn, to disturb",N1,verb,Food & Cooking
かりに,かりに,"temporarily; if, for argument's sake",N1,noun,Food & Cooking
カンニング,カンニング,"cunning, cheat",N1,noun,Food & Cooking
几帳面,きちょうめん,"methodical, punctual, steady",N1,noun,Food & Cooking
気まぐれ,きまぐれ,"whim, caprice, uneven temper",N1,noun,Food & Cooking
給食,きゅうしょく,"school lunch, providing a meal",N1,noun,Food & Cooking
脅迫,きょうはく,"threat, coercion",N1,noun,Food & Cooking
叩く,はたく,"to strike, to clap, to dust, to beat",N1,verb,Food & Cooking
吟味,ぎんみ,"examination, careful investigation",N1,noun,Food & Cooking
死刑,しけい,death penalty,N1,noun,Food & Cooking
嗜好,しこう,"taste, liking, preference",N1,noun,Food & Cooking
甘口,あまくち,sweet flavor,N1,noun,Food & Cooking
樹立,じゅりつ,"establish, create",N1,noun,Food & Cooking
水源,すいげん,source of river,N1,noun,Food & Cooking
躾ける,しつける,"to discipline, to teach manners",N1,verb,Food & Cooking
スチーム,スチーム,steam,N1,noun,Food & Cooking
成果,せいか,"results, fruits",N1,noun,Food & Cooking
生死,せいし,life and death,N1,noun,Food & Cooking
制定,せいてい,"enactment, establishment, creation",N1,noun,Food & Cooking
晴天,せいてん,fine weather,N1,noun,Food & Cooking
製法,せいほう,"manufacturing method, recipe, formula",N1,noun,Food & Cooking
負かす,まかす,to defeat,N1,verb,Food & Cooking
設定,せってい,"establishment, creation",N1,noun,Food & Cooking
相場,そうば,"market price, speculation, estimation",N1,noun,Food & Cooking
ソース,ソース,source,N1,noun,Food & Cooking
台無し,だいなし,"mess, spoiled, (come to) nothing",N1,noun,Food & Cooking
チームワーク,チームワーク,teamwork,N1,noun,Food & Cooking
地形,ちけい,"landform, geographical features, topography",N1,noun,Food & Cooking
賄う,まかなう,"to give board to, to provide meals, to pay",N1,verb,Food & Cooking
乳,ちち,"milk, breast, loop",N1,noun,Food & Cooking
着席,ちゃくせき,"sit down, seat",N1,noun,Food & Cooking
茶の湯,ちゃのゆ,tea ceremony,N1,noun,Food & Cooking
ちやほや,ちやほや,"pamper, make a fuss of, spoil",N1,noun,Food & Cooking
調理,ちょうり,cooking,N1,noun,Food & Cooking
定食,ていしょく,"fixed-price lunch, set meal, dinner",N1,noun,Food & Cooking
設ける,もうける,"to create, to establish",N1,verb,Food & Cooking
できもの,できもの,"boil, rash",N1,noun,Food & Cooking
実,じつ,"fruit, good result",N1,noun,Food & Cooking
収容,しゅうよう,accommodation; seating; custody,N1,noun,Food & Cooking
主食,しゅしょく,staple food,N1,noun,Food & Cooking
布巾,ふきん,dish cloth,N1,noun,Food & Cooking
沸騰,ふっとう,"boiling, seething",N1,noun,Food & Cooking
催す,もよおす,"to hold (a meeting), to give (a dinner)",N1,verb,Food & Cooking
保養,ほよう,"health preservation, recuperation, recreation",N1,noun,Food & Cooking
味覚,みかく,"taste, palate, sense of taste",N1,noun,Food & Cooking
源,みなもと,"source, origin",N1,noun,Food & Cooking
無意味,むいみ,"nonsense, no meaning",N1,noun,Food & Cooking
無茶苦茶,むちゃくちゃ,"confused, jumbled, mixed up, unreasonable",N1,noun,Food & Cooking
欲望,よくぼう,"desire, appetite",N1,noun,Food & Cooking
ライス,ライス,rice,N1,noun,Food & Cooking
悲鳴,ひめい,"shriek, scream",N1,noun,Food & Cooking
生臭い,なまぐさい,"smelling of fish or blood, fish or meat",N1,i-adjective,Food & Cooking
味わい,あじわい,"flavor, relish",N1,i-adjective,Food & Cooking
原油,げんゆ,crude oil,N1,na-adjective,Food & Cooking
無茶,むちゃ,"absurd, unreasonable",N1,na-adjective,Food & Cooking
大部,たいぶ,"most (e.g., most part, greater, fairly, a good deal, much)",N1,adverb,Food & Cooking
ぺこぺこ,ぺこぺこ,"fawn, be very hungry",N1,adverb,Food & Cooking
甚だ,はなはだ,"very, greatly, exceedingly",N1,adverb,Food & Cooking
～味,～み,~ cast (sense of taste),N1,prefix/suffix,Food & Cooking
～油,～ゆ,~ oil,N1,prefix/suffix,Food & Cooking
戸籍,こせき,"census, family register",N1,noun,Home & Daily Life
こたつ,こたつ,"table with heater, (originally) charcoal brazier in a floor well",N1,noun,Home & Daily Life
竿,さお,"rod, pole (e.g., for drying laundry)",N1,noun,Home & Daily Life
参議院,さんぎいん,House of Councilors,N1,noun,Home & Daily Life
家来,けらい,"retainer, retinue, servant",N1,noun,Home & Daily Life
戸締り,とじまり,"closing up, locking the doors",N1,noun,Home & Daily Life
扉,とびら,"door, opening",N1,noun,Home & Daily Life
入浴,にゅうよく,"bathe, bathing",N1,noun,Home & Daily Life
軒並,のきなみ,row of houses; uniformly,N1,noun,Home & Daily Life
異論,いろん,"different opinion, objection",N1,noun,Home & Daily Life
縁側,えんがわ,"veranda, porch, balcony, open corridor",N1,noun,Home & Daily Life
おむつ,おむつ,"diaper, nappy",N1,noun,Home & Daily Life
カーペット,カーペット,carpet,N1,noun,Home & Daily Life
家計,かけい,"household economy, family finances",N1,noun,Home & Daily Life
ガレージ,ガレージ,garage (at house),N1,noun,Home & Daily Life
居住,きょじゅう,residence,N1,noun,Home & Daily Life
気流,きりゅう,atmospheric current,N1,noun,Home & Daily Life
蔵,くら,"warehouse, cellar",N1,noun,Home & Daily Life
転居,てんきょ,"moving, changing residence",N1,noun,Home & Daily Life
家出,いえで,running away from home,N1,noun,Home & Daily Life
寝かせる,ねかせる,"to put to bed, to lay down, to ferment",N1,verb,Home & Daily Life
異見,いけん,"different opinion, objection",N1,noun,Home & Daily Life
世帯,せたい,household,N1,noun,Home & Daily Life
先天的,せんてんてき,"inherent, congenital, hereditary",N1,noun,Home & Daily Life
大家,たいか,"rich family, distinguished family",N1,noun,Home & Daily Life
茶の間,ちゃのま,living room (Japanese style),N1,noun,Home & Daily Life
邸宅,ていたく,"mansion, residence",N1,noun,Home & Daily Life
レンタカー,レンタカー,rented car,N1,noun,Home & Daily Life
実家,じっか,(one's parents') home,N1,noun,Home & Daily Life
実業家,じつぎょうか,"industrialist, businessman",N1,noun,Home & Daily Life
社宅,しゃたく,company owned house,N1,noun,Home & Daily Life
衆議院,しゅうぎいん,"Lower House, House of Representatives",N1,noun,Home & Daily Life
守衛,しゅえい,"security guard, doorkeeper",N1,noun,Home & Daily Life
防火,ぼうか,"fire prevention, fire fighting, fire proof",N1,noun,Home & Daily Life
法廷,ほうてい,courtroom,N1,noun,Home & Daily Life
墓地,ぼち,"cemetery, graveyard",N1,noun,Home & Daily Life
浴室,よくしつ,"bathroom, bath",N1,noun,Home & Daily Life
余地,よち,"place, room, margin",N1,noun,Home & Daily Life
控室,ひかえしつ,waiting room,N1,noun,Home & Daily Life
ありふれる,ありふれる,"common, ordinary, routine",N1,na-adjective,Home & Daily Life
封鎖,ふうさ,"blockade, freezing (funds)",N1,na-adjective,Home & Daily Life
埋め込む,うめこむ,"to embed, implant",N1,verb,Home & Daily Life
保管,ほかん,"custody, safekeeping, storage",N1,na-adjective,Home & Daily Life
まちまち,まちまち,"various, different",N1,na-adjective,Home & Daily Life
～証,～しょう,"proof, certificate",N1,prefix/suffix,Home & Daily Life
工学,こうがく,engineering,N1,noun,Clothing & Accessories
交付,こうふ,"delivering, furnishing (with copies)",N1,noun,Clothing & Accessories
雑談,ざつだん,"chatting, idle talk",N1,noun,Clothing & Accessories
さほど,さほど,"not so, not that much",N1,noun,Clothing & Accessories
ジーパン,ジーパン,jeans,N1,noun,Clothing & Accessories
懸賞,けんしょう,"offering prizes, winning, reward",N1,noun,Clothing & Accessories
伴う,ともなう,"to accompany, to bring with",N1,verb,Clothing & Accessories
導入,どうにゅう,"introduction, bringing in, leading in",N1,noun,Clothing & Accessories
何だか,なんだか,"a little, somewhat, somehow",N1,noun,Clothing & Accessories
なんなり,なんなり,"anything, whatever",N1,noun,Clothing & Accessories
憎しみ,にくしみ,hatred,N1,noun,Clothing & Accessories
いびき,いびき,snoring,N1,noun,Clothing & Accessories
大柄,おおがら,"large build, large pattern",N1,noun,Clothing & Accessories
着飾る,きかざる,to dress up,N1,verb,Clothing & Accessories
織物,おりもの,"textile, fabric",N1,noun,Clothing & Accessories
かかと,かかと,shoe heel,N1,noun,Clothing & Accessories
拡散,かくさん,"scattering, diffusion",N1,noun,Clothing & Accessories
偽造,ぎぞう,"forgery, fabrication, counterfeiting",N1,noun,Clothing & Accessories
近郊,きんこう,"suburbs, outskirts",N1,noun,Clothing & Accessories
軍服,ぐんぷく,military or naval uniform,N1,noun,Clothing & Accessories
備わる,そなわる,to be furnished with,N1,verb,Clothing & Accessories
投資,とうし,investment,N1,noun,Clothing & Accessories
下調べ,したしらべ,preliminary investigation,N1,noun,Clothing & Accessories
いかに,いかに,"how, in what way",N1,noun,Clothing & Accessories
衣装,いしょう,"clothing, costume, outfit",N1,noun,Clothing & Accessories
職務,しょくむ,professional duties,N1,noun,Clothing & Accessories
調べ,しらべ,"investigation, inspection",N1,noun,Clothing & Accessories
具わる,そなわる,to be furnished with,N1,verb,Clothing & Accessories
スプリング,スプリング,spring,N1,noun,Clothing & Accessories
盛装,せいそう,"be dressed up, wear rich clothes",N1,noun,Clothing & Accessories
制服,せいふく,uniform,N1,noun,Clothing & Accessories
征服,せいふく,"conquest, subjugation, overcoming",N1,noun,Clothing & Accessories
繊維,せんい,"fiber, fiber, textile",N1,noun,Clothing & Accessories
ソックス,ソックス,socks,N1,noun,Clothing & Accessories
束ねる,たばねる,"to tie up in a bundle, to control",N1,verb,Clothing & Accessories
沈没,ちんぼつ,"sinking, foundering",N1,noun,Clothing & Accessories
追及,ついきゅう,"investigation, inquiry",N1,noun,Clothing & Accessories
提供,ていきょう,"offer, program sponsoring",N1,noun,Clothing & Accessories
パジャマ,パジャマ,pajamas,N1,noun,Clothing & Accessories
バッジ,バッジ,badge,N1,noun,Clothing & Accessories
発生,はっせい,"outbreak, spring forth, occurrence",N1,noun,Clothing & Accessories
解ける,ほどける,"to come untied, to come apart",N1,verb,Clothing & Accessories
ジャンパー,ジャンパー,"jacket, jumper",N1,noun,Clothing & Accessories
主演,しゅえん,"starring, playing the leading part",N1,noun,Clothing & Accessories
ブーツ,ブーツ,boots,N1,noun,Clothing & Accessories
負債,ふさい,"debt, liabilities",N1,noun,Clothing & Accessories
不服,ふふく,"dissatisfaction, discontent, disapproval",N1,noun,Clothing & Accessories
ベスト,ベスト,best; vest,N1,noun,Clothing & Accessories
もたらす,もたらす,"to bring, to take, to bring about",N1,verb,Clothing & Accessories
干し物,ほしもの,dried washing (clothes,N1,noun,Clothing & Accessories
未練,みれん,"lingering affection, attachment, regret(s)",N1,noun,Clothing & Accessories
無用,むよう,"useless, needlessness, unnecessariness",N1,noun,Clothing & Accessories
ユニフォーム,ユニフォーム,uniform,N1,noun,Clothing & Accessories
様式,ようしき,"style, form, pattern",N1,noun,Clothing & Accessories
繁栄,はんえい,"prospering, prosperity, flourishing",N1,noun,Clothing & Accessories
ハンガー,ハンガー,(coat) hanger,N1,noun,Clothing & Accessories
匹敵,ひってき,"comparing with, rival, equal",N1,noun,Clothing & Accessories
揃い,そろい,"set, suit, uniform",N1,i-adjective,Clothing & Accessories
大胆,だいたん,"bold, daring, audacious",N1,na-adjective,Clothing & Accessories
抗議,こうぎ,"protest, objection",N1,noun,School & Education
講習,こうしゅう,"short course, training",N1,noun,School & Education
公然,こうぜん,openly,N1,noun,School & Education
経路,けいろ,"course, route, channel",N1,noun,School & Education
試みる,こころみる,"to try, to test",N1,verb,School & Education
突破,とっぱ,"breaking through, breakthrough, penetration",N1,noun,School & Education
入賞,にゅうしょう,winning a prize or place (in a contest,N1,noun,School & Education
賠償,ばいしょう,"reparations, indemnity, compensation",N1,noun,School & Education
内訳,うちわけ,"the items, breakdown, classification",N1,noun,School & Education
研ぐ,とぐ,"to sharpen, to grind, to polish",N1,verb,School & Education
階級,かいきゅう,"class, rank, grade",N1,noun,School & Education
学士,がくし,university graduate,N1,noun,School & Education
楽譜,がくふ,"score (music, sheet music)",N1,noun,School & Education
休学,きゅうがく,"temporary absence from school, suspension",N1,noun,School & Education
受かる,うかる,to pass (examination),N1,verb,School & Education
教科,きょうか,"subject, curriculum",N1,noun,School & Education
共学,きょうがく,coeducation,N1,noun,School & Education
刑罰,けいばつ,"judgment, penalty, punishment",N1,noun,School & Education
点検,てんけん,"inspection, examination, checking",N1,noun,School & Education
打ち明ける,うちあける,"to confess, to be open",N1,verb,School & Education
等級,とうきゅう,"grade, class",N1,noun,School & Education
同級,どうきゅう,"the same grade, same class",N1,noun,School & Education
登校,とうこう,attendance (at school),N1,noun,School & Education
自主,じしゅ,"independence, autonomy",N1,noun,School & Education
辿る,たどる,"to follow (road, to pursue (course), to follow up",N1,verb,School & Education
当て,あて,expectations; depend,N1,noun,School & Education
異議,いぎ,"objection, dissent, protest",N1,noun,School & Education
依存,いぞん,"dependence, dependent, reliance",N1,noun,School & Education
出費,しゅっぴ,"expenses, disbursements",N1,noun,School & Education
費やす,ついやす,"to spend, to devote, to waste",N1,verb,School & Education
証言,しょうげん,"evidence, testimony",N1,noun,School & Education
自立,じりつ,"independence, self-reliance",N1,noun,School & Education
審査,しんさ,"judging, inspection, examination",N1,noun,School & Education
成熟,せいじゅく,"maturity, ripeness",N1,noun,School & Education
出くわす,でくわす,"to happen to meet, to come across",N1,verb,School & Education
素材,そざい,"raw materials, subject matter",N1,noun,School & Education
焚火,たきび,(open) fire,N1,noun,School & Education
中断,ちゅうだん,"interruption, suspension, break",N1,noun,School & Education
腸,ちょう,"bowels, intestines",N1,noun,School & Education
見習う,みならう,to follow another's example,N1,verb,School & Education
聴講,ちょうこう,"lecture attendance, auditing",N1,noun,School & Education
直感,ちょっかん,"intuition, instinct",N1,noun,School & Education
罰,ばつ,"punishment, penalty",N1,noun,School & Education
収支,しゅうし,income and expenditure,N1,noun,School & Education
休める,やすめる,"to rest, to suspend, to give relief",N1,verb,School & Education
修士,しゅうし,Masters degree program,N1,noun,School & Education
主観,しゅかん,"subjectivity, subject, ego",N1,noun,School & Education
塾,じゅく,after-school (cram) school,N1,noun,School & Education
主題,しゅだい,"subject, theme, motif",N1,noun,School & Education
付録,ふろく,"appendix, supplement",N1,noun,School & Education
弁償,べんしょう,"compensation, reparation, reimbursement",N1,noun,School & Education
必修,ひっしゅう,required (subject),N1,noun,School & Education
不可欠,ふかけつ,"indispensable, essential",N1,na-adjective,School & Education
自ずから,おのずから,"naturally, as a matter of course",N1,adverb,School & Education
無論,むろん,"of course, naturally",N1,adverb,School & Education
鉱業,こうぎょう,mining industry,N1,noun,Work & Career
興業,こうぎょう,starting a business; industry,N1,noun,Work & Career
固定,こてい,"fixation, fixing (e.g., salary, capital)",N1,noun,Work & Career
コマーシャル,コマーシャル,a commercial,N1,noun,Work & Career
再会,さいかい,"meeting again, reunion",N1,noun,Work & Career
産婦人科,さんふじんか,maternity and gynecology department,N1,noun,Work & Career
事業,じぎょう,"project, enterprise, business",N1,noun,Work & Career
原作,げんさく,original work,N1,noun,Work & Career
取引,とりひき,"transactions, dealings, business",N1,noun,Work & Career
任務,にんむ,"duty, mission, task",N1,noun,Work & Career
パート,パート,part-time job,N1,noun,Work & Career
映写,えいしゃ,projection,N1,noun,Work & Career
演出,えんしゅつ,"production (erg. play, direction)",N1,noun,Work & Career
エンジニア,エンジニア,engineer,N1,noun,Work & Career
がっしり,がっしり,"firmly, solidly, tough",N1,noun,Work & Career
過労,かろう,"overwork, strain",N1,noun,Work & Career
仕掛ける,しかける,"to lay, to set, to wage",N1,verb,Work & Career
頑丈,がんじょう,"solid, firm, strong",N1,noun,Work & Career
関税,かんぜい,"customs, duty, tariff",N1,noun,Work & Career
幹部,かんぶ,"management, executive",N1,noun,Work & Career
企画,きかく,"planning, project",N1,noun,Work & Career
キャリア,キャリア,"career, career government employee",N1,noun,Work & Career
業者,ぎょうしゃ,"trader, merchant",N1,noun,Work & Career
業務,ぎょうむ,"business, duties, work",N1,noun,Work & Career
勤勉,きんべん,"industry, diligence",N1,noun,Work & Career
勤務,きんむ,"service, duty, work",N1,noun,Work & Career
ぐっと,ぐっと,"firmly, fast, more",N1,noun,Work & Career
玄人,くろうと,"expert, professional",N1,noun,Work & Career
転勤,てんきん,transfer (to another office of a company),N1,noun,Work & Career
辞職,じしょく,resignation,N1,noun,Work & Career
諦め,あきらめ,"resignation, reconciliation, consolation",N1,noun,Work & Career
委託,いたく,"consign (goods (for sale) to a firm), entrust",N1,noun,Work & Career
出世,しゅっせ,"promotion, successful career, eminence",N1,noun,Work & Career
練る,ねる,"to knead, to work over, to polish up",N1,verb,Work & Career
昇進,しょうしん,promotion,N1,noun,Work & Career
使用人,しようにん,"employee, servant",N1,noun,Work & Career
職員,しょくいん,"staff member, personnel",N1,noun,Work & Career
製鉄,せいてつ,iron manufacture,N1,noun,Work & Career
税務署,ぜいむしょ,tax office,N1,noun,Work & Career
増進,ぞうしん,"promoting, increase, advance",N1,noun,Work & Career
退職,たいしょく,retirement (from office),N1,noun,Work & Career
タイピスト,タイピスト,typist,N1,noun,Work & Career
対面,たいめん,"interview, meeting",N1,noun,Work & Career
駄作,ださく,poor work,N1,noun,Work & Career
断言,だんげん,"assertion, declaration, affirmation",N1,noun,Work & Career
長官,ちょうかん,"chief, (government) secretary",N1,noun,Work & Career
沈殿,ちんでん,"precipitation, deposition, settlement",N1,noun,Work & Career
勤め先,つとめさき,place of work,N1,noun,Work & Career
努めて,つとめて,"make an effort!, work hard!",N1,noun,Work & Career
手分け,てわけ,division of labor,N1,noun,Work & Career
添える,そえる,"to add to, to attach, to accompany",N1,verb,Work & Career
連中,れんちゅう,"colleagues, company, a lot",N1,noun,Work & Career
労力,ろうりょく,"labor, effort, trouble",N1,noun,Work & Career
就業,しゅうぎょう,"employment, starting work",N1,noun,Work & Career
従業員,じゅうぎょういん,"employee, worker",N1,noun,Work & Career
出社,しゅっしゃ,come to work,N1,noun,Work & Career
部門,ぶもん,"class, group, category, department, field, branch",N1,noun,Work & Career
ポジション,ポジション,position,N1,noun,Work & Career
名産,めいさん,noted product,N1,noun,Work & Career
メーカー,メーカー,manufacturer,N1,noun,Work & Career
役職,やくしょく,"post, managerial position, official position",N1,noun,Work & Career
用件,ようけん,business,N1,noun,Work & Career
ビジネス,ビジネス,business,N1,noun,Work & Career
秘書,ひしょ,(private) secretary,N1,noun,Work & Career
好調,こうちょう,"satisfactory, in good shape",N1,na-adjective,Work & Career
特産,とくさん,"specialty, special product",N1,na-adjective,Work & Career
強硬,きょうこう,"firm, vigorous, stubborn",N1,na-adjective,Work & Career
仕える,つかえる,"to serve, to work for",N1,verb,Work & Career
勤労,きんろう,"labor, exertion, diligent service",N1,na-adjective,Work & Career
斡旋,あっせん,"kind offices, mediation",N1,na-adjective,Work & Career
ろくな,ろくな,"satisfactory, decent",N1,na-adjective,Work & Career
分業,ぶんぎょう,"division of labor, specialization, assembly-line production",N1,na-adjective,Work & Career
良好,りょうこう,"favorable, satisfactory",N1,na-adjective,Work & Career
断然,だんぜん,"firmly, absolutely, definitely",N1,adverb,Work & Career
～署,～しょ,department,N1,prefix/suffix,Work & Career
現地,げんち,"actual place, local",N1,noun,Travel & Transport
桟橋,さんばし,"wharf, jetty, pier",N1,noun,Travel & Transport
遠回り,とおまわり,"detour, roundabout way",N1,noun,Travel & Transport
ドライバー,ドライバー,"driver, screwdriver",N1,noun,Travel & Transport
ドライブイン,ドライブイン,drive in,N1,noun,Travel & Transport
こす (みずを～),こす (みずを～),"to strain, to filter",N1,verb,Travel & Transport
荷,に,"load, baggage, cargo",N1,noun,Travel & Transport
ねじまわし,ねじまわし,screwdriver,N1,noun,Travel & Transport
捩れる,ねじれる,"twist, strain",N1,noun,Travel & Transport
燃料,ねんりょう,fuel,N1,noun,Travel & Transport
運搬,うんぱん,"transport, carriage",N1,noun,Travel & Transport
とぼける,とぼける,"to play dumb, to feign ignorance, to play innocent, to have a blank facial expression; to play the fool; to be in one's dotage",N1,verb,Travel & Transport
運輸,うんゆ,transportation,N1,noun,Travel & Transport
沿線,えんせん,along railway line,N1,noun,Travel & Transport
改革,かいかく,"reform, reformation, innovation",N1,noun,Travel & Transport
外相,がいしょう,Foreign Minister,N1,noun,Travel & Transport
街道,かいどう,highway,N1,noun,Travel & Transport
追い込む,おいこむ,"to herd, to corner, to drive",N1,verb,Travel & Transport
革新,かくしん,"reform, innovation",N1,noun,Travel & Transport
気兼ね,きがね,"hesitance, diffidence, feeling constraint",N1,noun,Travel & Transport
汽船,きせん,steamship,N1,noun,Travel & Transport
軌道,きどう,orbit; track,N1,noun,Travel & Transport
教習,きょうしゅう,"training, instruction",N1,noun,Travel & Transport
追い出す,おいだす,"to expel, to drive out",N1,verb,Travel & Transport
局限,きょくげん,"limit, localize",N1,noun,Travel & Transport
漁船,ぎょせん,fishing boat,N1,noun,Travel & Transport
伝来,でんらい,"ancestral, hereditary, imported",N1,noun,Travel & Transport
道場,どうじょう,"(arch) dojo, hall used for martial arts training, mandala",N1,noun,Arts & Entertainment
当選,とうせん,"being elected, winning the prize",N1,noun,Travel & Transport
鍛える,きたえる,"to forge, to train, to discipline",N1,verb,Travel & Transport
支持,しじ,support,N1,noun,Travel & Transport
準急,じゅんきゅう,"local express (train, slower than an express)",N1,noun,Travel & Transport
上陸,じょうりく,"landing, disembarkation",N1,noun,Travel & Transport
清純,せいじゅん,"purity, innocence",N1,noun,Travel & Transport
制約,せいやく,"limitation, constraints",N1,noun,Travel & Transport
立ち去る,たちさる,"to leave, to depart",N1,verb,Travel & Transport
船舶,せんぱく,ship,N1,noun,Travel & Transport
走行,そうこう,"running a wheeled vehicle (e.g., car, traveling)",N1,noun,Travel & Transport
他動詞,たどうし,transitive verb (direct object),N1,noun,Travel & Transport
使い道,つかいみち,use,N1,noun,Travel & Transport
適応,てきおう,"adaptation, accommodation, conformity",N1,noun,Travel & Transport
染みる,しみる,to soak; pierce,N1,verb,Travel & Transport
ロープウエイ,ロープウエイ,"ropeway, aerial tram",N1,noun,Travel & Transport
橋渡し,はしわたし,"bridge building', mediation",N1,noun,Travel & Transport
躾,しつけ,"discipline, training",N1,noun,Travel & Transport
地元,じもと,local,N1,noun,Travel & Transport
比例,ひれい,proportion,N1,noun,Travel & Transport
綻びる,ほころびる,"to come apart at the seams, to smile broadly",N1,verb,Travel & Transport
ファイル,ファイル,file; portfolio,N1,noun,Travel & Transport
便宜,べんぎ,"convenience, accommodation",N1,noun,Travel & Transport
紡績,ぼうせき,spinning,N1,noun,Travel & Transport
報道,ほうどう,"coverage, report",N1,noun,Communication
民宿,みんしゅく,private house providing lodging and meals to tourists,N1,noun,Travel & Transport
用法,ようほう,"directions, rules of use",N1,noun,Travel & Transport
抑圧,よくあつ,"restraint, oppression, suppression",N1,noun,Travel & Transport
抑制,よくせい,"control, restraint, suppression",N1,noun,Travel & Transport
濫用,らんよう,"abuse, misuse, using to excess",N1,noun,Travel & Transport
旅券,りょけん,passport,N1,noun,Travel & Transport
描写,びょうしゃ,"depiction, description, portrayal",N1,noun,Travel & Transport
束縛,そくばく,"restraint, restriction, confinement",N1,na-adjective,Travel & Transport
多忙,たぼう,busy,N1,na-adjective,Travel & Transport
無邪気,むじゃき,"innocence, simple-mindedness",N1,na-adjective,Travel & Transport
当～,とう～,"Our ~ (e.g., Hotel, plane, etc.)",N1,prefix/suffix,Travel & Transport
倹約,けんやく,"thrift, economy, frugality",N1,noun,Shopping & Money
購入,こうにゅう,"purchase, buy",N1,noun,Shopping & Money
購買,こうばい,"purchase, buy",N1,noun,Shopping & Money
小売,こうり,retail,N1,noun,Shopping & Money
小切手,こぎって,"cheque, check",N1,noun,Shopping & Money
財,ざい,"fortune, riches",N1,noun,Shopping & Money
災害,さいがい,"calamity, disaster, misfortune",N1,noun,Shopping & Money
在庫,ざいこ,"stockpile, stock",N1,noun,Shopping & Money
財政,ざいせい,"economy, financial affairs",N1,noun,Shopping & Money
潤う,うるおう,to be moist; to profit by,N1,verb,Shopping & Money
残金,ざんきん,remaining money,N1,noun,Shopping & Money
残高,ざんだか,"(bank) balance, remainder",N1,noun,Shopping & Money
決算,けっさん,"balance sheet, settlement of accounts",N1,noun,Shopping & Money
富,とみ,"wealth, fortune",N1,noun,Shopping & Money
取り替え,とりかえ,"swap, exchange",N1,noun,Shopping & Money
問屋,とんや,wholesale store,N1,noun,Shopping & Money
値引き,ねびき,"price reduction, discount",N1,noun,Shopping & Money
念,ねん,"sense, feeling, desire",N1,noun,Shopping & Money
納入,のうにゅう,"payment, supply",N1,noun,Shopping & Money
交す,かわす,to exchange,N1,verb,Shopping & Money
延べ,のべ,"futures, credit (buying), stretching, total",N1,noun,Shopping & Money
インターチェンジ,インターチェンジ,interchange,N1,noun,Shopping & Money
売り出し,うりだし,(bargain) sale,N1,noun,Shopping & Money
運賃,うんちん,"freight rates, shipping expenses, (passenger) fare",N1,noun,Shopping & Money
金槌,かなづち,(iron) hammer,N1,noun,Shopping & Money
株式,かぶしき,stock,N1,noun,Shopping & Money
貨幣,かへい,"money, currency, coinage",N1,noun,Shopping & Money
換算,かんさん,"conversion, change, exchange",N1,noun,Shopping & Money
感触,かんしょく,"sense of touch, feeling, sensation",N1,noun,Shopping & Money
立て替える,たてかえる,"to pay in advance, to pay for another",N1,verb,Shopping & Money
基金,ききん,"fund, foundation",N1,noun,Shopping & Money
義理,ぎり,"debt of gratitude, obligation",N1,noun,Shopping & Money
切替,きりかえ,"exchange, conversion, switchover",N1,noun,Shopping & Money
均衡,きんこう,"equilibrium, balance",N1,noun,Shopping & Money
経費,けいひ,"expenses, cost, outlay",N1,noun,Shopping & Money
転任,てんにん,change of post,N1,noun,Shopping & Money
同感,どうかん,"agreement, same opinion, same feeling",N1,noun,Shopping & Money
資金,しきん,"funds, capital",N1,noun,Shopping & Money
上がり,あがり,"ascent; income; completion, stop",N1,noun,Shopping & Money
違える,ちがえる,to change,N1,verb,Shopping & Money
照合,しょうごう,"check, verification",N1,noun,Shopping & Money
所得,しょとく,income,N1,noun,Shopping & Money
送金,そうきん,"remittance, sending money",N1,noun,Shopping & Money
阻止,そし,"obstruction, check, hindrance",N1,noun,Shopping & Money
大金,たいきん,large amount of money,N1,noun,Shopping & Money
滞納,たいのう,"non-payment, default",N1,noun,Shopping & Money
脱退,だったい,"secession, withdrawal",N1,noun,Shopping & Money
チェンジ,チェンジ,change,N1,noun,Shopping & Money
賃金,ちんぎん,wages,N1,noun,Shopping & Money
恥じらう,はじらう,"to feel shy, to be bashful, to blush",N1,verb,Shopping & Money
痛感,つうかん,"feeling keenly, fully realizing",N1,noun,Shopping & Money
堤防,ていぼう,"bank, weir",N1,noun,Shopping & Money
テレックス,テレックス,"telex, teletypewriter exchange",N1,noun,Shopping & Money
浪費,ろうひ,"waste, extravagance",N1,noun,Shopping & Money
薄弱,はくじゃく,"feebleness, weakness, weak",N1,noun,Shopping & Money
下取り,したどり,"trade in, part exchange",N1,noun,Shopping & Money
実費,じっぴ,"actual expense, cost price",N1,noun,Shopping & Money
福祉,ふくし,"welfare, well-being",N1,noun,Shopping & Money
物資,ぶっし,"goods, materials",N1,noun,Shopping & Money
恥じる,はじる,to feel ashamed,N1,verb,Shopping & Money
ベストセラー,ベストセラー,best-seller,N1,noun,Shopping & Money
変革,へんかく,"change, reform(the) Reformation",N1,noun,Shopping & Money
返済,へんさい,repayment,N1,noun,Shopping & Money
募金,ぼきん,"fund-raising, collection of funds",N1,noun,Shopping & Money
保険,ほけん,"insurance, guarantee",N1,noun,Shopping & Money
名誉,めいよ,"honor, credit, prestige",N1,noun,Shopping & Money
有益,ゆうえき,"beneficial, profitable",N1,noun,Shopping & Money
融資,ゆうし,"financing, loan",N1,noun,Shopping & Money
預金,よきん,"deposit, bank account",N1,noun,Shopping & Money
見合わせる,みあわせる,to exchange glances; to postpone,N1,verb,Shopping & Money
利子,りし,interest (bank),N1,noun,Shopping & Money
利息,りそく,interest (bank),N1,noun,Shopping & Money
流通,りゅうつう,"circulation of money or goods, distribution",N1,noun,Shopping & Money
はらはら,はらはら,feel nervous,N1,noun,Shopping & Money
煙たい,けむたい,"smoky, feeling awkward",N1,i-adjective,Shopping & Money
安っぽい,やすっぽい,"cheap-looking, tawdry",N1,i-adjective,Shopping & Money
肝心,かんじん,"essential, fundamental, crucial",N1,na-adjective,Shopping & Money
肝腎,かんじん,"essential, fundamental, crucial",N1,na-adjective,Shopping & Money
資産,しさん,"property, fortune, assets",N1,na-adjective,Shopping & Money
掛～,かけ～,credit,N1,prefix/suffix,Shopping & Money
心地,ここち,"feeling, sensation, mood",N1,noun,Feelings & Emotions
滑稽,こっけい,"funny, humorous, comical",N1,noun,Feelings & Emotions
さも,さも,"with gusto, with satisfaction",N1,noun,Feelings & Emotions
懐く,なつく,to become emotionally attached,N1,verb,Feelings & Emotions
激励,げきれい,encouragement,N1,noun,Feelings & Emotions
同調,どうちょう,"sympathy, agree with, alignment",N1,noun,Feelings & Emotions
情け,なさけ,"sympathy, compassion",N1,noun,Feelings & Emotions
嘗める,なめる,to lick; to experience; to make fun of,N1,verb,Feelings & Emotions
悩み,なやみ,"trouble(s), worry, distress",N1,noun,Feelings & Emotions
陰気,いんき,"gloom, melancholy",N1,noun,Feelings & Emotions
恐れ,おそれ,"fear, horror",N1,noun,Feelings & Emotions
妬む,ねたむ,"to be jealous, to be envious",N1,verb,Feelings & Emotions
感無量,かんむりょう,"deep feeling, filled with emotion",N1,noun,Feelings & Emotions
緩和,かんわ,"relief, mitigation",N1,noun,Feelings & Emotions
喜劇,きげき,"comedy, funny show",N1,noun,Feelings & Emotions
惜しむ,おしむ,"to be frugal, to value, to regret",N1,verb,Feelings & Emotions
救援,きゅうえん,"relief, rescue, reinforcement",N1,noun,Feelings & Emotions
救済,きゅうさい,"relief, aid, rescue",N1,noun,Feelings & Emotions
共感,きょうかん,"sympathy, response",N1,noun,Feelings & Emotions
落ち込む,おちこむ,to get depressed,N1,verb,Feelings & Emotions
同情,どうじょう,"sympathy, compassion, sympathize",N1,noun,Feelings & Emotions
憧れ,あこがれ,"yearning, longing, aspiration",N1,noun,Feelings & Emotions
情緒,じょうちょ,"emotion, feeling",N1,noun,Feelings & Emotions
慕う,したう,to yearn to adore,N1,verb,Feelings & Emotions
情緒,じょうしょ,"emotion, feeling",N1,noun,Feelings & Emotions
情熱,じょうねつ,"passion, enthusiasm, zeal",N1,noun,Feelings & Emotions
奨励,しょうれい,"encouragement, promotion",N1,noun,Feelings & Emotions
励ます,はげます,"to encourage, to cheer, to raise (the voice)",N1,verb,Feelings & Emotions
促進,そくしん,"promotion, acceleration, encouragement",N1,noun,Feelings & Emotions
恥,はじ,"shame, embarrassment",N1,noun,Feelings & Emotions
嫉妬,しっと,jealousy,N1,noun,Feelings & Emotions
弾む,はずむ,"to bounce, to be encouraged, to splurge on",N1,verb,Feelings & Emotions
不況,ふきょう,"recession, depression, slump",N1,noun,Feelings & Emotions
憤慨,ふんがい,"indignation, resentment",N1,noun,Feelings & Emotions
呆然,ぼうぜん,"dumbfounded, overcome with surprise",N1,noun,Feelings & Emotions
誇る,ほこる,"to boast of, to be proud of",N1,verb,Feelings & Emotions
ムード,ムード,mood,N1,noun,Feelings & Emotions
無念,むねん,"chagrin, regret",N1,noun,Feelings & Emotions
猛烈,もうれつ,"violent, vehement, rage",N1,noun,Feelings & Emotions
待ち望む,まちのぞむ,"to look anxiously for, to wait eagerly for",N1,verb,Feelings & Emotions
物好き,ものずき,(idle) curiosity,N1,noun,Feelings & Emotions
憂鬱,ゆううつ,"depression, melancholy",N1,noun,Feelings & Emotions
恋愛,れんあい,"love, romance",N1,noun,Feelings & Emotions
腹立ち,はらだち,anger,N1,noun,Feelings & Emotions
悲観,ひかん,"pessimism, disappointment",N1,noun,Feelings & Emotions
悲惨,ひさん,"tragedy, disaster; misery, wretched, pitiful",N1,noun,Feelings & Emotions
情深い,なさけぶかい,"tender-hearted, compassionate",N1,i-adjective,Feelings & Emotions
悩ましい,なやましい,"seductive, melancholy, languid",N1,i-adjective,Feelings & Emotions
きまりわるい,きまりわるい,"feeling awkward, being ashamed",N1,i-adjective,Feelings & Emotions
浅ましい,あさましい,"shameful, mean, despicable",N1,i-adjective,Feelings & Emotions
救い,すくい,"help, aid, relief",N1,i-adjective,Feelings & Emotions
～掛け,～かけ,"rack, hanger",N1,prefix/suffix,Feelings & Emotions
ございます (かん),ございます (かん),"to be (polite, to exist)",N1,verb,Personality & Character
固有,こゆう,"characteristic, tradition, peculiar",N1,noun,Personality & Character
独自,どくじ,"original, peculiar, characteristic",N1,noun,Personality & Character
特有,とくゆう,"characteristic (of, peculiar (to))",N1,noun,Personality & Character
英字,えいじ,English letter (character),N1,noun,Personality & Character
臆病,おくびょう,"cowardice, timidity",N1,noun,Personality & Character
愚か,おろか,"foolish, stupid",N1,noun,Personality & Character
おろそか,おろそか,"neglect, negligence, carelessness",N1,noun,Personality & Character
気質,きしつ,"character, trait, temperament",N1,noun,Personality & Character
軽率,けいそつ,"thoughtless, careless, hasty",N1,noun,Personality & Character
同意,どうい,"agreement, consent; same meaning",N1,noun,Personality & Character
諸君,しょくん,"Gentlemen!, Ladies!",N1,noun,Personality & Character
人格,じんかく,"personality, character",N1,noun,Personality & Character
拝借,はいしゃく,(humble) (polite) borrowing,N1,verb,Personality & Character
紳士,しんし,gentleman,N1,noun,Personality & Character
怠慢,たいまん,"negligence, carelessness",N1,noun,Personality & Character
趣旨,しゅし,"object, meaning",N1,noun,Personality & Character
敏感,びんかん,"sensibility, susceptibility, sensitive (to)",N1,noun,Personality & Character
不審,ふしん,"suspicious, doubt, infidelity",N1,noun,Personality & Character
もしくは,もしくは,"or, otherwise",N1,noun,Personality & Character
人柄,ひとがら,"personality, character",N1,noun,Personality & Character
卑しい,いやしい,"greedy, vulgar, shabby",N1,i-adjective,Personality & Character
荒っぽい,あらっぽい,"rough, rude",N1,i-adjective,Personality & Character
ぞんざい,ぞんざい,"rude, careless, slovenly",N1,i-adjective,Personality & Character
欲深い,よくふかい,greedy,N1,i-adjective,Personality & Character
細やか,こまやか,"meager, modest",N1,na-adjective,Personality & Character
雑,ざつ,"rough, crude",N1,na-adjective,Personality & Character
治まる,おさまる,"to be at peace, to calm down",N1,verb,Personality & Character
残酷,ざんこく,"cruelty, harshness",N1,na-adjective,Personality & Character
のどか,のどか,"tranquil, calm, quiet",N1,na-adjective,Personality & Character
落ち着き,おちつき,"calm, composure",N1,na-adjective,Personality & Character
各種,かくしゅ,"every kind, all sorts",N1,na-adjective,Personality & Character
頑固,がんこ,"stubbornness, obstinacy",N1,na-adjective,Personality & Character
気立て,きだて,"good-natured, kind-hearted",N1,na-adjective,Personality & Character
敬具,けいぐ,Sincerely (used at the end of letter),N1,na-adjective,Personality & Character
いい加減,いいかげん,"random, irresponsible",N1,na-adjective,Personality & Character
誠実,せいじつ,"sincere, honest, faithful",N1,na-adjective,Personality & Character
切実,せつじつ,"compelling, serious, severe, acute",N1,na-adjective,Personality & Character
質素,しっそ,"simplicity, modesty, frugality",N1,na-adjective,Personality & Character
無礼,ぶれい,"impolite, rude",N1,na-adjective,Personality & Character
法学,ほうがく,"law, jurisprudence",N1,na-adjective,Personality & Character
謹む,つつしむ,"to be careful, to be chaste or discreet",N1,verb,Personality & Character
誠に,まことに,"indeed, really (very polite), absolutely",N1,na-adjective,Personality & Character
ずばり,ずばり,"decisively, unreservedly, frankly",N1,adverb,Personality & Character
なにとぞ,なにとぞ,"please, kindly, by all means",N1,expression,Personality & Character
煌々と,こうこうと,brightly,N1,noun,Colors & Descriptions
光沢,こうたく,"luster, glossy finish (of photographs)",N1,noun,Colors & Descriptions
凝る,こる,"to stiffen, to harden",N1,verb,Colors & Descriptions
小柄,こがら,"small, diminutive",N1,noun,Colors & Descriptions
告白,こくはく,"confession, acknowledgment",N1,noun,Colors & Descriptions
差し出す,さしだす,"to present, to submit, to hold out",N1,verb,Colors & Descriptions
焦げ茶,こげちゃ,dark brown,N1,noun,Colors & Descriptions
事柄,ことがら,"matter, thing, affair, circumstance",N1,noun,Colors & Descriptions
富む,とむ,"to be rich, to become rich",N1,verb,Colors & Descriptions
削減,さくげん,"cut, reduction",N1,noun,Colors & Descriptions
色彩,しきさい,color,N1,noun,Colors & Descriptions
鈍る,にぶる,"to become less capable, to grow dull, to become blunt, to weaken",N1,verb,Colors & Descriptions
結晶,けっしょう,"crystal, crystallization",N1,noun,Colors & Descriptions
欠乏,けつぼう,shortage,N1,noun,Colors & Descriptions
飲み込む,のみこむ,"to gulp down, to swallow deeply, to understand",N1,verb,Colors & Descriptions
兼業,けんぎょう,holding two jobs at the same time,N1,noun,Colors & Descriptions
同等,どうとう,"equality, equal, same rank",N1,noun,Colors & Descriptions
老いる,おいる,"to age, to grow old",N1,verb,Colors & Descriptions
なんだかんだ,なんだかんだ,something or other,N1,noun,Colors & Descriptions
ニュー,ニュー,new,N1,noun,Colors & Descriptions
おだてる,おだてる,to flatter,N1,verb,Colors & Descriptions
音色,ねいろ,"tone color, timbre",N1,noun,Colors & Descriptions
インフレ,インフレ,(abbr.) inflation,N1,noun,Colors & Descriptions
衰える,おとろえる,"to become weak, to decline",N1,verb,Colors & Descriptions
訴え,うったえ,"lawsuit, complaint",N1,noun,Colors & Descriptions
空ろ,うつろ,"blank, hollow, empty",N1,noun,Colors & Descriptions
固める,かためる,"to harden, to freeze, to fortify",N1,verb,Colors & Descriptions
黄金,おうごん,gold,N1,noun,Colors & Descriptions
大幅,おおはば,"full width, large scale, drastic",N1,noun,Colors & Descriptions
くぐる,くぐる,to pass through; to go around,N1,verb,Colors & Descriptions
おおまかな,おおまかな,"rough, approximate",N1,noun,Colors & Descriptions
御世辞,おせじ,"flattery, compliment",N1,noun,Colors & Descriptions
赤らむ,あからむ,"to become red, to blush",N1,verb,Colors & Descriptions
微か,かすか,"faint, dim, weak",N1,noun,Colors & Descriptions
簡素,かんそ,"simplicity, plain",N1,noun,Colors & Descriptions
あせる (こえが～),あせる (こえが～),"to fade, to discolor",N1,verb,Colors & Descriptions
窮屈,きゅうくつ,"narrow, tight, formal",N1,noun,Colors & Descriptions
強,きょう,strong,N1,noun,Colors & Descriptions
改まる,あらたまる,to be renewed; to be formal,N1,verb,Colors & Descriptions
きらびやか,きらびやか,"gorgeous, gaudy, dazzling",N1,noun,Colors & Descriptions
禁物,きんもつ,"taboo, forbidden thing",N1,noun,Colors & Descriptions
生かす,いかす,to keep something alive; to make use of,N1,verb,Colors & Descriptions
愚痴,ぐち,"idle complaint, grumble",N1,noun,Colors & Descriptions
グレー,グレー,"grey, gray",N1,noun,Colors & Descriptions
準じる,じゅんじる,"to follow, to conform, to apply to",N1,verb,Colors & Descriptions
黒字,くろじ,balance (figure) in the black,N1,noun,Colors & Descriptions
軽快,けいかい,"lively, casual, light",N1,noun,Colors & Descriptions
据え付ける,すえつける,"to install, to equip, to mount",N1,verb,Colors & Descriptions
軽減,けいげん,"reduction, lessening",N1,noun,Colors & Descriptions
赤字,あかじ,"deficit, go in the red",N1,noun,Colors & Descriptions
備え付ける,そなえつける,"to provide, to equip, to install",N1,verb,Colors & Descriptions
いかにも,いかにも,truly (same as 実に (じつに)),N1,noun,Colors & Descriptions
上位,じょうい,"superior, higher order",N1,noun,Colors & Descriptions
染める,そめる,"to dye, to color",N1,verb,Colors & Descriptions
所属,しょぞく,"attached to, belong to",N1,noun,Colors & Descriptions
庶民,しょみん,"masses, common people",N1,noun,Colors & Descriptions
奉る,たてまつる,"to offer, to do respectfully",N1,verb,Colors & Descriptions
新婚,しんこん,newly-wed,N1,noun,Colors & Descriptions
神聖,しんせい,"holiness, sacredness, dignity",N1,noun,Colors & Descriptions
貫く,つらぬく,to go through,N1,verb,Colors & Descriptions
迅速,じんそく,"quick, fast, prompt",N1,noun,Colors & Descriptions
神殿,しんでん,"temple, sacred place",N1,noun,Colors & Descriptions
剥げる,はげる,"to come off, to be worn off, to fade, to discolor",N1,verb,Colors & Descriptions
信任,しんにん,"trust, confidence, credence",N1,noun,Colors & Descriptions
正解,せいかい,"correct, right answer, solution",N1,noun,Colors & Descriptions
ぼやく,ぼやく,"to grumble, to complain",N1,verb,Colors & Descriptions
青春,せいしゅん,"youth, springtime of life, adolescent",N1,noun,Colors & Descriptions
世辞,せじ,"flattery, compliment",N1,noun,Colors & Descriptions
ぼやける,ぼやける,"to become dim, to become blurred",N1,verb,Colors & Descriptions
是正,ぜせい,"correction, revision",N1,noun,Colors & Descriptions
待望,たいぼう,"long-expected, waiting",N1,noun,Colors & Descriptions
まごつく,まごつく,"to be confused, to be flustered",N1,verb,Colors & Descriptions
打開,だかい,"solution, breakthrough",N1,noun,Colors & Descriptions
短縮,たんしゅく,"shortening, abbreviation, reduction",N1,noun,Colors & Descriptions
見逃す,みのがす,"to miss, to overlook, to leave at large",N1,verb,Colors & Descriptions
蛋白質,たんぱくしつ,protein,N1,noun,Colors & Descriptions
着色,ちゃくしょく,"coloring, coloring",N1,noun,Colors & Descriptions
やりとおす,やりとおす,"to carry through, to achieve, to complete",N1,verb,Colors & Descriptions
通常,つうじょう,"common, normal, usual",N1,noun,Colors & Descriptions
痛切,つうせつ,"keen, deep",N1,noun,Colors & Descriptions
緩める,ゆるめる,"to loosen, to slow down",N1,verb,Colors & Descriptions
訂正,ていせい,"correction, revision",N1,noun,Colors & Descriptions
デッサン,デッサン,rough sketch (FRE: dessin),N1,noun,Colors & Descriptions
弱る,よわる,"to weaken, to be troubled, to be emaciated",N1,verb,Colors & Descriptions
朗読,ろうどく,"reading aloud, recitation",N1,noun,Colors & Descriptions
悪者,わるもの,"bad fellow, rascal",N1,noun,Colors & Descriptions
引下げる,ひきさげる,"to pull down, to lower, to reduce, to withdraw",N1,verb,Colors & Descriptions
白状,はくじょう,confession,N1,noun,Colors & Descriptions
爆破,ばくは,"blast, explosion, blow up",N1,noun,Colors & Descriptions
シック,シック,chic,N1,noun,Colors & Descriptions
充実,じゅうじつ,"fullness, perfection",N1,noun,Colors & Descriptions
貧乏,びんぼう,"poverty, destitute, poor",N1,noun,Colors & Descriptions
ぶかぶか,ぶかぶか,"too big, baggy",N1,noun,Colors & Descriptions
侮辱,ぶじょく,"insult, contempt, slight",N1,noun,Colors & Descriptions
不振,ふしん,"dullness, slump, stagnation",N1,noun,Colors & Descriptions
赴任,ふにん,(proceeding to) new appointment,N1,noun,Colors & Descriptions
紛失,ふんしつ,losing something,N1,noun,Colors & Descriptions
奮闘,ふんとう,"hard struggle, strenuous effort",N1,noun,Colors & Descriptions
兵士,へいし,soldier,N1,noun,Colors & Descriptions
偏見,へんけん,"prejudice, narrow view",N1,noun,Colors & Descriptions
真下,ました,"right under, directly below",N1,noun,Colors & Descriptions
奴,やつ,"(vulg.) fellow, guy, chap",N1,noun,Colors & Descriptions
ヤング,ヤング,young,N1,noun,Colors & Descriptions
優位,ゆうい,"predominance, ascendancy, superiority",N1,noun,Colors & Descriptions
優越,ゆうえつ,"supremacy, predominance, being superior to",N1,noun,Colors & Descriptions
優勢,ゆうせい,"superiority, superior power, predominance",N1,noun,Colors & Descriptions
有望,ゆうぼう,"good prospects, full of hope, promising",N1,noun,Colors & Descriptions
原っぱ,はらっぱ,"open field, empty lot, plain",N1,noun,Colors & Descriptions
びっしょり,びっしょり,"wet through, drenched",N1,noun,Colors & Descriptions
雛,ひな,"young bird, chick, doll",N1,noun,Colors & Descriptions
乏しい,とぼしい,"meager, scarce, hard up, poor",N1,i-adjective,Colors & Descriptions
呆気ない,あっけない,"not enough, too quick (short, long, etc.)",N1,i-adjective,Colors & Descriptions
素早い,すばやい,"fast, quick",N1,i-adjective,Colors & Descriptions
素っ気無い,そっけない,"cold, short, curt, blunt",N1,i-adjective,Colors & Descriptions
たくましい,たくましい,"burly, strong, sturdy",N1,i-adjective,Colors & Descriptions
たやすい,たやすい,"easy, simple, light",N1,i-adjective,Colors & Descriptions
だるい,だるい,"sluggish, feel heavy (tired), languid",N1,i-adjective,Colors & Descriptions
紛らわしい,まぎらわしい,"confusing, misleading, ambiguous",N1,i-adjective,Colors & Descriptions
見苦しい,みぐるしい,"unsightly, ugly",N1,i-adjective,Colors & Descriptions
久しい,ひさしい,"long, long-continued, old (story)",N1,i-adjective,Colors & Descriptions
平たい,ひらたい,"flat, even, level",N1,i-adjective,Colors & Descriptions
高尚,こうしょう,"high, noble, refined",N1,na-adjective,Colors & Descriptions
ドライクリーニング,ドライクリーニング,dry cleaning,N1,na-adjective,Colors & Descriptions
清らか,きよらか,"clean, pure, chaste",N1,na-adjective,Colors & Descriptions
あやふや,あやふや,"uncertain, vague, ambiguous",N1,na-adjective,Colors & Descriptions
わざわざ,わざわざ,"take the trouble (to do), doing something especially rather than incidentally",N1,na-adjective,Colors & Descriptions
明白,めいはく,"obvious, clear",N1,na-adjective,Colors & Descriptions
粉々,こなごな,in very small pieces,N1,adverb,Colors & Descriptions
さっと,さっと,"suddenly, smoothly",N1,adverb,Colors & Descriptions
長々,ながなが,"long, drawn-out, very long",N1,adverb,Colors & Descriptions
徐行,じょこう,going slowly,N1,adverb,Colors & Descriptions
発掘,はっくつ,"excavation, exhumation; discovery (e.g., new talent)",N1,adverb,Colors & Descriptions
～光,～こう,light,N1,prefix/suffix,Colors & Descriptions
～嬢,～じょう,young woman,N1,prefix/suffix,Colors & Descriptions
～まみれ,～まみれ,"covered with (by, in) ~",N1,prefix/suffix,Colors & Descriptions
言論,げんろん,"discussion, speech",N1,noun,Communication
語彙,ごい,"vocabulary, glossary",N1,noun,Communication
言付け,ことづけ,to leave a message,N1,verb,Communication
こつ (をつかむ),こつ (をつかむ),"secret, trick, hang",N1,noun,Communication
コメント,コメント,comment,N1,noun,Communication
取り次ぐ,とりつぐ,"to act as an agent for, to announce (someone), to convey (a message)",N1,verb,Communication
参上,さんじょう,"calling on, visiting",N1,noun,Communication
同封,どうふう,"enclosure (e.g., in a letter)",N1,noun,Communication
詰る,なじる,"to rebuke, to scold, to tell off",N1,verb,Communication
討論,とうろん,discussion; debate,N1,noun,Communication
内緒,ないしょ,"secrecy, privacy, secret",N1,noun,Communication
受け入れる,うけいれる,"to accept, to receive",N1,verb,Communication
刃,は,"blade, sword",N1,noun,Communication
インフォメーション,インフォメーション,information,N1,noun,Communication
促す,うながす,"to urge, to suggest, to demand",N1,verb,Communication
受け入れ,うけいれ,"receiving, acceptance",N1,noun,Communication
エアメール,エアメール,air mail,N1,noun,Communication
問い合わせる,といあわせる,"to inquire, to seek information",N1,verb,Communication
会見,かいけん,"interview, conference",N1,noun,Communication
会談,かいだん,"conversation, interview",N1,noun,Communication
仰ぐ,あおぐ,"to look up (to), to respect; to ask for",N1,verb,Communication
該当,がいとう,"corresponding, answering to, coming under",N1,noun,Communication
片言,かたこと,"broken (in reference to speaking style, e.g., Japanese)",N1,noun,Communication
告げる,つげる,to inform,N1,verb,Communication
議題,ぎだい,"topic of discussion, agenda",N1,noun,Communication
討議,とうぎ,"debate, discussion",N1,noun,Communication
洒落る,しゃれる,"to joke, to play on words; stylish",N1,verb,Communication
暗示,あんじ,"hint, suggestion",N1,noun,Communication
消息,しょうそく,"news, letter, circumstances",N1,noun,Communication
報じる,ほうじる,"to inform, to report",N1,verb,Communication
譲歩,じょうほ,"concession, conciliation, compromise",N1,noun,Communication
助言,じょげん,"advice, suggestion",N1,noun,Communication
報ずる,ほうずる,"to inform, to report",N1,verb,Communication
進呈,しんてい,presentation,N1,noun,Communication
創刊,そうかん,"launching (e.g., newspaper, first issue)",N1,noun,Communication
申し入れる,もうしいれる,"to propose, to suggest",N1,verb,Communication
対談,たいだん,"talk, dialogue",N1,noun,Communication
代弁,だいべん,speak for another,N1,noun,Communication
申し出る,もうしでる,"to report to, to tell, to suggest",N1,verb,Communication
対話,たいわ,"conversation, dialogue",N1,noun,Communication
妥協,だきょう,"compromise, giving in",N1,noun,Communication
知性,ちせい,intelligence,N1,noun,Communication
知的,ちてき,intellectual,N1,noun,Communication
沈黙,ちんもく,"silence, reticence",N1,noun,Communication
定義,ていぎ,definition,N1,noun,Communication
提示,ていじ,"presentation, exhibit, suggest, citation",N1,noun,Communication
論議,ろんぎ,discussion,N1,noun,Communication
使命,しめい,"mission, errand, message",N1,noun,Communication
覆面,ふくめん,"mask, veil, disguise",N1,noun,Communication
弁論,べんろん,"discussion, debate, argument",N1,noun,Communication
無言,むごん,silence,N1,noun,Communication
メディア,メディア,media,N1,noun,Communication
面会,めんかい,interview,N1,noun,Communication
申出,もうしで,"request, claim, report",N1,noun,Communication
持ち切り,もちきり,"hot topic, talk of the town",N1,noun,Communication
要望,ようぼう,"demand for, request",N1,noun,Communication
密か,ひそか,"secret, private, surreptitious",N1,noun,Communication
人気,ひとけ,sign of life,N1,noun,Communication
見合い,みあい,formal marriage interview,N1,i-adjective,Communication
特集,とくしゅう,"feature (e.g., newspaper, special edition, report)",N1,na-adjective,Communication
受身,うけみ,"passive, passive voice",N1,na-adjective,Communication
～宛,～あて,"for…(e.g., In a letter)",N1,prefix/suffix,Communication
拝啓,はいけい,-- a formal greeting used at the beginning of a letter --,N1,expression,Communication
原点,げんてん,"origin (coordinates, starting point)",N1,noun,Nature & Weather
鉱山,こうざん,mine,N1,noun,Nature & Weather
降水,こうすい,"rainfall, precipitation",N1,noun,Nature & Weather
洪水,こうずい,flood,N1,noun,Nature & Weather
語源,ごげん,"word root, word derivation, etymology",N1,noun,Nature & Weather
梢,こずえ,treetop,N1,noun,Nature & Weather
詐欺,さぎ,"fraud, swindle",N1,noun,Nature & Weather
山岳,さんがく,mountains,N1,noun,Nature & Weather
山腹,さんぷく,"hillside, mountainside",N1,noun,Nature & Weather
山脈,さんみゃく,mountain range,N1,noun,Nature & Weather
潮,しお,tide,N1,noun,Nature & Weather
冬眠,とうみん,"hibernation, winter sleep",N1,noun,Nature & Weather
とげ (をさす),とげ (をさす),thorn,N1,noun,Nature & Weather
土俵,どひょう,arena,N1,noun,Nature & Weather
土木,どぼく,public works,N1,noun,Nature & Weather
渚,なぎさ,"water's edge, beach, shore",N1,noun,Nature & Weather
恋する,こいする,"to fall in love with, to love",N1,verb,Nature & Weather
雪崩,なだれ,avalanche,N1,noun,Nature & Weather
沼,ぬま,"swamp, bog, pond",N1,noun,Nature & Weather
排水,はいすい,drainage,N1,noun,Nature & Weather
稲光,いなびかり,(flash of) lightning,N1,noun,Nature & Weather
印鑑,いんかん,"stamp, seal",N1,noun,Nature & Weather
雨天,うてん,rainy weather,N1,noun,Nature & Weather
沿岸,えんがん,"coast, shore",N1,noun,Nature & Weather
大空,おおぞら,"heaven, the sky",N1,noun,Nature & Weather
大水,おおみず,flood,N1,noun,Nature & Weather
海運,かいうん,marine transportation,N1,noun,Nature & Weather
海峡,かいきょう,channel,N1,noun,Nature & Weather
海抜,かいばつ,height above sea level,N1,noun,Nature & Weather
海流,かいりゅう,ocean current,N1,noun,Nature & Weather
海路,かいろ,sea route,N1,noun,Nature & Weather
崖,がけ,cliff,N1,noun,Nature & Weather
火星,かせい,Mars,N1,noun,Nature & Weather
植わる,うわる,to be planted,N1,verb,Nature & Weather
化石,かせき,"fossil, petrifaction, fossilization",N1,noun,Nature & Weather
河川,かせん,rivers,N1,noun,Nature & Weather
花壇,かだん,flower bed,N1,noun,Nature & Weather
花粉,かふん,pollen,N1,noun,Nature & Weather
岩石,がんせき,rock,N1,noun,Nature & Weather
気象,きしょう,"weather, climate",N1,noun,Nature & Weather
起点,きてん,starting point,N1,noun,Nature & Weather
気風,きふう,"character, traits, ethos",N1,noun,Nature & Weather
記名,きめい,"signature, register",N1,noun,Nature & Weather
球根,きゅうこん,(plant) bulb,N1,noun,Nature & Weather
凶作,きょうさく,"bad harvest, poor crop",N1,noun,Nature & Weather
郷土,きょうど,homeland,N1,noun,Nature & Weather
空間,くうかん,"space, room, airspace",N1,noun,Nature & Weather
空腹,くうふく,hunger,N1,noun,Nature & Weather
茎,くき,stalk,N1,noun,Nature & Weather
逃走,とうそう,"flight, desertion, escape",N1,noun,Nature & Weather
しくじる,しくじる,"to fail, to fall through, to blunder",N1,verb,Nature & Weather
軸,じく,"axis, stem, shaft",N1,noun,Nature & Weather
雨具,あまぐ,rain gear,N1,noun,Nature & Weather
樹木,じゅもく,"trees and shrubs, arbor",N1,noun,Nature & Weather
上空,じょうくう,"sky, high-altitude sky, upper air",N1,noun,Nature & Weather
吹奏,すいそう,playing wind instruments,N1,noun,Nature & Weather
星座,せいざ,constellation,N1,noun,Nature & Weather
短波,たんぱ,short wave,N1,noun,Nature & Weather
調印,ちょういん,"signature, sign, sealing",N1,noun,Nature & Weather
津波,つなみ,"tsunami, tidal wave",N1,noun,Nature & Weather
蕾,つぼみ,"bud, flower bud",N1,noun,Nature & Weather
鉄棒,てつぼう,"iron rod, crowbar, horizontal bar (gymnastics)",N1,noun,Nature & Weather
天,てん,"heaven, sky",N1,noun,Nature & Weather
惑星,わくせい,planet,N1,noun,Nature & Weather
視野,しや,"field of vision, outlook",N1,noun,Nature & Weather
砂利,じゃり,"gravel, ballast, pebbles",N1,noun,Nature & Weather
種,しゅ,seed; variety,N1,noun,Nature & Weather
案じる,あんじる,"to be anxious, to ponder",N1,verb,Nature & Weather
封,ふう,seal,N1,noun,Nature & Weather
風車,ふうしゃ,windmill,N1,noun,Nature & Weather
風習,ふうしゅう,custom,N1,noun,Nature & Weather
風土,ふうど,"natural features, climate",N1,noun,Nature & Weather
不順,ふじゅん,"irregularity, unseasonableness",N1,noun,Nature & Weather
暴風,ぼうふう,"storm, windstorm, gale",N1,noun,Nature & Weather
ほとり,ほとり,vicinity of lake; river,N1,noun,Nature & Weather
満月,まんげつ,full moon,N1,noun,Nature & Weather
幹,みき,(tree) trunk,N1,noun,Nature & Weather
夕焼け,ゆうやけ,sunset,N1,noun,Nature & Weather
洋風,ようふう,western style,N1,noun,Nature & Weather
領海,りょうかい,territorial waters,N1,noun,Nature & Weather
領土,りょうど,"territory, possession",N1,noun,Nature & Weather
林業,りんぎょう,forestry,N1,noun,Nature & Weather
花びら,はなびら,(flower) petal,N1,noun,Nature & Weather
浜,はま,"beach, seashore",N1,noun,Nature & Weather
"(花を〜) 生ける, 活ける",(はなを～) いける,to arrange (flowers),N1,verb,Nature & Weather
浜辺,はまべ,"beach, foreshore",N1,noun,Nature & Weather
氾濫,はんらん,"overflowing, flood",N1,noun,Nature & Weather
日向,ひなた,"sunny place, in the sun",N1,noun,Nature & Weather
火花,ひばな,spark,N1,noun,Nature & Weather
行き違い,いきちがい,"misunderstanding, disagreement",N1,i-adjective,Nature & Weather
みすぼらしい,みすぼらしい,"shabby, seedy",N1,i-adjective,Nature & Weather
空しい,むなしい,"vacant, futile, vain",N1,i-adjective,Nature & Weather
雑木,ぞうき,"various kinds of small trees, assorted trees",N1,na-adjective,Nature & Weather
豊作,ほうさく,"abundant harvest, bumper crop",N1,na-adjective,Nature & Weather
公団,こうだん,public corporation,N1,noun,Animals & Nature
昆虫,こんちゅう,"insect, bug",N1,noun,Animals & Nature
サンタクロース,サンタクロース,Santa Claus,N1,noun,Animals & Nature
こじれる,こじれる,"to get complicated, to grow worse",N1,verb,Animals & Nature
賛美,さんび,"praise, adoration, glorification",N1,noun,Animals & Nature
獣,けだもの,"beast, brute",N1,noun,Animals & Nature
獣,けもの,"beast, brute",N1,noun,Animals & Nature
凝らす,こらす,"to concentrate, to devote, to peer into",N1,verb,Animals & Nature
登録,とうろく,"registration, register, record",N1,noun,Animals & Nature
届,とどけ,"report, notification, registration",N1,noun,Animals & Nature
鳥居,とりい,Shinto shrine archway,N1,noun,Animals & Nature
さえずる,さえずる,"to sing, to chirp, to twitter",N1,verb,Animals & Nature
とろける,とろける,melt; to be enchanted with,N1,noun,Animals & Nature
内乱,ないらん,"civil war, domestic conflict",N1,noun,Animals & Nature
荷造り,にづくり,"packing, baling, crating",N1,noun,Animals & Nature
唱える,となえる,"to recite, to chant, to call upon",N1,verb,Animals & Nature
念願,ねんがん,"one's heart's desire, earnest petition",N1,noun,Animals & Nature
祈り,いのり,"prayer, supplication",N1,noun,Animals & Nature
移民,いみん,"emigrant, immigrant",N1,noun,Animals & Nature
賑わう,にぎわう,"to prosper, to flourish, to be crowded with people",N1,verb,Animals & Nature
写し,うつし,"copy, duplicate",N1,noun,Animals & Nature
運用,うんよう,"making use of, application, practical use",N1,noun,Animals & Nature
遠方,えんぽう,"long way, distant place",N1,noun,Animals & Nature
受け付ける,うけつける,"to be accepted, to receive (an application)",N1,verb,Animals & Nature
応募,おうぼ,"subscription, application",N1,noun,Animals & Nature
おどおど,おどおど,"coweringly, hesitantly",N1,noun,Animals & Nature
改悪,かいあく,"deterioration, changing for the worse",N1,noun,Animals & Nature
受け止める,うけとめる,"to catch, to react to, to take",N1,verb,Animals & Nature
カクテル,カクテル,cocktail,N1,noun,Animals & Nature
家畜,かちく,"domestic animals, livestock, cattle",N1,noun,Animals & Nature
カテゴリー,カテゴリー,category,N1,noun,Animals & Nature
犯す,おかす,"to perpetrate, to violate",N1,verb,Animals & Nature
過密,かみつ,crowded,N1,noun,Animals & Nature
願書,がんしょ,application form,N1,noun,Animals & Nature
観覧,かんらん,viewing,N1,noun,Animals & Nature
押し込む,おしこむ,"to push into, to crowd into",N1,verb,Animals & Nature
兆,きざし,"sign, omen, indication",N1,noun,Animals & Nature
華奢,きゃしゃ,"delicate, slender",N1,noun,Animals & Nature
キャッチ,キャッチ,catch,N1,noun,Animals & Nature
叶える,かなえる,"to grant (request, wish)",N1,verb,Animals & Nature
行政,ぎょうせい,administration,N1,noun,Animals & Nature
統合,とうごう,"integration, unification, synthesis",N1,noun,Animals & Nature
悪化,あっか,"deterioration, worsen",N1,noun,Animals & Nature
噛み切る,かみきる,"to bite off, to gnaw through",N1,verb,Animals & Nature
移住,いじゅう,"migration, immigration",N1,noun,Animals & Nature
詳細,しょうさい,"detail, particulars",N1,noun,Animals & Nature
象徴,しょうちょう,symbol,N1,noun,Animals & Nature
きしむ,きしむ,"to jar, to creak, to grate",N1,verb,Animals & Nature
生育,せいいく,"growth, development, breeding",N1,noun,Animals & Nature
政権,せいけん,"(political) administration, political power",N1,noun,Animals & Nature
宣言,せんげん,"declaration, proclamation, announcement",N1,noun,Animals & Nature
給う,たまう,"to receive, to grant",N1,verb,Animals & Nature
潜入,せんにゅう,"infiltration, sneaking in",N1,noun,Animals & Nature
騒動,そうどう,"strife, riot, rebellion",N1,noun,Animals & Nature
育ち,そだち,"breeding, growth",N1,noun,Animals & Nature
賜る,たまわる,"to grant, to bestow",N1,verb,Animals & Nature
存続,そんぞく,"duration, continuance",N1,noun,Animals & Nature
探検,たんけん,"exploration, expedition",N1,noun,Animals & Nature
畜生,ちくしょう,"beast, brute, damn",N1,noun,Animals & Nature
仕立てる,したてる,"to tailor, to make, to prepare",N1,verb,Animals & Nature
窒息,ちっそく,suffocation,N1,noun,Animals & Nature
抽選,ちゅうせん,"lottery, raffle, drawing (of lots)",N1,noun,Animals & Nature
蝶,ちょう,butterfly,N1,noun,Animals & Nature
隔たる,へだたる,to be distant,N1,verb,Animals & Nature
調停,ちょうてい,"arbitration, conciliation, mediation",N1,noun,Animals & Nature
重複,ちょうふく,"duplication, repetition, overlapping, redundancy, restoration",N1,noun,Animals & Nature
角,つの,horn,N1,noun,Animals & Nature
ばらまく,ばらまく,"to disseminate, to scatter",N1,verb,Animals & Nature
デコレーション,デコレーション,decoration,N1,noun,Animals & Nature
デモンストレーション,デモンストレーション,demonstration,N1,noun,Animals & Nature
渡り鳥,わたりどり,"migratory bird, bird of passage",N1,noun,Animals & Nature
引っ掻く,ひっかく,to scratch,N1,verb,Animals & Nature
蜂蜜,はちみつ,honey,N1,noun,Animals & Nature
司法,しほう,administration of justice,N1,noun,Animals & Nature
弱,じゃく,"delicate, supple",N1,noun,Animals & Nature
冷やかす,ひやかす,"to banter, to make fun of, to jeer at, to cool, to refrigerate",N1,verb,Animals & Nature
従事,じゅうじ,"engaging, pursuing, following",N1,noun,Animals & Nature
重複,じゅうふく,"duplication, repetition, overlapping",N1,noun,Animals & Nature
貧弱,ひんじゃく,"poor, meager, insubstantial",N1,noun,Animals & Nature
復活,ふっかつ,"revival (e.g., musical), restoration",N1,noun,Animals & Nature
復旧,ふっきゅう,"restoration, restitution, rehabilitation",N1,noun,Animals & Nature
噴出,ふんしゅつ,"spewing, gushing, spouting",N1,noun,Animals & Nature
弁解,べんかい,"explanation, justification, excuse",N1,noun,Animals & Nature
飽和,ほうわ,saturation,N1,noun,Animals & Nature
捕鯨,ほげい,whaling,N1,noun,Animals & Nature
密集,みっしゅう,"crowd, close formation, dense",N1,noun,Animals & Nature
申込,もうしこみ,"application, request, proposal",N1,noun,Animals & Nature
野心,やしん,"ambition, aspiration",N1,noun,Animals & Nature
野生,やせい,wild,N1,noun,Animals & Nature
幽霊,ゆうれい,"ghost, specter, phantom",N1,noun,Animals & Nature
要請,ようせい,"claim, demand, request, application",N1,noun,Animals & Nature
欲,よく,"greed, wants",N1,noun,Animals & Nature
予言,よげん,"prediction, promise, prognostication",N1,noun,Animals & Nature
利点,りてん,"advantage, point in favor",N1,noun,Animals & Nature
遥か,はるか,"far, far-away, distant",N1,noun,Animals & Nature
反感,はんかん,"antipathy, revolt, animosity",N1,noun,Animals & Nature
パンク,パンク,"puncture, bursting; punk",N1,noun,Animals & Nature
繁殖,はんしょく,"breed, multiply, propagation",N1,noun,Animals & Nature
反乱,はんらん,"rebellion, revolt, uprising",N1,noun,Animals & Nature
標語,ひょうご,"motto, slogan, catchword",N1,noun,Animals & Nature
快い,こころよい,"pleasant, agreeable",N1,i-adjective,Animals & Nature
いやらしい,いやらしい,"unpleasant, disgusting, indecent",N1,i-adjective,Animals & Nature
煩わしい,わずらわしい,"burdensome, troublesome, complicated",N1,i-adjective,Animals & Nature
ややこしい,ややこしい,"puzzling, tangled, complicated, complex",N1,i-adjective,Animals & Nature
ロマンチック,ロマンチック,romantic,N1,na-adjective,Animals & Nature
ふんだん,ふんだん,"plentiful, abundant, lavish",N1,na-adjective,Animals & Nature
かろうじて,かろうじて,"barely, narrowly",N1,adverb,Animals & Nature
勇敢,ゆうかん,"bravery, heroism, gallantry",N1,adverb,Animals & Nature
～どころか,～どころか,"rather, far from",N1,prefix/suffix,Animals & Nature
兼用,けんよう,"multi-use, combined use",N1,noun,Actions & Movement
込める,こめる,"to include, to put into",N1,verb,Actions & Movement
合意,ごうい,"agreement, consent, mutual understanding",N1,noun,Actions & Movement
捧げる,ささげる,"to lift up, to give, to offer",N1,verb,Actions & Movement
向上,こうじょう,"rise, improvement, progress",N1,noun,Actions & Movement
摩する,さする,"to rub, to stroke",N1,verb,Actions & Movement
合成,ごうせい,"synthetic, mixed",N1,noun,Actions & Movement
定まる,さだまる,"to become settled, to be fixed",N1,verb,Actions & Movement
抗争,こうそう,"dispute, resistance",N1,noun,Actions & Movement
仕上げる,しあげる,"to finish up, to complete",N1,verb,Actions & Movement
混同,こんどう,"confusion, mixing, merger",N1,noun,Actions & Movement
遂げる,とげる,"to accomplish, to achieve, to carry out",N1,verb,Actions & Movement
コンパス,コンパス,compass,N1,noun,Actions & Movement
途絶える,とだえる,"to stop, to cease, to come to an end",N1,verb,Actions & Movement
再現,さいげん,"reproduction, return, revival",N1,noun,Actions & Movement
整える,ととのえる,"to put in order, to arrange, to adjust; to get ready, to prepare; to raise money",N1,verb,Actions & Movement
再発,さいはつ,"return, relapse, reoccurrence",N1,noun,Actions & Movement
止める,とどめる,"to end, to stop, to cease, to resign",N1,verb,Actions & Movement
産休,さんきゅう,maternity leave,N1,noun,Actions & Movement
取り立てる,とりたてる,"to collect, to extort",N1,verb,Actions & Movement
仕上がり,しあがり,"finish, end, completion",N1,noun,Actions & Movement
取り除く,とりのぞく,"to remove, to take away, to set apart",N1,verb,Actions & Movement
仕上,しあげ,"end, finishing touches",N1,noun,Actions & Movement
取り混ぜる,とりまぜる,"to mix, to put together",N1,verb,Actions & Movement
流し,ながし,sink,N1,noun,Actions & Movement
取り寄せる,とりよせる,"to order, to send away for",N1,verb,Actions & Movement
粘り,ねばり,"stickiness, viscosity",N1,noun,Actions & Movement
似通う,にかよう,to resemble closely,N1,verb,Actions & Movement
把握,はあく,"grasp, catch, understanding",N1,noun,Actions & Movement
滲む,にじむ,"to run, to blur, to spread",N1,verb,Actions & Movement
配置,はいち,"arrangement (of resources), disposition",N1,noun,Actions & Movement
抜かす,ぬかす,"to omit, to leave out",N1,verb,Actions & Movement
動き,うごき,"movement, activity, trend",N1,noun,Actions & Movement
乗り込む,のりこむ,"to board, to get into (a car); to march into, to enter",N1,verb,Actions & Movement
厳か,おごそか,"majestic, dignified",N1,noun,Actions & Movement
営む,いとなむ,"to carry on (e.g., in ceremony), to run a business",N1,verb,Actions & Movement
落葉,おちば,fallen leaves,N1,noun,Actions & Movement
打ち切る,うちきる,"to stop, to abort, to discontinue, to close",N1,verb,Actions & Movement
開催,かいさい,"holding a meeting, open an exhibition",N1,noun,Actions & Movement
侵す,おかす,"to invade, to raid, to trespass",N1,verb,Actions & Movement
改修,かいしゅう,"repair, improvement",N1,noun,Actions & Movement
押し寄せる,おしよせる,"to push aside, to advance on",N1,verb,Actions & Movement
確定,かくてい,"fixed, decision",N1,noun,Actions & Movement
訪れる,おとずれる,to visit,N1,verb,Actions & Movement
獲得,かくとく,"acquisition, possession",N1,noun,Actions & Movement
折り返す,おりかえす,"to turn up, to fold back",N1,verb,Actions & Movement
カット,カット,"cut, cutting",N1,noun,Actions & Movement
掲げる,かかげる,"to hoist, to fly (a sail), to float (a flag)",N1,verb,Actions & Movement
還元,かんげん,"resolution, reduction, return",N1,noun,Actions & Movement
かさむ,かさむ,"to pile up, to increase",N1,verb,Actions & Movement
感度,かんど,"sensitivity, severity (quake)",N1,noun,Actions & Movement
擦る,かする,"to rub, to chafe",N1,verb,Actions & Movement
貫禄,かんろく,"presence, dignity",N1,noun,Actions & Movement
傾ける,かたむける,"to incline, to tilt, to bend",N1,verb,Actions & Movement
規格,きかく,"standard, norm",N1,noun,Actions & Movement
食い違う,くいちがう,"to cross each other, to differ",N1,verb,Actions & Movement
帰京,ききょう,returning to Tokyo,N1,noun,Actions & Movement
覆す,くつがえす,"to overturn, to upset, to overthrow",N1,verb,Actions & Movement
逆転,ぎゃくてん,"(sudden) change, reversal, turn-around",N1,noun,Actions & Movement
組み込む,くみこむ,"to insert, to include, to cut in (printing)",N1,verb,Actions & Movement
協定,きょうてい,"arrangement, pact, agreement",N1,noun,Actions & Movement
組み合わせる,くみあわせる,"to join together, to combine, to join up",N1,verb,Actions & Movement
区切り,くぎり,"an end, a stop, punctuation",N1,noun,Actions & Movement
転じる,てんじる,"to turn, to shift",N1,verb,Actions & Movement
屈折,くっせつ,"bending, indentation, refraction",N1,noun,Actions & Movement
転ずる,てんずる,"to turn, to shift",N1,verb,Actions & Movement
経過,けいか,"passage, progress",N1,noun,Actions & Movement
沈める,しずめる,"to sink, to submerge",N1,verb,Actions & Movement
転落,てんらく,"fall, degradation",N1,noun,Actions & Movement
あつらえる,あつらえる,"to give an order, to place an order",N1,verb,Actions & Movement
動向,どうこう,"trend, tendency, movement, attitude",N1,noun,Actions & Movement
歩む,あゆむ,to walk,N1,verb,Actions & Movement
雫,しずく,drop (of water),N1,noun,Actions & Movement
いじる,いじる,"to touch, to tamper with",N1,verb,Actions & Movement
持続,じぞく,"continuation, endurance",N1,noun,Actions & Movement
据える,すえる,"to set, to lay, to place",N1,verb,Actions & Movement
後回し,あとまわし,"putting off, postponing",N1,noun,Actions & Movement
済ます,すます,to finish; to settle; to do without,N1,verb,Actions & Movement
あべこべ,あべこべ,"contrary, opposite, inverse",N1,noun,Actions & Movement
擦れる,すれる,"to rub, to chafe",N1,verb,Actions & Movement
異性,いせい,the opposite sex,N1,noun,Actions & Movement
そらす,そらす,"to bend, to warp",N1,verb,Actions & Movement
上昇,じょうしょう,"rising, ascending, climbing",N1,noun,Actions & Movement
耐える,たえる,"to endure, to put up with",N1,verb,Actions & Movement
新築,しんちく,"new building, new construction",N1,noun,Actions & Movement
堪える,たえる,"to endure, to put up with",N1,verb,Actions & Movement
辛抱,しんぼう,"patience, endurance",N1,noun,Actions & Movement
漂う,ただよう,"to drift about, to float, to hang in air",N1,verb,Actions & Movement
ストライキ,ストライキ,strike,N1,noun,Actions & Movement
立ち寄る,たちよる,"to stop by, to drop in for a short visit",N1,verb,Actions & Movement
スト,スト,(abbr.) strike,N1,noun,Actions & Movement
垂れる,たれる,"to hang, to droop; to drip",N1,verb,Actions & Movement
ずるずる,ずるずる,"dragging on, sound of sniffling",N1,noun,Actions & Movement
繕う,つくろう,"to mend, to repair",N1,verb,Actions & Movement
すんなり,すんなり,"pass with no objection, slim, slender",N1,noun,Actions & Movement
突く,つつく,"to thrust, to strike, to attack; to poke, to nudge, to pick at",N1,verb,Actions & Movement
整列,せいれつ,"stand in a row, form a line",N1,noun,Actions & Movement
連なる,つらなる,"to extend, to stretch out, to stand in a row",N1,verb,Actions & Movement
切開,せっかい,"opening up, cutting through",N1,noun,Actions & Movement
連ねる,つらねる,"to link, to join, to put together",N1,verb,Actions & Movement
接触,せっしょく,"touch, contact",N1,noun,Actions & Movement
果たす,はたす,"to accomplish, to fulfill, to carry out, to achieve",N1,verb,Actions & Movement
折衷,せっちゅう,"compromise, cross, blending, eclecticism",N1,noun,Actions & Movement
凌ぐ,しのぐ,"to outdo, to surpass; to endure",N1,verb,Actions & Movement
前提,ぜんてい,"preamble, premise, prerequisite",N1,noun,Actions & Movement
勝る,まさる,"to excel, to surpass, to out-rival",N1,verb,Actions & Movement
外方,そっぽ,look (or turn) the other way,N1,noun,Actions & Movement
交える,まじえる,"to mix, to converse with, to cross (swords)",N1,verb,Actions & Movement
溜まり,たまり,"collected things, gathering place, arrears",N1,noun,Actions & Movement
交わる,まじわる,"to cross, to intersect, to mingle with,",N1,verb,Actions & Movement
担架,たんか,"stretcher, litter",N1,noun,Actions & Movement
乱す,みだす,"to throw out of order, to disarrange, to disturb",N1,verb,Actions & Movement
断面,だんめん,cross section,N1,noun,Actions & Movement
結び付ける,むすびつける,"to combine, to join, to tie on, to attach with a knot",N1,verb,Actions & Movement
着陸,ちゃくりく,"landing, touch down",N1,noun,Actions & Movement
召す,めす,"to call, to send for, to put on",N1,verb,Actions & Movement
着工,ちゃっこう,start of (construction) work,N1,noun,Actions & Movement
もめる,もめる,"to disagree, to dispute",N1,verb,Actions & Movement
中枢,ちゅうすう,"center, mainstay, nucleus",N1,noun,Actions & Movement
有する,ゆうする,"to own, to be endowed with",N1,verb,Actions & Movement
墜落,ついらく,"falling, crashing",N1,noun,Actions & Movement
揺さぶる,ゆさぶる,"to shake, to jolt, to rock, to swing",N1,verb,Actions & Movement
唾,つば,"saliva, spit, sputum",N1,noun,Actions & Movement
揺らぐ,ゆらぐ,"to swing, to sway, to shake",N1,verb,Actions & Movement
出直し,でなおし,"adjustment, touch up",N1,noun,Actions & Movement
果てる,はてる,"to end, to be finished, to be exhausted",N1,verb,Actions & Movement
迫害,はくがい,persecution,N1,noun,Actions & Movement
引き上げる,ひきあげる,"to withdraw, to leave, to pull out",N1,verb,Actions & Movement
派遣,はけん,"dispatch, send",N1,noun,Actions & Movement
引きずる,ひきずる,"to drag along, to pull, to prolong",N1,verb,Actions & Movement
失脚,しっきゃく,"losing one's standing, being overthrown, falling",N1,noun,Actions & Movement
収益,しゅうえき,"earnings, proceeds, returns",N1,noun,Actions & Movement
終始,しゅうし,from beginning to end; consistent(ly),N1,noun,Actions & Movement
収集,しゅうしゅう,"gathering up, collection",N1,noun,Actions & Movement
復興,ふっこう,"revival, renaissance, reconstruction",N1,noun,Actions & Movement
ぶらぶら,ぶらぶら,"dangle heavily, sway to and fro, stroll idly",N1,noun,Actions & Movement
紛争,ふんそう,"dispute, trouble, strife",N1,noun,Actions & Movement
分裂,ぶんれつ,"split, division, break up",N1,noun,Actions & Movement
返還,へんかん,"return, restoration",N1,noun,Actions & Movement
変遷,へんせん,"change, transition, vicissitudes",N1,noun,Actions & Movement
放出,ほうしゅつ,"release, emit",N1,noun,Actions & Movement
冒頭,ぼうとう,"beginning, start, outset",N1,noun,Actions & Movement
没落,ぼつらく,"ruin, fall, collapse",N1,noun,Actions & Movement
密接,みっせつ,"connected, close, intimate",N1,noun,Actions & Movement
密度,みつど,density,N1,noun,Actions & Movement
結び,むすび,"ending, conclusion, union",N1,noun,Actions & Movement
滅亡,めつぼう,"downfall, collapse, destruction",N1,noun,Actions & Movement
落下,らっか,"fall, drop, come down",N1,noun,Actions & Movement
利潤,りじゅん,"profit, returns",N1,noun,Actions & Movement
了解,りょうかい,"comprehension, consent, understanding",N1,noun,Actions & Movement
果て,はて,"the end, the extremity, the limit(s)",N1,noun,Actions & Movement
破裂,はれつ,"explosion, rupture, break off",N1,noun,Actions & Movement
争い,あらそい,"dispute, quarrel, conflict",N1,i-adjective,Actions & Movement
厳密,げんみつ,"strict, close",N1,na-adjective,Actions & Movement
好評,こうひょう,"popularity, favorable reputation",N1,na-adjective,Actions & Movement
堂々,どうどう,"magnificent, grand, impressive",N1,na-adjective,Actions & Movement
特派,とくは,"send specially, special envoy",N1,na-adjective,Actions & Movement
根回し,ねまわし,making necessary arrangements,N1,na-adjective,Actions & Movement
複合,ふくごう,"composite, complex",N1,na-adjective,Actions & Movement
未定,みてい,"not yet fixed, undecided, pending",N1,adverb,Actions & Movement
構想,こうそう,"plan, plot, idea, conception",N1,noun,Thinking & Learning
心得,こころえ,"knowledge, information",N1,noun,Thinking & Learning
志す,こころざす,"to plan, to intend, to aspire to",N1,verb,Thinking & Learning
度忘れ,どわすれ,"lapse of memory, forget for a moment",N1,noun,Thinking & Learning
慣れ,なれ,"practice, experience",N1,noun,Thinking & Learning
懲りる,こりる,"to learn by experience, to be disgusted with",N1,verb,Thinking & Learning
ナンセンス,ナンセンス,nonsense,N1,noun,Thinking & Learning
閲覧,えつらん,"inspection, reference, browse",N1,noun,Thinking & Learning
定める,さだめる,"to decide, to determine",N1,verb,Thinking & Learning
覚え,おぼえ,"memory, sense, experience",N1,noun,Thinking & Learning
思い付き,おもいつき,"plan, idea, suggestion",N1,noun,Thinking & Learning
察する,さっする,"to guess, to sense, to judge",N1,verb,Thinking & Learning
概念,がいねん,"general idea, concept, notion",N1,noun,Thinking & Learning
驚異,きょうい,"wonder, miracle",N1,noun,Thinking & Learning
取り調べる,とりしらべる,"to investigate, to examine",N1,verb,Thinking & Learning
疑惑,ぎわく,"doubt, misgivings, suspicion",N1,noun,Thinking & Learning
事項,じこう,"matter(s), item(s), facts",N1,noun,Thinking & Learning
成り立つ,なりたつ,"to consist of; to be practical (logical, feasible, viable), to be concluded, to hold true",N1,verb,Thinking & Learning
視察,しさつ,"inspection, observation",N1,noun,Thinking & Learning
証拠,しょうこ,"evidence, proof",N1,noun,Thinking & Learning
見落とす,みおとす,"to overlook, to fail to notice",N1,verb,Thinking & Learning
推測,すいそく,"guess, conjecture",N1,noun,Thinking & Learning
論理,ろんり,logic,N1,noun,Thinking & Learning
見なす,みなす,"to consider as, to regard",N1,verb,Thinking & Learning
実態,じったい,"truth, fact",N1,noun,Thinking & Learning
修行,しゅぎょう,"pursuit of knowledge, training, ascetic practice",N1,noun,Thinking & Learning
引き起こす,ひきおこす,to cause,N1,verb,Thinking & Learning
不意,ふい,"sudden, abrupt, unexpected",N1,noun,Thinking & Learning
纏め,まとめ,"settlement, conclusion",N1,noun,Thinking & Learning
見込み,みこみ,"prospects, expectation, hope",N1,noun,Thinking & Learning
無断,むだん,"without permission, without notice",N1,noun,Thinking & Learning
故,ゆえ,"reason, cause, circumstances",N1,noun,Thinking & Learning
要因,よういん,"primary factor, main cause",N1,noun,Thinking & Learning
理屈,りくつ,"theory, reason",N1,noun,Thinking & Learning
理性,りせい,"reason, sense",N1,noun,Thinking & Learning
良識,りょうしき,good sense,N1,noun,Thinking & Learning
了承,りょうしょう,"acknowledgment, understanding",N1,noun,Thinking & Learning
張り紙,はりがみ,"notice, poster",N1,noun,Thinking & Learning
心細い,こころぼそい,"helpless, hopeless, discouraging",N1,i-adjective,Thinking & Learning
望ましい,のぞましい,"desirable, hoped for",N1,i-adjective,Thinking & Learning
賢明,けんめい,"wisdom, intelligence, prudence",N1,na-adjective,Thinking & Learning
孤立,こりつ,"isolation, helplessness",N1,noun,Social & Relationships
式場,しきじょう,"ceremonial hall, place of ceremony (e.g., marriage)",N1,noun,Social & Relationships
しきたり,しきたり,"custom, conventional practice, tradition",N1,noun,Social & Relationships
ゲスト,ゲスト,guest,N1,noun,Social & Relationships
仲人,なこうど,"go-between, matchmaker",N1,noun,Social & Relationships
お供,おとも,"attendant, companion",N1,noun,Social & Relationships
加入,かにゅう,"becoming a member, admission",N1,noun,Social & Relationships
慣習,かんしゅう,usual (historical) custom,N1,noun,Social & Relationships
慣例,かんれい,"custom, precedent, of convention",N1,noun,Social & Relationships
客観,きゃっかん,objective,N1,noun,Social & Relationships
協会,きょうかい,"association, society, organization",N1,noun,Social & Relationships
群集,ぐんしゅう,"(social) group, crowd, mob",N1,noun,Social & Relationships
群衆,ぐんしゅう,"(social) group, crowd, mob",N1,noun,Social & Relationships
セレモニー,セレモニー,ceremony,N1,noun,Social & Relationships
助け,たすけ,assistance,N1,noun,Social & Relationships
旦那,だんな,"master (of house), husband (informal)",N1,noun,Social & Relationships
提携,ていけい,"cooperation, tie-up, joint business",N1,noun,Social & Relationships
社交,しゃこう,social life,N1,noun,Social & Relationships
風俗,ふうぞく,"manners, customs; sex industry",N1,noun,Social & Relationships
補助,ほじょ,"assistance, support, auxiliary",N1,noun,Social & Relationships
招き,まねき,invitation,N1,noun,Social & Relationships
旅客,りょかく,passenger,N1,noun,Social & Relationships
人質,ひとじち,hostage,N1,noun,Social & Relationships
殊に,ことに,"especially, above all",N1,na-adjective,Social & Relationships
副,とりわけ,"especially, above all",N1,na-adjective,Social & Relationships
元来,がんらい,"originally, naturally",N1,adverb,Social & Relationships
つくづく,つくづく,"completely, really",N1,adverb,Social & Relationships
ぼつぼつ,ぼつぼつ,"gradually, here and there, spots",N1,adverb,Social & Relationships
募る,つのる,"to invite, to solicit help, participation, etc",N1,verb,Social & Relationships
～派,～は,"group, party, section (mil)",N1,prefix/suffix,Social & Relationships
サイクル,サイクル,cycle,N1,noun,Sports & Activities
決勝,けっしょう,finals (in sports),N1,noun,Sports & Activities
得点,とくてん,"score, points made",N1,noun,Sports & Activities
投げ出す,なげだす,"to abandon, to throw out",N1,verb,Sports & Activities
ナイター,ナイター,"game under lights (e.g., baseball), night game",N1,noun,Sports & Activities
名残,なごり,"remains, traces, memory",N1,noun,Sports & Activities
幹線,かんせん,"main line, trunk line",N1,noun,Sports & Activities
逃げ出す,にげだす,"to run away, to escape from",N1,verb,Sports & Activities
究極,きゅうきょく,"ultimate, final, eventual",N1,noun,Sports & Activities
転換,てんかん,"convert, divert",N1,noun,Sports & Activities
アプローチ,アプローチ,approach (in golf),N1,noun,Sports & Activities
尽きる,つきる,"to be used up, to be run out",N1,verb,Sports & Activities
網,あみ,net,N1,noun,Sports & Activities
霰,あられ,"hail (e.g., falling ice balls)",N1,noun,Sports & Activities
衝撃,しょうげき,"shock, crash, impact, ballistic",N1,noun,Sports & Activities
放り込む,ほうりこむ,to throw into,N1,verb,Sports & Activities
勝利,しょうり,"victory, triumph, win",N1,noun,Sports & Activities
陣,じん,"battle formation, camp, encampment",N1,noun,Sports & Activities
戦闘,せんとう,"battle, fight, combat",N1,noun,Sports & Activities
放り出す,ほうりだす,"to throw out, to give up, to abandon",N1,verb,Sports & Activities
タイムリー,タイムリー,"timely, run-batted-in (baseball), RBI",N1,noun,Sports & Activities
打撃,だげき,"blow, damage; batting (baseball)",N1,noun,Sports & Activities
多様,たよう,"diversity, variety",N1,noun,Sports & Activities
滅ぼす,ほろぼす,"to destroy, to overthrow, to ruin",N1,verb,Sports & Activities
実践,じっせん,"practice, put into practice",N1,noun,Sports & Activities
淑やか,しとやか,graceful,N1,noun,Sports & Activities
ジャンプ,ジャンプ,jump,N1,noun,Sports & Activities
漏る,もる,"to leak, to run out",N1,verb,Sports & Activities
周期,しゅうき,"cycle, period",N1,noun,Sports & Activities
不評,ふひょう,"bad reputation, disgrace, unpopularity",N1,noun,Sports & Activities
ポイント,ポイント,point,N1,noun,Sports & Activities
待ち合わせ,まちあわせ,appointment,N1,noun,Sports & Activities
鞠,まり,ball,N1,noun,Sports & Activities
民族,みんぞく,"people, race",N1,noun,Sports & Activities
命中,めいちゅう,a hit,N1,noun,Sports & Activities
野外,やがい,"fields, outskirts, open air, suburbs",N1,noun,Sports & Activities
レース,レース,race; lace,N1,noun,Sports & Activities
バット,バット,"bat, vat",N1,noun,Sports & Activities
動的,どうてき,"dynamic, kinetic",N1,na-adjective,Sports & Activities
横綱,よこづな,sumo grand champion,N1,na-adjective,Sports & Activities
～営,～えい,~ run,N1,prefix/suffix,Sports & Activities
現像,げんぞう,developing (film),N1,noun,Arts & Entertainment
公認,こうにん,"official recognition, authorization",N1,noun,Arts & Entertainment
碁盤,ごばん,Go board,N1,noun,Arts & Entertainment
個別,こべつ,particular case,N1,noun,Arts & Entertainment
コンタクト (レンズ),コンタクト (レンズ),contact; contact lens,N1,noun,Arts & Entertainment
根本,こんぽん,"foundation, root, base",N1,noun,Arts & Entertainment
こだわる,こだわる,"to fuss over, to be particular about",N1,verb,Arts & Entertainment
再建,さいけん,(temple or shrine) rebuilding,N1,noun,Arts & Entertainment
産出,さんしゅつ,"yield, produce",N1,noun,Arts & Entertainment
ネガ,ネガ,(photographic) negative,N1,noun,Arts & Entertainment
婉曲,えんきょく,"euphemistic, indirect, insinuating",N1,noun,Arts & Entertainment
お宮,おみや,Shinto shrine,N1,noun,Arts & Entertainment
介護,かいご,nursing,N1,noun,Arts & Entertainment
遠ざかる,とおざかる,to go far off,N1,verb,Arts & Entertainment
合唱,がっしょう,"chorus, singing in a chorus",N1,noun,Arts & Entertainment
カルテ,カルテ,clinical records (GER: Karte),N1,noun,Arts & Entertainment
観衆,かんしゅう,"spectators, audience",N1,noun,Arts & Entertainment
勧誘,かんゆう,"invitation, canvassing, inducement",N1,noun,Arts & Entertainment
関与,かんよ,"participation, taking part in",N1,noun,Arts & Entertainment
戯曲,ぎきょく,"play, drama",N1,noun,Arts & Entertainment
演じる,えんじる,"to perform, to play (a part), to act",N1,verb,Arts & Entertainment
脚色,きゃくしょく,"dramatization (e.g., film",N1,noun,Arts & Entertainment
脚本,きゃくほん,scenario,N1,noun,Arts & Entertainment
くじびき,くじびき,"lottery, drawn lot",N1,noun,Arts & Entertainment
芸,げい,"art, accomplishment, performance",N1,noun,Arts & Entertainment
展示,てんじ,"exhibition, display",N1,noun,Arts & Entertainment
陶器,とうき,"pottery, ceramics",N1,noun,Arts & Entertainment
演ずる,えんずる,"to perform, to play (a part), to act",N1,verb,Arts & Entertainment
油絵,あぶらえ,oil painting,N1,noun,Arts & Entertainment
出題,しゅつだい,proposing a question,N1,noun,Arts & Entertainment
出品,しゅっぴん,"exhibit, display",N1,noun,Arts & Entertainment
上演,じょうえん,art performance,N1,noun,Arts & Entertainment
スポーツカー,スポーツカー,sports car,N1,noun,Arts & Entertainment
成育,せいいく,"growth, raising",N1,noun,Arts & Entertainment
仕切る,しきる,"to partition, to divide, to mark off",N1,verb,Arts & Entertainment
センス,センス,"sense (for music, style, tact, etc.)",N1,noun,Arts & Entertainment
素朴,そぼく,"simplicity, artlessness, naivety",N1,noun,Arts & Entertainment
台本,だいほん,"libretto, scenario",N1,noun,Arts & Entertainment
短歌,たんか,31-syllable Japanese poem,N1,noun,Arts & Entertainment
単独,たんどく,"sole, single",N1,noun,Arts & Entertainment
徴収,ちょうしゅう,"collection, levy",N1,noun,Arts & Entertainment
背く,そむく,"to run counter to, to go against",N1,verb,Arts & Entertainment
長編,ちょうへん,"long (e.g., novel, film)",N1,noun,Arts & Entertainment
陳列,ちんれつ,"exhibition, display, show",N1,noun,Arts & Entertainment
釣り鐘,つりがね,temple bell (for striking),N1,noun,Arts & Entertainment
技,わざ,"art, technique",N1,noun,Arts & Entertainment
振り出し,ふりだし,"outset, starting point, drawing or issuing (draft)",N1,noun,Arts & Entertainment
閉鎖,へいさ,"closing, closure, shutdown",N1,noun,Arts & Entertainment
弾く,はじく,"to play (piano, guitar)",N1,verb,Arts & Entertainment
放射能,ほうしゃのう,radioactivity,N1,noun,Arts & Entertainment
暴動,ぼうどう,"insurrection, riot, uprising",N1,noun,Arts & Entertainment
本格,ほんかく,"propriety, full-scale",N1,noun,Arts & Entertainment
本館,ほんかん,main building,N1,noun,Arts & Entertainment
本質,ほんしつ,"essence, true nature, reality",N1,noun,Arts & Entertainment
本能,ほんのう,instinct,N1,noun,Arts & Entertainment
施す,ほどこす,"to give, to conduct, to perform",N1,verb,Arts & Entertainment
本場,ほんば,"home, best place, genuine",N1,noun,Arts & Entertainment
本文,ほんぶん,"text (of document), body (of letter)",N1,noun,Arts & Entertainment
本名,ほんみょう,real name,N1,noun,Arts & Entertainment
満場,まんじょう,"unanimous, whole audience",N1,noun,Arts & Entertainment
微塵,みじん,"particle, atom",N1,noun,Arts & Entertainment
見せ物,みせもの,"show, exhibition",N1,noun,Arts & Entertainment
はまる,はまる,"to get into, to go into, to fit, to be fit for, to suit",N1,verb,Arts & Entertainment
ミュージック,ミュージック,music,N1,noun,Arts & Entertainment
無線,むせん,"wireless, radio",N1,noun,Arts & Entertainment
恵み,めぐみ,blessing,N1,noun,Arts & Entertainment
誘導,ゆうどう,"guidance, leading, inducement",N1,noun,Arts & Entertainment
養護,ようご,"protection, nursing, protective care",N1,noun,Arts & Entertainment
用品,ようひん,"articles, supplies, parts",N1,noun,Arts & Entertainment
余興,よきょう,"side show, entertainment",N1,noun,Arts & Entertainment
版画,はんが,art print,N1,noun,Arts & Entertainment
美術,びじゅつ,"art, fine arts",N1,noun,Arts & Entertainment
雛祭,ひなまつり,Girls' (dolls') Festival,N1,noun,Arts & Entertainment
すばしこい,すばしこい,"nimble, smart, quick",N1,i-adjective,Arts & Entertainment
緊急,きんきゅう,"urgent, pressing, emergency",N1,na-adjective,Arts & Entertainment
本気,ほんき,"seriousness, truth, sanctity",N1,na-adjective,Arts & Entertainment
回収,かいしゅう,"collection, recovery",N1,adverb,Arts & Entertainment
片～,かた～,single ~,N1,prefix/suffix,Arts & Entertainment
原爆,げんばく,atomic bomb,N1,noun,Technology & Science
試み,こころみ,"trial, experiment",N1,noun,Technology & Science
雑貨,ざっか,"miscellaneous goods, general goods",N1,noun,Technology & Science
酸,さん,acid,N1,noun,Technology & Science
原子,げんし,atom,N1,noun,Technology & Science
元素,げんそ,element,N1,noun,Technology & Science
投入,とうにゅう,"throw, investment, making (an electrical circuit)",N1,noun,Technology & Science
ばい菌,ばいきん,"bacteria, germ(s)",N1,noun,Technology & Science
配列,はいれつ,"arrangement, array (programming)",N1,noun,Technology & Science
回路,かいろ,circuit (electric),N1,noun,Technology & Science
学説,がくせつ,theory,N1,noun,Technology & Science
カメラマン,カメラマン,cameraman,N1,noun,Technology & Science
強行,きょうこう,"forcing, enforcement",N1,noun,Technology & Science
強制,きょうせい,"obligation, compulsion, enforcement",N1,noun,Technology & Science
電源,でんげん,"source of electricity, power (e.g., button on TV)",N1,noun,Technology & Science
システム,システム,system,N1,noun,Technology & Science
圧倒,あっとう,"overwhelm, overpower",N1,noun,Technology & Science
圧迫,あっぱく,"pressure, coercion, oppression",N1,noun,Technology & Science
圧力,あつりょく,"stress, pressure",N1,noun,Technology & Science
アルカリ,アルカリ,alkali,N1,noun,Technology & Science
進化,しんか,"evolution, progress",N1,noun,Technology & Science
推進,すいしん,"propulsion, driving force",N1,noun,Technology & Science
絶版,ぜっぱん,out of print,N1,noun,Technology & Science
増強,ぞうきょう,"reinforce, increase",N1,noun,Technology & Science
炭素,たんそ,carbon (C),N1,noun,Technology & Science
頻繁,ひんぱん,frequency,N1,noun,Technology & Science
武力,ぶりょく,"armed might, military power, the sword, force",N1,noun,Technology & Science
崩壊,ほうかい,"collapse, decay (physics), crumbling",N1,noun,Technology & Science
放射,ほうしゃ,"radiation, emission",N1,noun,Technology & Science
補強,ほきょう,reinforcement,N1,noun,Technology & Science
ミスプリント,ミスプリント,misprint,N1,noun,Technology & Science
モニター,モニター,(computer) monitor,N1,noun,Technology & Science
模倣,もほう,"imitation, copying",N1,noun,Technology & Science
良心,りょうしん,conscience,N1,noun,Technology & Science
理論,りろん,theory,N1,noun,Technology & Science
バッテリー,バッテリー,battery,N1,noun,Technology & Science
反応,はんのう,"reaction, response",N1,noun,Technology & Science
ビールス,ビールス,virus,N1,noun,Technology & Science
比重,ひじゅう,specific gravity,N1,noun,Technology & Science
動力,どうりょく,"power, motive power, dynamic force",N1,na-adjective,Technology & Science
強いる,しいる,"to force, to compel, to coerce",N1,verb,Technology & Science
オートマチック,オートマチック,automatic,N1,na-adjective,Technology & Science
見地,けんち,point of view,N1,noun,Geography & Places
西日,にしび,westering sun,N1,noun,Geography & Places
敗北,はいぼく,defeat (as a verb it means 'to be defeated'),N1,noun,Geography & Places
過疎,かそ,depopulation,N1,noun,Geography & Places
簡易,かんい,"simplicity, easiness, quasi-",N1,noun,Geography & Places
観点,かんてん,point of view,N1,noun,Geography & Places
売り出す,うりだす,"to put on sale, to market",N1,verb,Geography & Places
宮殿,きゅうでん,palace,N1,noun,Geography & Places
漁村,ぎょそん,fishing village,N1,noun,Geography & Places
展望,てんぼう,"view, outlook, prospect",N1,noun,Geography & Places
市場,しじょう,(the) market (as a concept),N1,noun,Geography & Places
書評,しょひょう,book review,N1,noun,Geography & Places
タワー,タワー,tower,N1,noun,Geography & Places
湿気る,しける,"to be damp, to be moist",N1,verb,Geography & Places
弾力,だんりょく,"elasticity, flexibility",N1,noun,Geography & Places
天下,てんか,"the world, whole country",N1,noun,Geography & Places
破損,はそん,damage,N1,noun,Geography & Places
平方,へいほう,"square (e.g., meter, square)",N1,noun,Geography & Places
並列,へいれつ,"arrangement, parallel, abreast",N1,noun,Geography & Places
妨害,ぼうがい,"disturbance, obstruction, interference",N1,noun,Geography & Places
荒らす,あらす,to damage; to invade,N1,verb,Geography & Places
母国,ぼこく,one's home country (same as 自分の国 (じぶんのくに)),N1,noun,Geography & Places
本国,ほんごく,one's own country,N1,noun,Geography & Places
水気,みずけ,"moisture, dampness",N1,noun,Geography & Places
見通し,みとおし,"perspective, unobstructed view, prospect",N1,noun,Geography & Places
見晴らし,みはらし,view,N1,noun,Geography & Places
役場,やくば,town hall,N1,noun,Geography & Places
聳える,そびえる,"to rise, to tower, to soar",N1,verb,Geography & Places
領域,りょういき,"area, territory, region",N1,noun,Geography & Places
両極,りょうきょく,"both extremities, north and south poles",N1,noun,Geography & Places
田園,でんえん,"country, rural districts",N1,na-adjective,Geography & Places
～なんか,～なんか,in the least ~,N1,prefix/suffix,Geography & Places
～街,～がい,town,N1,prefix/suffix,Geography & Places
～寄り,～より,"near to ~ (e.g., North by East)",N1,prefix/suffix,Geography & Places
皇居,こうきょ,Imperial Palace,N1,noun,Society & Government
公用,こうよう,"government business, public use, public expense",N1,noun,Society & Government
公立,こうりつ,public institution,N1,noun,Society & Government
国産,こくさん,domestic products,N1,noun,Society & Government
国定,こくてい,"state-sponsored, national",N1,noun,Society & Government
国防,こくぼう,national defense,N1,noun,Society & Government
国有,こくゆう,national ownership,N1,noun,Society & Government
国連,こくれん,"U.N., United Nations",N1,noun,Society & Government
国交,こっこう,diplomatic relations,N1,noun,Society & Government
採決,さいけつ,"vote, roll call",N1,noun,Society & Government
採択,さいたく,"adoption, selection, choice",N1,noun,Society & Government
うつむく,うつむく,"to look downward, to stoop",N1,verb,Society & Government
決,けつ,"decision, vote",N1,noun,Society & Government
決議,けつぎ,"resolution, vote, decision",N1,noun,Society & Government
結合,けつごう,"combination, union",N1,noun,Society & Government
検事,けんじ,public prosecutor,N1,noun,Society & Government
元首,げんしゅ,"ruler, sovereign",N1,noun,Society & Government
同盟,どうめい,"alliance, union, league",N1,noun,Society & Government
殿様,とのさま,feudal lord,N1,noun,Society & Government
内閣,ないかく,"cabinet, (government)",N1,noun,Society & Government
任命,にんめい,"appointment, nomination, ordination",N1,noun,Society & Government
インターナショナル,インターナショナル,international,N1,noun,Society & Government
公,おおやけ,public,N1,noun,Society & Government
禁じる,きんじる,to prohibit,N1,verb,Society & Government
回送,かいそう,forwarding,N1,noun,Society & Government
改定,かいてい,reform,N1,noun,Society & Government
改良,かいりょう,"improvement, reform",N1,noun,Society & Government
革命,かくめい,revolution,N1,noun,Society & Government
化合,かごう,chemical combination,N1,noun,Society & Government
合併,がっぺい,"combination, amalgamation, merger",N1,noun,Society & Government
議決,ぎけつ,"resolution, decision, vote",N1,noun,Society & Government
棄権,きけん,"abstain from voting, renunciation of a right",N1,noun,Society & Government
寄贈,きぞう,"donation, presentation",N1,noun,Society & Government
規定,きてい,"regulation, provisions",N1,noun,Society & Government
規約,きやく,"agreement, rules, code",N1,noun,Society & Government
反る,そる,"to warp, to be warped, to curve",N1,verb,Society & Government
共和,きょうわ,"republicanism, cooperation",N1,noun,Society & Government
軍艦,ぐんかん,"warship, battleship",N1,noun,Society & Government
軍事,ぐんじ,military affairs,N1,noun,Society & Government
君主,くんしゅ,"ruler, monarch",N1,noun,Society & Government
軍備,ぐんび,"armaments, military preparations",N1,noun,Society & Government
警戒,けいかい,"warning, admonition, vigilance",N1,noun,Society & Government
傾斜,けいしゃ,"inclination, slope, dip",N1,noun,Society & Government
警部,けいぶ,police inspector,N1,noun,Society & Government
天国,てんごく,"paradise, heaven, Kingdom of Heaven",N1,noun,Society & Government
統制,とうせい,"regulation, control",N1,noun,Society & Government
統治,とうち,"rule, reign, governing",N1,noun,Society & Government
司る,つかさどる,"to rule, to govern, to administer",N1,verb,Society & Government
有り様,ありさま,"state, condition",N1,noun,Society & Government
暗殺,あんさつ,assassination,N1,noun,Society & Government
言い訳,いいわけ,"excuse, explanation",N1,noun,Society & Government
植民地,しょくみんち,colony,N1,noun,Society & Government
処罰,しょばつ,punishment,N1,noun,Society & Government
信者,しんじゃ,"believer, devotee",N1,noun,Society & Government
人民,じんみん,"people, public",N1,noun,Society & Government
制裁,せいさい,"restraint, sanctions, punishment",N1,noun,Society & Government
政策,せいさく,"political measures, policy",N1,noun,Society & Government
世論,せろん,public opinion,N1,noun,Society & Government
戦災,せんさい,war damage,N1,noun,Society & Government
尽くす,つくす,"to exhaust, to run out; to devote, to serve",N1,verb,Society & Government
蔵相,ぞうしょう,Minister of Finance,N1,noun,Society & Government
訴訟,そしょう,"litigation, lawsuit",N1,noun,Society & Government
治安,ちあん,"public order, security",N1,noun,Society & Government
忠告,ちゅうこく,"advice, warning",N1,noun,Society & Government
転回,てんかい,"revolution, rotation",N1,noun,Society & Government
連盟,れんめい,"league, union, alliance",N1,noun,Society & Government
発芽,はつが,germination,N1,noun,Society & Government
芝,しば,lawn,N1,noun,Society & Government
主権,しゅけん,sovereignty,N1,noun,Society & Government
物議,ぶつぎ,public discussion (criticism),N1,noun,Society & Government
不動産,ふどうさん,real estate,N1,noun,Society & Government
歪む,ゆがむ,"to warp, to be crooked, to be distorted",N1,verb,Society & Government
封建,ほうけん,feudalistic,N1,noun,Society & Government
方策,ほうさく,"plan, policy",N1,noun,Society & Government
褒美,ほうび,"reward, prize",N1,noun,Society & Government
牧師,ぼくし,"pastor, minister, clergyman",N1,noun,Society & Government
保守,ほしゅ,"conservative, maintaining",N1,noun,Society & Government
捕虜,ほりょ,prisoner of war,N1,noun,Society & Government
民俗,みんぞく,folk customs,N1,noun,Society & Government
与党,よとう,"government party, (ruling) party in power, government",N1,noun,Society & Government
世論,よろん,public opinion,N1,noun,Society & Government
立法,りっぽう,"legislation, lawmaking",N1,noun,Society & Government
領地,りょうち,territory,N1,noun,Society & Government
歪む,ひずむ,"to warp, to be distorted",N1,verb,Society & Government
判定,はんてい,"judgment, decision, award, verdict",N1,noun,Society & Government
ひび (かべの～),ひび (かべの～),"crack, fissure, flaw",N1,noun,Society & Government
尊い,とうとい,"precious, valuable, noble",N1,i-adjective,Society & Government
貴い,とうとい,"precious, valuable, noble",N1,i-adjective,Society & Government
待ち遠しい,まちどおしい,looking forward to,N1,i-adjective,Society & Government
貴族,きぞく,"noble, aristocrat",N1,na-adjective,Society & Government
即座に,そくざに,"immediately, right away",N1,adverb,Society & Government
よし (かん),よし (かん),all right!,N1,expression,Society & Government
良し,よし,all right!,N1,expression,Society & Government
権力,けんりょく,"(political) power, authority, influence",N1,noun,Abstract Concepts
甲,こう,1st in rank; shell,N1,noun,Abstract Concepts
根拠,こんきょ,"basis, foundation",N1,noun,Abstract Concepts
根底,こんてい,"root, basis, foundation",N1,noun,Abstract Concepts
作用,さよう,"operation, effect, function",N1,noun,Abstract Concepts
権威,けんい,"authority, power, influence",N1,noun,Abstract Concepts
原型,げんけい,"prototype, model, archetypal",N1,noun,Abstract Concepts
権限,けんげん,"power, authority, jurisdiction",N1,noun,Abstract Concepts
土台,どだい,"foundation, base, basis",N1,noun,Abstract Concepts
値打ち,ねうち,"value, worth, price",N1,noun,Abstract Concepts
威力,いりょく,"power, might, authority",N1,noun,Abstract Concepts
運命,うんめい,fate,N1,noun,Abstract Concepts
尊ぶ,とうとぶ,"to value, to prize, to esteem",N1,verb,Abstract Concepts
乙,おつ,2nd in rank,N1,noun,Abstract Concepts
折,おり,"chance, occasion",N1,noun,Abstract Concepts
開発,かいはつ,"development, exploitation",N1,noun,Abstract Concepts
格差,かくさ,"difference, disparity",N1,noun,Abstract Concepts
危機,きき,crisis,N1,noun,Abstract Concepts
規範,きはん,"model, standard, example",N1,noun,Abstract Concepts
規模,きぼ,"scale, scope, plan, structure",N1,noun,Abstract Concepts
形勢,けいせい,"condition, situation, prospects",N1,noun,Abstract Concepts
天災,てんさい,"natural calamity, disaster",N1,noun,Abstract Concepts
仕組,しくみ,"structure, mechanism",N1,noun,Abstract Concepts
値,あたい,"value, price, worth",N1,noun,Abstract Concepts
跡継ぎ,あとつぎ,"heir, successor",N1,noun,Abstract Concepts
重んずる,おもんずる,"to honor, to respect, to value",N1,verb,Abstract Concepts
歩み,あゆみ,"step, progress, history",N1,noun,Abstract Concepts
情勢,じょうせい,"state of things, condition, situation",N1,noun,Abstract Concepts
真実,しんじつ,"truth, reality",N1,noun,Abstract Concepts
真相,しんそう,"truth, real situation",N1,noun,Abstract Concepts
進展,しんてん,"progress, development",N1,noun,Abstract Concepts
進度,しんど,progress,N1,noun,Abstract Concepts
神秘,しんぴ,mystery,N1,noun,Abstract Concepts
推理,すいり,"reasoning, inference, mystery or detective genre",N1,noun,Abstract Concepts
進み,すすみ,progress,N1,noun,Abstract Concepts
ずれ,ずれ,"difference, gap",N1,noun,Abstract Concepts
正義,せいぎ,"justice, right, righteousness",N1,noun,Abstract Concepts
勢力,せいりょく,"influence, power, might, strength",N1,noun,Abstract Concepts
値する,あたいする,"to be worth, to deserve",N1,verb,Abstract Concepts
責務,せきむ,"duty, obligation",N1,noun,Abstract Concepts
設立,せつりつ,"establishment, foundation, institution",N1,noun,Abstract Concepts
態勢,たいせい,"attitude, conditions, tendency",N1,noun,Abstract Concepts
だったら,だったら,if it's the case,N1,noun,Abstract Concepts
だと,だと,if it's the case,N1,noun,Abstract Concepts
秩序,ちつじょ,"order, regularity",N1,noun,Abstract Concepts
作り,つくり,"make up, structure, physique",N1,noun,Abstract Concepts
造り,つくり,"make up, structure, physique",N1,noun,Abstract Concepts
ティシュペーパー,ティシュペーパー,tissue,N1,noun,Abstract Concepts
手本,てほん,"model, pattern",N1,noun,Abstract Concepts
レンジ,レンジ,"range, stove",N1,noun,Abstract Concepts
宿命,しゅくめい,"fate, destiny, predestination",N1,noun,Abstract Concepts
捗る,はかどる,"to make progress, to move right ahead (with the work), to advance",N1,verb,Abstract Concepts
種々,しゅじゅ,variety,N1,noun,Abstract Concepts
品種,ひんしゅ,"breed, type, variety",N1,noun,Abstract Concepts
不調,ふちょう,"bad condition, disorder, slump",N1,noun,Abstract Concepts
不当,ふとう,"injustice, impropriety, unfair",N1,noun,Abstract Concepts
不良,ふりょう,"badness, delinquent, failure",N1,noun,Abstract Concepts
方式,ほうしき,"form, method, system",N1,noun,Abstract Concepts
誠,まこと,"truth, faith, fidelity",N1,noun,Abstract Concepts
身の上,みのうえ,"one's future, one's welfare, one's personal history",N1,noun,Abstract Concepts
結び付き,むすびつき,"connection, relation",N1,noun,Abstract Concepts
模型,もけい,"model, dummy, marquette",N1,noun,Abstract Concepts
模範,もはん,"model, example",N1,noun,Abstract Concepts
様相,ようそう,aspect,N1,noun,Abstract Concepts
励む,はげむ,"to be zealous, to make an effort",N1,verb,Abstract Concepts
冷淡,れいたん,"coolness, indifference",N1,noun,Abstract Concepts
すれちがい,すれちがい,chance encounter,N1,i-adjective,Abstract Concepts
限定,げんてい,"limit, restriction",N1,na-adjective,Abstract Concepts
とかく,とかく,"anyhow, anyway, in any case",N1,adverb,Abstract Concepts
ありのまま,ありのまま,"the truth, as it is, frankly",N1,adverb,Abstract Concepts
原文,げんぶん,"the text, original",N1,noun,Everyday Essentials
行為,こうい,"act, deed, conduct",N1,noun,Everyday Essentials
合議,ごうぎ,"consultation, conference",N1,noun,Everyday Essentials
ごまかす,ごまかす,"to deceive, to falsify, to misrepresent",N1,verb,Everyday Essentials
交互,こうご,"mutual, reciprocal, alternate",N1,noun,Everyday Essentials
考古学,こうこがく,archeology,N1,noun,Everyday Essentials
控除,こうじょ,"subsidy, deduction",N1,noun,Everyday Essentials
遮る,さえぎる,"to interrupt, to intercept, to obstruct",N1,verb,Everyday Essentials
交渉,こうしょう,negotiation,N1,noun,Everyday Essentials
行進,こうしん,"march, parade",N1,noun,Everyday Essentials
講読,こうどく,reading,N1,noun,Everyday Essentials
栄える,さかえる,"to flourish, to prosper, to thrive",N1,verb,Everyday Essentials
購読,こうどく,subscription,N1,noun,Everyday Essentials
効率,こうりつ,efficiency,N1,noun,Everyday Essentials
護衛,ごえい,"guard, convoy, escort",N1,noun,Everyday Essentials
差し支える,さしつかえる,"to interfere, to hinder",N1,verb,Everyday Essentials
コーナー,コーナー,corner,N1,noun,Everyday Essentials
極楽,ごくらく,paradise,N1,noun,Everyday Essentials
誤差,ごさ,error,N1,noun,Everyday Essentials
さっぱりする,さっぱりする,to refresh,N1,verb,Everyday Essentials
コントラスト,コントラスト,contrast,N1,noun,Everyday Essentials
コントロール,コントロール,control,N1,noun,Everyday Essentials
採掘,さいくつ,mining,N1,noun,Everyday Essentials
さらう (こどもを～),さらう (こどもを～),to kidnap,N1,verb,Everyday Essentials
サイズ,サイズ,size,N1,noun,Everyday Essentials
栽培,さいばい,cultivation,N1,noun,Everyday Essentials
採用,さいよう,"use, adopt",N1,noun,Everyday Essentials
障る,さわる,"to hinder, to interfere with, to affect",N1,verb,Everyday Essentials
錯誤,さくご,mistake,N1,noun,Everyday Essentials
殺人,さつじん,murder,N1,noun,Everyday Essentials
最中,さなか,"in the middle of, midst",N1,noun,Everyday Essentials
強いて,しいて,"to dare, to insist",N1,verb,Everyday Essentials
座標,ざひょう,coordinates,N1,noun,Everyday Essentials
侍,さむらい,samurai,N1,noun,Everyday Essentials
参照,さんしょう,"reference, consultation, consultation",N1,noun,Everyday Essentials
煙る,けむる,"to smoke (e.g., fire)",N1,verb,Everyday Essentials
自我,じが,"self, ego",N1,noun,Everyday Essentials
自覚,じかく,self-conscious,N1,noun,Everyday Essentials
仕掛,しかけ,"device, trick, mechanism",N1,noun,Everyday Essentials
とがめる,とがめる,"to blame, to rebuke",N1,verb,Everyday Essentials
軽蔑,けいべつ,"scorn, disdain",N1,noun,Everyday Essentials
結核,けっかく,tuberculosis,N1,noun,Everyday Essentials
結成,けっせい,formation,N1,noun,Everyday Essentials
とぎれる,とぎれる,"to pause, to be interrupted",N1,verb,Everyday Essentials
結束,けっそく,"union, unity",N1,noun,Everyday Essentials
原形,げんけい,"original form, base form",N1,noun,Everyday Essentials
原書,げんしょ,original document,N1,noun,Everyday Essentials
滞る,とどこおる,"to stagnate, to be delayed",N1,verb,Everyday Essentials
到底,とうてい,(cannot) possibly,N1,noun,Everyday Essentials
逃亡,とうぼう,escape,N1,noun,Everyday Essentials
どうやら,どうやら,"it seems like, somehow or other",N1,noun,Everyday Essentials
取り締まる,とりしまる,"to crack down, to control, to supervise",N1,verb,Everyday Essentials
独占,どくせん,monopoly,N1,noun,Everyday Essentials
独創,どくそう,originality,N1,noun,Everyday Essentials
ドライ,ドライ,dry,N1,noun,Everyday Essentials
嘆く,なげく,"to sigh, to lament, to grieve",N1,verb,Everyday Essentials
トランジスター,トランジスター,transistor,N1,noun,Everyday Essentials
取締り,とりしまり,"control, crackdown, supervision",N1,noun,Everyday Essentials
乃至,ないし,"from...to, between...and, or",N1,noun,Everyday Essentials
名付ける,なづける,to name,N1,verb,Everyday Essentials
内部,ないぶ,"interior, inside, internal",N1,noun,Everyday Essentials
内陸,ないりく,inland,N1,noun,Everyday Essentials
中程,なかほど,"middle, midway",N1,noun,Everyday Essentials
悩ます,なやます,"to bother, to harass, to molest",N1,verb,Everyday Essentials
なにより,なにより,"most, best",N1,noun,Everyday Essentials
ナプキン,ナプキン,napkin,N1,noun,Everyday Essentials
鉛,なまり,lead (the metal),N1,noun,Everyday Essentials
ねだる,ねだる,"to nag, to demand",N1,verb,Everyday Essentials
並びに,ならびに,and,N1,noun,Everyday Essentials
なるたけ,なるたけ,"as much as possible, if possible",N1,noun,Everyday Essentials
にきび,にきび,"pimple, acne",N1,noun,Everyday Essentials
粘る,ねばる,"to be sticky, to be adhesive, to persist, to stick to",N1,verb,Everyday Essentials
にせ物,にせもの,"imitation, counterfeit",N1,noun,Everyday Essentials
ニュアンス,ニュアンス,nuance,N1,noun,Everyday Essentials
認識,にんしき,"recognition, cognizance",N1,noun,Everyday Essentials
逃す,のがす,"to let loose, to set free, to let escape",N1,verb,Everyday Essentials
主,ぬし,"owner, master, god",N1,noun,Everyday Essentials
ノイローゼ,ノイローゼ,neurosis (GER: Neurose),N1,noun,Everyday Essentials
農地,のうち,agricultural land,N1,noun,Everyday Essentials
逃れる,のがれる,to escape,N1,verb,Everyday Essentials
バー,バー,bar,N1,noun,Everyday Essentials
廃棄,はいき,"disposal, abandon, discarding",N1,noun,Everyday Essentials
廃止,はいし,"abolition, repeal",N1,noun,Everyday Essentials
いたわる,いたわる,"to sympathize with, to console, to care for",N1,verb,Everyday Essentials
排除,はいじょ,"exclusion, removal, rejection",N1,noun,Everyday Essentials
破壊,はかい,destruction,N1,noun,Everyday Essentials
嘘つき,うそつき,liar,N1,noun,Everyday Essentials
挑む,いどむ,to challenge,N1,verb,Everyday Essentials
うたた寝,うたたね,"dozing, napping",N1,noun,Everyday Essentials
打ち消し,うちけし,"(gram) negation, denial, negative",N1,noun,Everyday Essentials
団扇,うちわ,fan,N1,noun,Everyday Essentials
受け継ぐ,うけつぐ,"to inherit, to succeed",N1,verb,Everyday Essentials
梅干し,うめぼし,dried plum,N1,noun,Everyday Essentials
裏返し,うらがえし,"inside out, reverse",N1,noun,Everyday Essentials
云々,うんぬん,"and so on, and so forth",N1,noun,Everyday Essentials
上回る,うわまわる,to exceed,N1,verb,Everyday Essentials
映像,えいぞう,"reflection, image",N1,noun,Everyday Essentials
縁談,えんだん,marriage proposal,N1,noun,Everyday Essentials
於いて,おいて,"at, in, on",N1,noun,Everyday Essentials
遅らす,おくらす,"to retard, to delay",N1,verb,Everyday Essentials
応急,おうきゅう,emergency,N1,noun,Everyday Essentials
おおい (かん),おおい (かん),hey,N1,noun,Everyday Essentials
大筋,おおすじ,"outline, summary",N1,noun,Everyday Essentials
収まる,おさまる,to settle into; to be obtained,N1,verb,Everyday Essentials
雄,おす,male (animal),N1,noun,Everyday Essentials
及び,および,"and, as well as",N1,noun,Everyday Essentials
オリエンテーション,オリエンテーション,orientation,N1,noun,Everyday Essentials
納まる,おさまる,to settle into; to be obtained,N1,verb,Everyday Essentials
オンライン,オンライン,on-line,N1,noun,Everyday Essentials
我,が～,ego,N1,noun,Everyday Essentials
貝殻,かいがら,shell,N1,noun,Everyday Essentials
襲う,おそう,to attack,N1,verb,Everyday Essentials
怪獣,かいじゅう,monster,N1,noun,Everyday Essentials
改訂,かいてい,revision,N1,noun,Everyday Essentials
ガイド,ガイド,guide,N1,noun,Everyday Essentials
赴く,おもむく,"to go, to proceed",N1,verb,Everyday Essentials
ガイドブック,ガイドブック,guidebook,N1,noun,Everyday Essentials
介入,かいにゅう,intervention,N1,noun,Everyday Essentials
解剖,かいぼう,"dissection, autopsy",N1,noun,Everyday Essentials
重んじる,おもんじる,"to respect, to honor, to esteem, to prize",N1,verb,Everyday Essentials
回覧,かいらん,circulation,N1,noun,Everyday Essentials
概略,がいりゃく,"outline, summary, gist",N1,noun,Everyday Essentials
課外,かがい,extracurricular,N1,noun,Everyday Essentials
省みる,かえりみる,to reflect,N1,verb,Everyday Essentials
確信,かくしん,"conviction, confidence",N1,noun,Everyday Essentials
確立,かくりつ,establishment,N1,noun,Everyday Essentials
賭,かけ,"betting, gambling, a gamble",N1,noun,Everyday Essentials
書き取る,かきとる,"to write down, to take dictation",N1,verb,Everyday Essentials
箇条書,かじょうがき,"itemized form, itemization",N1,noun,Everyday Essentials
化繊,かせん,synthetic fibers,N1,noun,Everyday Essentials
合致,がっち,"agreement, concurrence, conforming to",N1,noun,Everyday Essentials
かさばる,かさばる,to be bulky,N1,verb,Everyday Essentials
がっちり,がっちり,"solidly built, tightly",N1,noun,Everyday Essentials
代る代る,かわるがわる,alternately,N1,noun,Everyday Essentials
灌漑,かんがい,irrigation,N1,noun,Everyday Essentials
霞む,かすむ,"to grow hazy, to be misty",N1,verb,Everyday Essentials
眼科,がんか,ophthalmology,N1,noun,Everyday Essentials
玩具,がんぐ,toy,N1,noun,Everyday Essentials
勧告,かんこく,"advice, counsel",N1,noun,Everyday Essentials
叶う,かなう,to come true,N1,verb,Everyday Essentials
干渉,かんしょう,"interference, intervention",N1,noun,Everyday Essentials
既婚,きこん,married,N1,noun,Everyday Essentials
気障,きざ,"affectation, conceit, snobbery",N1,noun,Everyday Essentials
構える,かまえる,to set up,N1,verb,Everyday Essentials
記載,きさい,"mention, entry",N1,noun,Everyday Essentials
犠牲,ぎせい,sacrifice,N1,noun,Everyday Essentials
起伏,きふく,undulation,N1,noun,Everyday Essentials
来る,きたる,"to come, to approach,",N1,verb,Everyday Essentials
給仕,きゅうじ,waiter,N1,noun,Everyday Essentials
窮乏,きゅうぼう,poverty,N1,noun,Everyday Essentials
境遇,きょうぐう,"environment, circumstances",N1,noun,Everyday Essentials
朽ちる,くちる,to rot,N1,verb,Everyday Essentials
極端,きょくたん,"extreme, extremity",N1,noun,Everyday Essentials
拒絶,きょぜつ,"refusal, rejection",N1,noun,Everyday Essentials
拒否,きょひ,"denial, rejection, refusal",N1,noun,Everyday Essentials
明かす,あかす,to reveal; to stay up,N1,verb,Everyday Essentials
クイズ,クイズ,quiz,N1,noun,Everyday Essentials
区間,くかん,section,N1,noun,Everyday Essentials
くじ (～をひく),くじ (～をひく),"lottery, lot",N1,noun,Everyday Essentials
欺く,あざむく,to deceive,N1,verb,Everyday Essentials
クレーン,クレーン,crane,N1,noun,Everyday Essentials
形成,けいせい,formation,N1,noun,Everyday Essentials
天才,てんさい,a genius,N1,noun,Everyday Essentials
嘲笑う,あざわらう,"to sneer at, to ridicule",N1,verb,Everyday Essentials
点線,てんせん,dotted line,N1,noun,Everyday Essentials
動員,どういん,mobilization,N1,noun,Everyday Essentials
動機,どうき,"motive, incentive",N1,noun,Everyday Essentials
誤る,あやまる,to make a mistake,N1,verb,Everyday Essentials
同居,どうきょ,living together,N1,noun,Everyday Essentials
思考,しこう,thought,N1,noun,Everyday Essentials
地獄,じごく,hell,N1,noun,Everyday Essentials
意気込む,いきごむ,to be enthusiastic about,N1,verb,Everyday Essentials
刺繍,ししゅう,embroidery,N1,noun,Everyday Essentials
施設,しせつ,"establishment, facility",N1,noun,Everyday Essentials
自尊心,じそんしん,"self-respect, conceit",N1,noun,Everyday Essentials
記す,しるす,"to note, to write down",N1,verb,Everyday Essentials
愛想,あいそう,sociability,N1,noun,Everyday Essentials
敢えて,あえて,"dare (to do), venture (to do), challenge (to do)",N1,noun,Everyday Essentials
垢,あか,"dirt, filth",N1,noun,Everyday Essentials
すくう (みずを～),すくう (みずを～),to scoop,N1,verb,Everyday Essentials
麻,あさ,hemp,N1,noun,Everyday Essentials
アマチュア,アマチュア,amateur,N1,noun,Everyday Essentials
過ち,あやまち,"fault, error, indiscretion",N1,noun,Everyday Essentials
濯ぐ,すすぐ,"to rinse, to wash out",N1,verb,Everyday Essentials
アラブ,アラブ,Arab,N1,noun,Everyday Essentials
アルミ,アルミ,"aluminum (Al, aluminum)",N1,noun,Everyday Essentials
アンコール,アンコール,encore,N1,noun,Everyday Essentials
制する,せいする,"to control, to command",N1,verb,Everyday Essentials
安静,あんせい,rest,N1,noun,Everyday Essentials
案の定,あんのじょう,"sure enough, as usual",N1,noun,Everyday Essentials
幾多,いくた,"many, numerous",N1,noun,Everyday Essentials
急かす,せかす,"to hurry, to urge on",N1,verb,Everyday Essentials
遺跡,いせき,historic ruins,N1,noun,Everyday Essentials
出動,しゅつどう,"mobilization, action",N1,noun,Everyday Essentials
守備,しゅび,defense,N1,noun,Everyday Essentials
即する,そくする,"to conform to, to agree with, to be adapted to,",N1,verb,Everyday Essentials
承諾,しょうだく,"consent, agreement",N1,noun,Everyday Essentials
小児科,しょうにか,pediatrics,N1,noun,Everyday Essentials
ショー,ショー,show,N1,noun,Everyday Essentials
染まる,そまる,to be dyed,N1,verb,Everyday Essentials
除外,じょがい,"exception, exclusion",N1,noun,Everyday Essentials
所在,しょざい,whereabouts,N1,noun,Everyday Essentials
所持,しょじ,"possession, owning",N1,noun,Everyday Essentials
題する,だいする,to title,N1,verb,Everyday Essentials
人材,じんざい,man of talent,N1,noun,Everyday Essentials
進出,しんしゅつ,advancement,N1,noun,Everyday Essentials
心情,しんじょう,mentality,N1,noun,Everyday Essentials
絶える,たえる,"to die out, to become extinct",N1,verb,Everyday Essentials
侵略,しんりゃく,"aggression, invasion, raid",N1,noun,Everyday Essentials
粋,すい,essence,N1,noun,Everyday Essentials
スタジオ,スタジオ,studio,N1,noun,Everyday Essentials
断える,たえる,"to cease, to become extinct",N1,verb,Everyday Essentials
ストロー,ストロー,straw,N1,noun,Everyday Essentials
スペース,スペース,space,N1,noun,Everyday Essentials
ずぶぬれ,ずぶぬれ,"soaked, dripping wet",N1,noun,Everyday Essentials
脱する,だっする,"to escape from, to get out",N1,verb,Everyday Essentials
すみやか,すみやか,speedy,N1,noun,Everyday Essentials
スラックス,スラックス,slacks,N1,noun,Everyday Essentials
ずらっと,ずらっと,"in a line, in a row",N1,noun,Everyday Essentials
辿り着く,たどりつく,"to reach, to make it somehow",N1,verb,Everyday Essentials
生計,せいけい,"livelihood, living",N1,noun,Everyday Essentials
聖書,せいしょ,Bible,N1,noun,Everyday Essentials
正常,せいじょう,"normalcy, normality, normal",N1,noun,Everyday Essentials
保つ,たもつ,"to keep, to preserve, to sustain",N1,verb,Everyday Essentials
清濁,せいだく,"good and evil, purity and impurity",N1,noun,Everyday Essentials
セール,セール,sale,N1,noun,Everyday Essentials
セクション,セクション,section,N1,noun,Everyday Essentials
弛む,たるむ,"to slacken, to loosen, to relax",N1,verb,Everyday Essentials
セックス,セックス,sex,N1,noun,Everyday Essentials
接続詞,せつぞくし,conjunction,N1,noun,Everyday Essentials
設置,せっち,"establishment, institution",N1,noun,Everyday Essentials
つねる,つねる,to pinch,N1,verb,Everyday Essentials
説得,せっとく,persuasion,N1,noun,Everyday Essentials
攻め,せめ,"attack, offense",N1,noun,Everyday Essentials
ゼリー,ゼリー,jelly,N1,noun,Everyday Essentials
呟く,つぶやく,"to mutter, to murmur",N1,verb,Everyday Essentials
宣教,せんきょう,religious mission,N1,noun,Everyday Essentials
戦術,せんじゅつ,tactics,N1,noun,Everyday Essentials
潜水,せんすい,diving,N1,noun,Everyday Essentials
化ける,ばける,"to disguise, to take the form of",N1,verb,Everyday Essentials
全滅,ぜんめつ,annihilation,N1,noun,Everyday Essentials
前例,ぜんれい,precedent,N1,noun,Everyday Essentials
相応,そうおう,"suitability, fitness",N1,noun,Everyday Essentials
萎びる,しなびる,"to shrivel, to fade",N1,verb,Everyday Essentials
装飾,そうしょく,ornament,N1,noun,Everyday Essentials
装備,そうび,equipment,N1,noun,Everyday Essentials
創立,そうりつ,"establishment, founding",N1,noun,Everyday Essentials
老ける,ふける,to age,N1,verb,Everyday Essentials
そり (～にのる),そり (～にのる),"sleigh, sled",N1,noun,Everyday Essentials
ソロ,ソロ,solo,N1,noun,Everyday Essentials
損失,そんしつ,loss,N1,noun,Everyday Essentials
踏まえる,ふまえる,"to be based on, to have origin in",N1,verb,Everyday Essentials
ダース,ダース,dozen,N1,noun,Everyday Essentials
対応,たいおう,dealing with,N1,noun,Everyday Essentials
対決,たいけつ,"confrontation, showdown",N1,noun,Everyday Essentials
震わせる,ふるわせる,"to be shaking, to be trembling",N1,verb,Everyday Essentials
対処,たいしょ,"deal with, cope",N1,noun,Everyday Essentials
対等,たいとう,equivalent,N1,noun,Everyday Essentials
大便,だいべん,feces,N1,noun,Everyday Essentials
葬る,ほうむる,"to bury, to entomb",N1,verb,Everyday Essentials
タイミング,タイミング,timing,N1,noun,Everyday Essentials
代用,だいよう,substitution,N1,noun,Everyday Essentials
タイル,タイル,tile,N1,noun,Everyday Essentials
惚ける,ぼける,"to grow senile, to fade",N1,verb,Everyday Essentials
妥結,だけつ,agreement,N1,noun,Everyday Essentials
脱出,だっしゅつ,escape,N1,noun,Everyday Essentials
達成,たっせい,achievement,N1,noun,Everyday Essentials
滅びる,ほろびる,"to be ruined, to perish, to be destroyed",N1,verb,Everyday Essentials
だぶだぶ,だぶだぶ,"loose, baggy",N1,noun,Everyday Essentials
魂,たましい,"soul, spirit",N1,noun,Everyday Essentials
弛み,たるみ,"slack, slackening",N1,noun,Everyday Essentials
またがる (うまを～),またがる (うまを～),to straddle,N1,verb,Everyday Essentials
短気,たんき,quick temper,N1,noun,Everyday Essentials
団結,だんけつ,"unity, union, solidarity",N1,noun,Everyday Essentials
ダンプ,ダンプ,dump truck,N1,noun,Everyday Essentials
免れる,まぬがれる,"to escape from, to be exempted",N1,verb,Everyday Essentials
チャンネル,チャンネル,a channel,N1,noun,Everyday Essentials
宙返り,ちゅうがえり,"somersault, looping-the-loop",N1,noun,Everyday Essentials
中継,ちゅうけい,"relay, hook-up",N1,noun,Everyday Essentials
導く,みちびく,"to be guided, to be shown",N1,verb,Everyday Essentials
中傷,ちゅうしょう,"slander, libel, defamation",N1,noun,Everyday Essentials
超,ちょう,"super-, ultra-, hyper-",N1,noun,Everyday Essentials
直面,ちょくめん,confrontation,N1,noun,Everyday Essentials
恵む,めぐむ,"to bless, to show mercy to",N1,verb,Everyday Essentials
貯蓄,ちょちく,savings,N1,noun,Everyday Essentials
ちらっと,ちらっと,"at a glance, by accident",N1,noun,Everyday Essentials
塵,ちり,"dust, dirt",N1,noun,Everyday Essentials
もてる,もてる,"to be well liked, to be popular",N1,verb,Everyday Essentials
塵取り,ちりとり,dustpan,N1,noun,Everyday Essentials
追跡,ついせき,pursuit,N1,noun,Everyday Essentials
追放,ついほう,"exile, banishment",N1,noun,Everyday Essentials
漏らす,もらす,"to let leak, to reveal",N1,verb,Everyday Essentials
杖,つえ,cane,N1,noun,Everyday Essentials
筒,つつ,"pipe, tube",N1,noun,Everyday Essentials
務まる,つとまる,"be equal, be fit",N1,noun,Everyday Essentials
漏れる,もれる,"to leak out, to escape, to filter out",N1,verb,Everyday Essentials
壷,つぼ,"jar, pot, vase",N1,noun,Everyday Essentials
吊り革,つりかわ,strap,N1,noun,Everyday Essentials
適宜,てきぎ,suitability,N1,noun,Everyday Essentials
やりとげる,やりとげる,to accomplish,N1,verb,Everyday Essentials
適性,てきせい,aptitude,N1,noun,Everyday Essentials
鉄鋼,てっこう,iron and steel,N1,noun,Everyday Essentials
てっぺん,てっぺん,"top, summit, apex",N1,noun,Everyday Essentials
濯ぐ,ゆすぐ,"to rinse, to wash out",N1,verb,Everyday Essentials
連帯,れんたい,solidarity,N1,noun,Everyday Essentials
レントゲン,レントゲン,X-ray (lit: Roentgen),N1,noun,Everyday Essentials
老衰,ろうすい,"senility, senile decay",N1,noun,Everyday Essentials
緩む,ゆるむ,"to become loose, to slacken",N1,verb,Everyday Essentials
ロープ,ロープ,rope,N1,noun,Everyday Essentials
ワット,ワット,watt,N1,noun,Everyday Essentials
詫び,わび,apology,N1,noun,Everyday Essentials
要する,ようする,"to demand, to require, to take",N1,verb,Everyday Essentials
藁,わら,straw,N1,noun,Everyday Essentials
爆弾,ばくだん,bomb,N1,noun,Everyday Essentials
暴露,ばくろ,"disclosure, exposure, revelation",N1,noun,Everyday Essentials
呼び止める,よびとめる,to flag down,N1,verb,Everyday Essentials
質疑,しつぎ,question,N1,noun,Everyday Essentials
自転,じてん,"rotation, spin",N1,noun,Everyday Essentials
助動詞,じょどうし,auxiliary verb,N1,noun,Everyday Essentials
寄り掛かる,よりかかる,"to lean against, to recline on, to lean on, to rely on",N1,verb,Everyday Essentials
シナリオ,シナリオ,scenario,N1,noun,Everyday Essentials
地主,じぬし,landlord,N1,noun,Everyday Essentials
ジャズ,ジャズ,jazz,N1,noun,Everyday Essentials
ばてる,ばてる,"to be exhausted, to be worn out",N1,verb,Everyday Essentials
謝絶,しゃぜつ,refusal,N1,noun,Everyday Essentials
ジャンボ,ジャンボ,jumbo,N1,noun,Everyday Essentials
ジャンル,ジャンル,genre,N1,noun,Everyday Essentials
浸す,ひたす,"to soak, to dip, to drench",N1,verb,Everyday Essentials
主,しゅ,"owner, master, god",N1,noun,Everyday Essentials
襲撃,しゅうげき,"attack, charge, raid",N1,noun,Everyday Essentials
貧困,ひんこん,"poverty, lack",N1,noun,Everyday Essentials
品質,ひんしつ,quality,N1,noun,Everyday Essentials
ヒント,ヒント,hint,N1,noun,Everyday Essentials
ファイト,ファイト,fight,N1,noun,Everyday Essentials
ファン,ファン,fan,N1,noun,Everyday Essentials
フィルタ,フィルタ,filter,N1,noun,Everyday Essentials
ブーム,ブーム,boom,N1,noun,Everyday Essentials
フォーム,フォーム,foam; form,N1,noun,Everyday Essentials
布告,ふこく,"edict, ordinance, proclamation",N1,noun,Everyday Essentials
ブザー,ブザー,buzzer,N1,noun,Everyday Essentials
不在,ふざい,absence,N1,noun,Everyday Essentials
負担,ふたん,burden; load,N1,noun,Everyday Essentials
仏像,ぶつぞう,Buddhist image (statue),N1,noun,Everyday Essentials
腐敗,ふはい,"decay, depravity",N1,noun,Everyday Essentials
普遍,ふへん,"universality, ubiquity, omnipresence",N1,noun,Everyday Essentials
浮力,ふりょく,buoyancy,N1,noun,Everyday Essentials
ブル,ブル,bull,N1,noun,Everyday Essentials
フロント,フロント,front,N1,noun,Everyday Essentials
文書,ぶんしょ,"document, writing",N1,noun,Everyday Essentials
粉末,ふんまつ,fine powder,N1,noun,Everyday Essentials
平常,へいじょう,"normal, usual",N1,noun,Everyday Essentials
ベース,ベース,"base, bass",N1,noun,Everyday Essentials
縁,へり,edge,N1,noun,Everyday Essentials
弁護,べんご,"defense, pleading, advocacy",N1,noun,Everyday Essentials
返答,へんとう,reply,N1,noun,Everyday Essentials
ボイコット,ボイコット,boycott,N1,noun,Everyday Essentials
防衛,ぼうえい,"defense, protection, self-defense",N1,noun,Everyday Essentials
暴力,ぼうりょく,violence,N1,noun,Everyday Essentials
ホース,ホース,hose,N1,noun,Everyday Essentials
ポーズ,ポーズ,pause,N1,noun,Everyday Essentials
ホール,ホール,hall; hole,N1,noun,Everyday Essentials
捕獲,ほかく,"capture, seizure",N1,noun,Everyday Essentials
補給,ほきゅう,"supply, supplying, replenishment",N1,noun,Everyday Essentials
補充,ほじゅう,"supplementation, replenishment, replenishing",N1,noun,Everyday Essentials
発作,ほっさ,"fit, attack",N1,noun,Everyday Essentials
没収,ぼっしゅう,forfeited,N1,noun,Everyday Essentials
ポット,ポット,pot,N1,noun,Everyday Essentials
ボルト,ボルト,volt; bolt,N1,noun,Everyday Essentials
ポンプ,ポンプ,pump,N1,noun,Everyday Essentials
マーク,マーク,mark,N1,noun,Everyday Essentials
前売,まえうり,"advance sale, booking",N1,noun,Everyday Essentials
真心,まごころ,"sincerity, devotion",N1,noun,Everyday Essentials
まと,まと,"mark, target",N1,noun,Everyday Essentials
丸ごと,まるごと,"in its entirety, whole, wholly",N1,noun,Everyday Essentials
未婚,みこん,unmarried,N1,noun,Everyday Essentials
ミセス,ミセス,Mrs.,N1,noun,Everyday Essentials
見積もり,みつもり,"estimation, quotation",N1,noun,Everyday Essentials
峰,みね,"peak, ridge",N1,noun,Everyday Essentials
身振り,みぶり,gesture,N1,noun,Everyday Essentials
無知,むち,ignorance,N1,noun,Everyday Essentials
名称,めいしょう,name,N1,noun,Everyday Essentials
名簿,めいぼ,register of names,N1,noun,Everyday Essentials
明瞭,めいりょう,clarity,N1,noun,Everyday Essentials
雌,めす,female (animal),N1,noun,Everyday Essentials
メロディー,メロディー,melody,N1,noun,Everyday Essentials
モーテル,モーテル,motel,N1,noun,Everyday Essentials
模索,もさく,groping (for),N1,noun,Everyday Essentials
矢,や,arrow,N1,noun,Everyday Essentials
屋敷,やしき,mansion,N1,noun,Everyday Essentials
優先,ゆうせん,"preference, priority",N1,noun,Everyday Essentials
融通,ゆうずう,"adaptability, versatility, finance",N1,noun,Everyday Essentials
遊牧,ゆうぼく,nomadism,N1,noun,Everyday Essentials
誘惑,ゆうわく,"temptation, allurement, lure",N1,noun,Everyday Essentials
ユニーク,ユニーク,unique,N1,noun,Everyday Essentials
弓,ゆみ,bow,N1,noun,Everyday Essentials
緩やか,ゆるやか,lenient,N1,noun,Everyday Essentials
溶液,ようえき,solution,N1,noun,Everyday Essentials
用紙,ようし,a form,N1,noun,Everyday Essentials
汚れ,よごれ,"dirt, filth",N1,noun,Everyday Essentials
善し悪し,よしあし,"good or bad, merits or demerits, quality",N1,noun,Everyday Essentials
余所見,よそみ,"looking away, looking aside",N1,noun,Everyday Essentials
楽観,らっかん,optimism,N1,noun,Everyday Essentials
ランプ,ランプ,lamp; ramp,N1,noun,Everyday Essentials
リード,リード,lead; reed,N1,noun,Everyday Essentials
略語,りゃくご,"abbreviation, acronym",N1,noun,Everyday Essentials
良質,りょうしつ,"good quality, superior quality",N1,noun,Everyday Essentials
類推,るいすい,analogy,N1,noun,Everyday Essentials
類似,るいじ,analogous,N1,noun,Everyday Essentials
ルーズ,ルーズ,loose,N1,noun,Everyday Essentials
レギュラー,レギュラー,regular,N1,noun,Everyday Essentials
レディー,レディー,lady,N1,noun,Everyday Essentials
パトカー,パトカー,patrol car,N1,noun,Everyday Essentials
繁盛,はんじょう,"prosperity, flourishing, thriving",N1,noun,Everyday Essentials
反発,はんぱつ,"repelling, rebound, oppose",N1,noun,Everyday Essentials
美,び,beauty,N1,noun,Everyday Essentials
否決,ひけつ,"rejection, negation, voting down",N1,noun,Everyday Essentials
微笑,びしょう,smile,N1,noun,Everyday Essentials
人影,ひとかげ,"man's shadow, soul",N1,noun,Everyday Essentials
非難,ひなん,"blame, attack, criticism",N1,noun,Everyday Essentials
避難,ひなん,"taking refuge, finding shelter",N1,noun,Everyday Essentials
好ましい,このましい,"nice, likable, desirable",N1,i-adjective,Everyday Essentials
けがらわしい,けがらわしい,"filthy, unfair",N1,i-adjective,Everyday Essentials
何気ない,なにげない,"casual, unconcerned",N1,i-adjective,Everyday Essentials
馴々しい,なれなれしい,"familiar, make free with",N1,i-adjective,Everyday Essentials
眠たい,ねむたい,sleepy,N1,i-adjective,Everyday Essentials
行い,おこない,"conduct, behavior, action",N1,i-adjective,Everyday Essentials
お使い,おつかい,errand,N1,i-adjective,Everyday Essentials
くすぐったい,くすぐったい,ticklish,N1,i-adjective,Everyday Essentials
あくどい,あくどい,gaudy vicious,N1,i-adjective,Everyday Essentials
すがすがしい,すがすがしい,"fresh, refreshing",N1,i-adjective,Everyday Essentials
でかい,でかい,huge,N1,i-adjective,Everyday Essentials
ばかばかしい,ばかばかしい,stupid,N1,i-adjective,Everyday Essentials
ふさわしい,ふさわしい,appropriate,N1,i-adjective,Everyday Essentials
真ん丸い,まんまるい,perfectly circular,N1,i-adjective,Everyday Essentials
活発,かっぱつ,"vigor, active",N1,na-adjective,Everyday Essentials
簡潔,かんけつ,"brevity, concise, simple",N1,na-adjective,Everyday Essentials
きっかり,きっかり,"exactly, precisely",N1,na-adjective,Everyday Essentials
きっちり,きっちり,"precisely, tightly",N1,na-adjective,Everyday Essentials
盛大,せいだい,"grand, prosperous, magnificent",N1,na-adjective,Everyday Essentials
静的,せいてき,static,N1,na-adjective,Everyday Essentials
正当,せいとう,"just, due, proper",N1,na-adjective,Everyday Essentials
専修,せんしゅう,specialization,N1,na-adjective,Everyday Essentials
早急,そうきゅう,urgent,N1,na-adjective,Everyday Essentials
早急,さっきゅう,urgent,N1,na-adjective,Everyday Essentials
壮大,そうだい,"magnificent, grand, majestic",N1,na-adjective,Everyday Essentials
中立,ちゅうりつ,neutrality,N1,na-adjective,Everyday Essentials
重宝,ちょうほう,"convenient, useful",N1,na-adjective,Everyday Essentials
しなやか,しなやか,"supple, flexible, elastic",N1,na-adjective,Everyday Essentials
柔軟,じゅうなん,flexible,N1,na-adjective,Everyday Essentials
無難,ぶなん,"safety, security",N1,na-adjective,Everyday Essentials
文化財,ぶんかざい,"cultural assets, cultural property",N1,na-adjective,Everyday Essentials
埋蔵,まいぞう,"buried property, treasure trove",N1,na-adjective,Everyday Essentials
必然,ひつぜん,"inevitable, necessary",N1,na-adjective,Everyday Essentials
ことごとく,ことごとく,"altogether, entirely",N1,adverb,Everyday Essentials
最善,さいぜん,the very best,N1,adverb,Everyday Essentials
とっさに,とっさに,at once,N1,adverb,Everyday Essentials
突如,とつじょ,"suddenly, all of a sudden",N1,adverb,Everyday Essentials
大方,おおかた,"almost all, majority",N1,adverb,Everyday Essentials
きちっと,きちっと,"exactly, perfectly",N1,adverb,Everyday Essentials
てんで,てんで,"(not) at all, altogether, entirely",N1,adverb,Everyday Essentials
あっさり,あっさり,"easily, readily, quickly",N1,adverb,Everyday Essentials
いたって,いたって,"very much, exceedingly, extremely",N1,adverb,Everyday Essentials
そこら,そこら,"everywhere, somewhere",N1,adverb,Everyday Essentials
まるっきり,まるっきり,"completely, perfectly, just as if",N1,adverb,Everyday Essentials
丸々,まるまる,completely,N1,adverb,Everyday Essentials
もしかして,もしかして,"perhaps, possibly",N1,adverb,Everyday Essentials
専ら,もっぱら,"wholly, solely, entirely",N1,adverb,Everyday Essentials
もろに,もろに,"completely, altogether, bodily",N1,adverb,Everyday Essentials
やけに,やけに,"sure, very",N1,adverb,Everyday Essentials
よって (よりどころ),よって (よりどころ),"therefore, consequently",N1,adverb,Everyday Essentials
～界,～かい,"world, circle, kingdom",N1,prefix/suffix,Everyday Essentials
～画,～かく,~ strokes,N1,prefix/suffix,Everyday Essentials
～狂,～きょう,"maniac, fan, freak",N1,prefix/suffix,Everyday Essentials
～きり,～きり,only,N1,prefix/suffix,Everyday Essentials
～合せ,～あわせ,in all,N1,prefix/suffix,Everyday Essentials
～心,～しん,mind of ~,N1,prefix/suffix,Everyday Essentials
～宗,～しゅう,sect,N1,prefix/suffix,Everyday Essentials
干し～,ほし～,dried ~,N1,prefix/suffix,Everyday Essentials
～増し,～増し,~increase,N1,prefix/suffix,Everyday Essentials
