expression,reading,meaning,tags,group
青,あお,blue,N5,N5_Group_1
暇,ひま,"free time, leisure",N5,N5_Group_1
赤,あか,red,N5,N5_Group_1
大変,たいへん,"very; difficult, hard",N5,N5_Group_1
秋,あき,fall (season),N5,N5_Group_1
会う,あう,"to meet, to see",N5,N5_Group_1
暑い,あつい,"hot (in reference to weather), warm",N5,N5_Group_1
朝,あさ,morning,N5,N5_Group_1
～回,～かい,counter for occurrences (~ times),N5,N5_Group_1
頭,あたま,head,N5,N5_Group_1
熱い,あつい,hot (objects),N5,N5_Group_1
開く,あく,"to open, to become open",N5,N5_Group_1
兄,あに,(my) older brother (humble),N5,N5_Group_1
段々,だんだん,"gradually, by degrees",N5,N5_Group_1
姉,あね,(my) older sister (humble),N5,N5_Group_1
厚い,あつい,"kind, warm(hearted), thick, deep",N5,N5_Group_1
雨,あめ,rain,N5,N5_Group_1
遊ぶ,あそぶ,to play; to spend time pleasantly; to hang out,N5,N5_Group_1
～月,～がつ,month of year,N5,N5_Group_1
家,いえ,"house, home",N5,N5_Group_1
薄い,うすい,"thin, weak",N5,N5_Group_1
犬,いぬ,dog,N5,N5_Group_1
時々,ときどき,sometimes,N5,N5_Group_1
歩く,あるく,to walk,N5,N5_Group_1
妹,いもうと,younger sister (humble),N5,N5_Group_1
遅い,おそい,slow; (to be) late,N5,N5_Group_1
色,いろ,color,N5,N5_Group_1
～個,～こ,"counter for small items (e.g., fruits, cups)",N5,N5_Group_1
絵,え,a painting; a picture; a drawing,N5,N5_Group_1
言う,いう,to say,N5,N5_Group_1
辛い,からい,hot and spicy; salty,N5,N5_Group_1
弟,おとうと,younger brother,N5,N5_Group_1
毎朝,まいあさ,every morning,N5,N5_Group_1
顔,かお,face (body part),N5,N5_Group_1
汚い,きたない,"dirty, unclean, filthy",N5,N5_Group_1
行く,いく; ゆく,to go,N5,N5_Group_1
風,かぜ,"wind, breeze",N5,N5_Group_1
～歳,～さい,~ years old,N5,N5_Group_1
方,かた,-- honorific form for 人 (ひと) --; way of doing,N5,N5_Group_1
綺麗,きれい,"pretty, clean, tidy",N5,N5_Group_1
体,からだ,body; health,N5,N5_Group_1
要る,いる,to need,N5,N5_Group_1
口,くち,job opening; mouth,N5,N5_Group_1
靴,くつ,"shoes, footwear",N5,N5_Group_1
黒い,くろい,black; dark,N5,N5_Group_1
国,くに,country; place of origin,N5,N5_Group_1
～時,～じ,~ o'clock (time),N5,N5_Group_1
売る,うる,to sell (v.t.),N5,N5_Group_1
黒,くろ,black,N5,N5_Group_1
結構,けっこう,"splendid; enough, tolerably",N5,N5_Group_1
下,した,"under, below, beneath",N5,N5_Group_1
白,しろ,white,N5,N5_Group_1
手,て,hand,N5,N5_Group_1
置く,おく,to put; to lay; to place,N5,N5_Group_1
寒い,さむい,cold (in reference to weather),N5,N5_Group_1
戸,と,door (Japanese style),N5,N5_Group_1
～人,～じん,counter for people,N5,N5_Group_1
所,ところ,place,N5,N5_Group_1
年,とし,"year, age",N5,N5_Group_1
終る,おわる,"to finish, to close",N5,N5_Group_1
隣,となり,"next to, next door to",N5,N5_Group_1
肉,にく,meat,N5,N5_Group_1
花,はな,flower,N5,N5_Group_1
晩,ばん,evening,N5,N5_Group_1
左,ひだり,left hand side,N5,N5_Group_1
買う,かう,to buy,N5,N5_Group_1
～時,～とき,at the time of ~,N5,N5_Group_1
人,ひと,"man, person",N5,N5_Group_1
百,ひゃく,hundred,N5,N5_Group_1
昼,ひる,"noon, daytime",N5,N5_Group_1
冬,ふゆ,winter,N5,N5_Group_1
返す,かえす,to return something,N5,N5_Group_1
町,まち,town; city,N5,N5_Group_1
窓,まど,window,N5,N5_Group_1
右,みぎ,right hand side,N5,N5_Group_1
水,みず,water,N5,N5_Group_1
道,みち,"road, street; way, directions",N5,N5_Group_1
帰る,かえる,"to go back, to go home, to return",N5,N5_Group_1
目,め,eye(s),N5,N5_Group_1
夜,よる,"evening, night",N5,N5_Group_1
青い,あおい,blue,N5,N5_Group_1
赤い,あかい,red,N5,N5_Group_1
あの,あの,"that over there; like that, that way; um...",N5,N5_Group_1
書く,かく,to write,N5,N5_Group_1
医者,いしゃ,doctor; physician,N5,N5_Group_1
一日,いちにち,one day (duration),N5,N5_Group_1
五日,いつか,five days; fifth day of the month,N5,N5_Group_1
意味,いみ,"meaning, significance",N5,N5_Group_1
うち,うち,home; house; my place,N5,N5_Group_1
貸す,かす,to lend,N5,N5_Group_1
多い,おおい,many; there are a lot,N5,N5_Group_1
大勢,おおぜい,great number of people,N5,N5_Group_1
お金,おかね,money,N5,N5_Group_1
外国,がいこく,foreign country; abroad,N5,N5_Group_1
会社,かいしゃ,"company, corporation",N5,N5_Group_1
聞く,きく,"to hear, to listen, to ask",N5,N5_Group_1
風邪,かぜ,"cold, flu",N5,N5_Group_1
家族,かぞく,"family, members of a family",N5,N5_Group_1
学校,がっこう,a school,N5,N5_Group_1
家庭,かてい,home; family,N5,N5_Group_1
花瓶,かびん,(flower) vase,N5,N5_Group_1
着る,きる,to put on (clothes above your waist); to wear,N5,N5_Group_1
黄色,きいろ,yellow,N5,N5_Group_1
昨日,きのう,yesterday,N5,N5_Group_1
今日,きょう,"today, this day",N5,N5_Group_1
去年,きょねん,last year,N5,N5_Group_1
嫌い,きらい,dislike,N5,N5_Group_1
曇る,くもる,"to become cloudy, to become dim",N5,N5_Group_1
曇り,くもり,"cloudiness, cloudy weather",N5,N5_Group_1
今朝,けさ,this morning,N5,N5_Group_1
玄関,げんかん,entrance (to a house or a building),N5,N5_Group_1
元気,げんき,"health(y), energetic",N5,N5_Group_1
紅茶,こうちゃ,black tea,N5,N5_Group_1
来る,くる,to come,N5,N5_Group_1
ここ,ここ,"here, this place",N5,N5_Group_1
九日,ここのか,nine days; ninth day of the month,N5,N5_Group_1
午前,ごぜん,"morning, A.M.",N5,N5_Group_1
今年,ことし,this year,N5,N5_Group_1
子供,こども,child(ren),N5,N5_Group_1
今月,こんげつ,this month,N5,N5_Group_1
今晩,こんばん,"tonight, this evening",N5,N5_Group_1
さあ,さあ,"come now, well",N5,N5_Group_1
財布,さいふ,wallet,N5,N5_Group_2
静か,しずか,"quiet, calm",N5,N5_Group_2
作文,さくぶん,essay; composition,N5,N5_Group_2
毎月,まいげつ; まいつき,"every month, monthly",N5,N5_Group_2
散歩,さんぽ (する),"walk, stroll",N5,N5_Group_2
消す,けす,"to erase, to delete, to turn off power",N5,N5_Group_2
掃除,そうじ (する),"cleaning, sweeping",N5,N5_Group_2
時間,じかん,time,N5,N5_Group_2
～日,～にち,"~ day of the month, for ~ days",N5,N5_Group_2
仕事,しごと,"work, job, occupation, employment",N5,N5_Group_2
大切,たいせつ,important,N5,N5_Group_2
困る,こまる,"to be bothered, to have difficulty",N5,N5_Group_2
写真,しゃしん,a picture; a photograph,N5,N5_Group_2
毎日,まいにち,every day,N5,N5_Group_2
授業,じゅぎょう,a class (of school),N5,N5_Group_2
高い,たかい,"tall, high; expensive",N5,N5_Group_2
宿題,しゅくだい,homework,N5,N5_Group_2
差す,さす,"to raise (stretch out) hands, to raise (e.g., umbrella)",N5,N5_Group_2
～人,～にん,counter for people,N5,N5_Group_2
上手,じょうず,"be good at, skillful",N5,N5_Group_2
近い,ちかい,"near, close by, short",N5,N5_Group_2
丈夫,じょうぶ,"strong, solid, durable",N5,N5_Group_2
毎年,まいねん; まいとし,"every year, yearly, annually",N5,N5_Group_2
死ぬ,しぬ,to die,N5,N5_Group_2
食堂,しょくどう,"cafeteria, dining hall",N5,N5_Group_2
強い,つよい,"strong, powerful",N5,N5_Group_2
白い,しろい,white,N5,N5_Group_2
～年,～ねん,~ years,N5,N5_Group_2
新聞,しんぶん,newspaper,N5,N5_Group_2
知る,しる,"to know, to understand",N5,N5_Group_2
長い,ながい,"long, lengthy",N5,N5_Group_2
好き,すき,"liking, fondness, love",N5,N5_Group_2
もう,もう,already; again; more,N5,N5_Group_2
少し,すこし,"little, few",N5,N5_Group_2
速い,はやい,"fast, quick",N5,N5_Group_2
吸う,すう,"to breathe in, to suck",N5,N5_Group_2
先月,せんげつ,last month,N5,N5_Group_2
～匹,～ひき,counter for small animals,N5,N5_Group_2
先生,せんせい,"teacher, professor; master; doctor",N5,N5_Group_2
低い,ひくい,"short, low",N5,N5_Group_2
全部,ぜんぶ,"all, entire, whole",N5,N5_Group_2
住む,すむ,"to reside, to live in",N5,N5_Group_2
そこ,そこ,"that place, there; bottom, sole",N5,N5_Group_2
そば,そば,"near, close, beside; Japanese traditional buckwheat noodle",N5,N5_Group_2
古い,ふるい,"old (in reference to objects, not people), aged, ancient",N5,N5_Group_2
大学,だいがく,college; university,N5,N5_Group_2
～本,～ほん,counter for long cylindrical things,N5,N5_Group_2
する,する,"to do, to try; to wear small items (e.g., necktie, watch, etc.)",N5,N5_Group_2
沢山,たくさん,"many, much",N5,N5_Group_2
便利,べんり,"convenient, handy",N5,N5_Group_2
一日,ついたち,one day; first day of the month,N5,N5_Group_2
天気,てんき,weather,N5,N5_Group_2
電気,でんき,"electricity, (electric) light",N5,N5_Group_2
座る,すわる,to sit,N5,N5_Group_2
細い,ほそい,"thin, slender, fine",N5,N5_Group_2
電車,でんしゃ,electric train,N5,N5_Group_2
～か月,～かげつ,(number of) months,N5,N5_Group_2
どう,どう,"how, in what way",N5,N5_Group_2
遠い,とおい,"far (away), distant",N5,N5_Group_2
出す,だす,to take (something) out; to hand in (something),N5,N5_Group_2
十日,とおか,ten days; tenth day of the month,N5,N5_Group_2
どこ,どこ,"where, what place",N5,N5_Group_2
友達,ともだち,friend,N5,N5_Group_2
鶏肉,とりにく,chicken meat,N5,N5_Group_2
ない,ない,"there isn't, doesn't have",N5,N5_Group_2
立つ,たつ,to stand up,N5,N5_Group_2
～ずつ,～ずつ,at a time,N5,N5_Group_2
七日,なのか,seven days; seventh day (of the month),N5,N5_Group_2
名前,なまえ,name,N5,N5_Group_2
晴れ,はれ,clear (sunny) weather,N5,N5_Group_2
一月,ひとつき,one month,N5,N5_Group_2
頼む,たのむ,"to request, to ask (a favor)",N5,N5_Group_2
一人,ひとり,one person,N5,N5_Group_2
病気,びょうき,illness; sickness,N5,N5_Group_2
二人,ふたり,two people,N5,N5_Group_2
二日,ふつか,two days; second day of the month,N5,N5_Group_2
三日,みっか,"three days, third day of the month",N5,N5_Group_2
使う,つかう,to use,N5,N5_Group_2
六日,むいか,six days; sixth day of month,N5,N5_Group_2
眼鏡,めがね,eye glasses,N5,N5_Group_2
問題,もんだい,a problem,N5,N5_Group_2
休み,やすみ,holiday; day off; absence,N5,N5_Group_2
夕方,ゆうがた,"late afternoon (typically just before dinner time), evening",N5,N5_Group_2
作る,つくる,"to make, to create",N5,N5_Group_2
夕飯,ゆうはん,"dinner, supper, evening meal",N5,N5_Group_2
八日,ようか,eight days; eighth day of the month,N5,N5_Group_2
四日,よっか,four days; fourth day of the month,N5,N5_Group_2
来月,らいげつ,next month,N5,N5_Group_2
来年,らいねん,next year,N5,N5_Group_2
出る,でる,"to appear, to leave",N5,N5_Group_2
廊下,ろうか,corridor,N5,N5_Group_2
朝御飯,あさごはん,breakfast,N5,N5_Group_2
明後日,あさって,day after tomorrow,N5,N5_Group_2
あそこ,あそこ,"there, over there, that place",N5,N5_Group_2
いいえ,いいえ,"no, not at all",N5,N5_Group_2
取る,とる,to take (a class); to get (a grade),N5,N5_Group_2
いかが,いかが,"how, in what way",N5,N5_Group_2
いくつ,いくつ,"how many, how old",N5,N5_Group_2
いくら,いくら,"how much, how many",N5,N5_Group_2
映画館,えいがかん,"movie theater, cinema",N5,N5_Group_2
大きな,おおきな,big,N5,N5_Group_2
撮る,とる,"to take (a photo), to make (a film)",N5,N5_Group_2
一昨日,おととい,the day before yesterday,N5,N5_Group_2
かかる,かかる,"it takes (amount of time, money) (v.i.)",N5,N5_Group_2
かばん,かばん,"bag, basket",N5,N5_Group_2
火曜日,かようび,Tuesday,N5,N5_Group_2
金曜日,きんようび,Friday,N5,N5_Group_2
鳴く,なく,to make sound (animal),N5,N5_Group_2
月曜日,げつようび,Monday,N5,N5_Group_2
こっち,こっち,this person; this direction; this side,N5,N5_Group_2
こんな,こんな,"such, like this",N5,N5_Group_2
さ来年,さらいねん,year after next,N5,N5_Group_2
水曜日,すいようび,Wednesday,N5,N5_Group_2
習う,ならう,to learn,N5,N5_Group_2
食べ物,たべもの,food,N5,N5_Group_2
誕生日,たんじょうび,birthday,N5,N5_Group_2
小さな,ちいさな,"small, little",N5,N5_Group_2
地下鉄,ちかてつ,"underground train, subway",N5,N5_Group_2
ドア,ドア,door (Western style),N5,N5_Group_2
どっち,どっち,"which one, which way",N5,N5_Group_2
土曜日,どようび,Saturday,N5,N5_Group_2
日曜日,にちようび,Sunday,N5,N5_Group_2
飲み物,のみもの,"drink, beverage",N5,N5_Group_3
短い,みじかい,short (length),N5,N5_Group_3
始まる,はじまる,(something) begins,N5,N5_Group_3
いつも,いつも,"always, usually, every time, never (with neg. verb)",N5,N5_Group_3
初めて,はじめて,for the first time,N5,N5_Group_3
並ぶ,ならぶ,"to line up, to stand in a line (v.i.)",N5,N5_Group_3
弱い,よわい,weak,N5,N5_Group_3
二十歳,はたち,20 years old,N5,N5_Group_3
～円,～えん,Yen,N5,N5_Group_3
二十日,はつか,"twenty days, twentieth (day of the month)",N5,N5_Group_3
若い,わかい,young,N5,N5_Group_3
なる,なる,to become,N5,N5_Group_3
パン,パン,bread,N5,N5_Group_3
大丈夫,だいじょうぶ,It's ok (all right); No need to worry; Everything is under control,N5,N5_Group_3
晩御飯,ばんごはん,"dinner, evening meal",N5,N5_Group_3
悪い,わるい,"bad, sinful; inferior",N5,N5_Group_3
昼御飯,ひるごはん,"lunch, midday meal",N5,N5_Group_3
脱ぐ,ぬぐ,to take off (clothes),N5,N5_Group_3
お～,お～,honorable ~ (honorific),N5,N5_Group_3
木曜日,もくようび,Thursday,N5,N5_Group_3
明るい,あかるい,bright (in reference to personality or weather); cheerful,N5,N5_Group_3
後,あと,afterwards (later); in the future; the rest; since then,N5,N5_Group_3
大好き,だいすき,"very like-able, like very much",N5,N5_Group_3
寝る,ねる,to sleep; to go to sleep; to go to bed,N5,N5_Group_3
飴,あめ,(hard) candy,N5,N5_Group_3
新しい,あたらしい,new,N5,N5_Group_3
池,いけ,pond,N5,N5_Group_3
～階,～かい,counter for stories (floors) of a building,N5,N5_Group_3
一,いち,one,N5,N5_Group_3
飲む,のむ,to drink,N5,N5_Group_3
あちら,あちら,this way (polite),N5,N5_Group_3
今,いま,now,N5,N5_Group_3
とても,とても,"very (much), greatly, exceedingly",N5,N5_Group_3
嫌,いや,"disagreeable, detestable, unpleasant",N5,N5_Group_3
危ない,あぶない,"dangerous, critical",N5,N5_Group_3
入る,はいる,"to enter, to contain, to hold",N5,N5_Group_3
上,うえ,"above (up, top, etc.), over, on top of",N5,N5_Group_3
～側,～がわ,~ side,N5,N5_Group_3
歌,うた,a song,N5,N5_Group_3
忙しい,いそがしい,"busy (people, days)",N5,N5_Group_3
海,うみ,"sea, beach",N5,N5_Group_3
はく,はく,to put on (items below your waist),N5,N5_Group_3
駅,えき,station,N5,N5_Group_3
男,おとこ,"man, male",N5,N5_Group_3
大きい,おおきい,"big, large",N5,N5_Group_3
おととし,おととし,year before last,N5,N5_Group_3
～語,～ご,"word, language",N5,N5_Group_3
走る,はしる,to run,N5,N5_Group_3
お兄さん,おにいさん,(someone else's) older brother (formal),N5,N5_Group_3
可愛い,かわいい,"cute, adorable",N5,N5_Group_3
お姉さん,おねえさん,older sister (formal),N5,N5_Group_3
おまわりさん,おまわりさん,policeman (friendly term),N5,N5_Group_3
女,おんな,"woman, female",N5,N5_Group_3
働く,はたらく,to work,N5,N5_Group_3
黄色い,きいろい,yellow,N5,N5_Group_3
鍵,かぎ,a lock; a key,N5,N5_Group_3
～ころ; ～ごろ,～ころ; ～ごろ,"about, toward, approximately (time)",N5,N5_Group_3
傘,かさ,"umbrella, parasol",N5,N5_Group_3
角,かど,"corner (e.g., desk, pavement)",N5,N5_Group_3
話す,はなす,to speak,N5,N5_Group_3
紙,かみ,paper,N5,N5_Group_3
木,き,"tree, wood, timber",N5,N5_Group_3
北,きた,north,N5,N5_Group_3
九,きゅう,nine,N5,N5_Group_3
九,く,nine,N5,N5_Group_3
弾く,ひく,to play (a string instrument or piano),N5,N5_Group_3
～冊,～さつ,counter for books,N5,N5_Group_3
薬,くすり,medicine,N5,N5_Group_3
車,くるま,"car, vehicle",N5,N5_Group_3
五,ご,five,N5,N5_Group_3
声,こえ,voice,N5,N5_Group_3
吹く,ふく,"to blow (wind, etc.)",N5,N5_Group_3
魚,さかな,fish,N5,N5_Group_3
先,さき,"future; recent, previous",N5,N5_Group_3
三,さん,three,N5,N5_Group_3
四,し,four,N5,N5_Group_3
塩,しお,salt,N5,N5_Group_3
降る,ふる,"to precipitate, to fall (e.g., rain, snow, etc.)",N5,N5_Group_3
七,しち,seven,N5,N5_Group_3
十,じゅう,ten,N5,N5_Group_3
ズボン,ズボン,trousers,N5,N5_Group_3
背,せい,"(one's) height, stature",N5,N5_Group_3
千,せん,thousand,N5,N5_Group_3
曲る,まがる,"to turn, to bend",N5,N5_Group_3
そうして; そして,そうして; そして,"and, like that",N5,N5_Group_3
外,そと,"outside, exterior",N5,N5_Group_3
空,そら,sky,N5,N5_Group_3
それでは,それでは,"in that situation, well then...",N5,N5_Group_3
卵,たまご,egg,N5,N5_Group_3
待つ,まつ,to wait,N5,N5_Group_3
誰,だれ,who,N5,N5_Group_3
父,ちち,(my) father,N5,N5_Group_3
次,つぎ,next,N5,N5_Group_3
机,つくえ,desk,N5,N5_Group_3
どうして,どうして,"why, for what reason",N5,N5_Group_3
見る,みる,"to see, to look",N5,N5_Group_3
十,(〜を) とお,ten (~),N5,N5_Group_3
鳥,とり,"chicken (lit., bird)",N5,N5_Group_3
中,なか,"inside, middle, among",N5,N5_Group_3
夏,なつ,summer,N5,N5_Group_3
何,なん; なに,what,N5,N5_Group_3
持つ,もつ,"to hold, to carry; to possess",N5,N5_Group_3
二,に,two,N5,N5_Group_3
西,にし,west,N5,N5_Group_3
庭,にわ,garden,N5,N5_Group_3
猫,ねこ,cat,N5,N5_Group_3
歯,は,tooth,N5,N5_Group_3
休む,やすむ,"to rest, to have a break, to get time off",N5,N5_Group_3
箱,はこ,box,N5,N5_Group_3
橋,はし,bridge,N5,N5_Group_3
箸,はし,chopsticks,N5,N5_Group_3
初め; 始め,はじめ,"beginning, start",N5,N5_Group_3
八,はち,eight,N5,N5_Group_3
やる,やる,"to do; to give (to pets, parents, siblings, etc.)",N5,N5_Group_3
鼻,はな,nose,N5,N5_Group_3
話,はなし,"talk (chat), story",N5,N5_Group_3
母,はは,(my) mother,N5,N5_Group_3
春,はる,spring,N5,N5_Group_3
半,はん,"half (e.g., にじはん | half-past two)",N5,N5_Group_3
東,ひがし,east,N5,N5_Group_3
服,ふく,clothes,N5,N5_Group_3
辺,へん,"area, vicinity",N5,N5_Group_3
外,ほか,"other, the rest",N5,N5_Group_4
下さい,ください,(with te-form verb) please do for me,N5,N5_Group_4
ポスト,ポスト,"mailbox; post, position",N5,N5_Group_4
皆さん,みなさん,"all of you, everyone",N5,N5_Group_4
ホテル,ホテル,hotel,N5,N5_Group_4
呼ぶ,よぶ,to call (one's name); to invite,N5,N5_Group_4
こちら,こちら,this person (polite); this way (polite),N5,N5_Group_4
本,ほん,book,N5,N5_Group_4
～中,～じゅう,"during, while",N5,N5_Group_4
前,まえ,"before, in front",N5,N5_Group_4
少ない,すくない,a little; a few,N5,N5_Group_4
読む,よむ,to read,N5,N5_Group_4
まっすぐ,まっすぐ,"straight (ahead), direct",N5,N5_Group_4
みんな,みんな,"all, everyone, everybody",N5,N5_Group_4
万,まん,ten thousand,N5,N5_Group_4
涼しい,すずしい,"cool, refreshing (in reference to weather)",N5,N5_Group_4
店,みせ,"store, shop",N5,N5_Group_4
渡す,わたす,to hand (something) over (v.t.); to get across,N5,N5_Group_4
～台,～だい,counter for vehicles; machines,N5,N5_Group_4
緑,みどり,green,N5,N5_Group_4
小さい,ちいさい,"small, little",N5,N5_Group_4
南,みなみ,South,N5,N5_Group_4
ゆっくりと,ゆっくりと,"slowly, at ease",N5,N5_Group_4
渡る,わたる,"to cross over, to go across",N5,N5_Group_4
耳,みみ,ear,N5,N5_Group_4
冷たい,つめたい,"cold (things, people)",N5,N5_Group_4
村,むら,village,N5,N5_Group_4
～中,～ちゅう,"during, while ~ing",N5,N5_Group_4
もしもし,もしもし,Hello? (used on the phone),N5,N5_Group_4
開ける,あける,to open (v.t.),N5,N5_Group_4
どうぞ,どうぞ,"please, kindly, by all means",N5,N5_Group_4
物,もの,thing (concrete object),N5,N5_Group_4
余り,あまり,not very; surplus,N5,N5_Group_4
門,もん,gate,N5,N5_Group_4
どちら,どちら,which (one) (way); where (polite),N5,N5_Group_4
入れる,いれる,to put in,N5,N5_Group_4
山,やま,mountain,N5,N5_Group_4
～度,～ど,counter for occurrences; ~ degree; ~ point,N5,N5_Group_4
雪,ゆき,snow,N5,N5_Group_4
まずい,まずい,"terrible (in reference to food), unappetizing, unpleasant (taste)",N5,N5_Group_4
横,よこ,beside; side; width,N5,N5_Group_4
教える,おしえる,"to teach, to inform, to instruct",N5,N5_Group_4
零,れい,"zero, nought",N5,N5_Group_4
六,ろく,six,N5,N5_Group_4
難しい,むずかしい,difficult,N5,N5_Group_4
私,わたし,"I, myself",N5,N5_Group_4
何～,なん～,what sort of ~,N5,N5_Group_4
覚える,おぼえる,"to learn, to commit to memory, to remember, to memorize",N5,N5_Group_4
私,わたくし,"I (formal), myself, private affairs",N5,N5_Group_4
易しい,やさしい,"easy, plain, simple",N5,N5_Group_4
ああ,ああ,"Ah!, Oh!",N5,N5_Group_4
明日,あした,tomorrow,N5,N5_Group_4
あれ,あれ,that one (over there),N5,N5_Group_4
掛ける,かける,"to put on (e.g., glasses); to hang (e.g., on a wall)",N5,N5_Group_4
りっぱ,りっぱ,"splendid, fine",N5,N5_Group_4
椅子,いす,chair,N5,N5_Group_4
～杯,～はい,counter for cupfuls,N5,N5_Group_4
痛い,いたい,hurt; painful; sore,N5,N5_Group_4
一番,いちばん,"best (most), first, number one",N5,N5_Group_4
かける,かける,"to dial/call (e.g., phone); to sit down",N5,N5_Group_4
いつ,いつ,when,N5,N5_Group_4
一緒,いっしょ,together,N5,N5_Group_4
五つ,いつつ,five things,N5,N5_Group_4
入口,いりぐち,entrance,N5,N5_Group_4
居る,いる,"(humble) to be (animate), to exist",N5,N5_Group_4
かぶる,かぶる,"to wear, to put on (e.g., a hat on the head)",N5,N5_Group_4
～番,～ばん,~st; ~th best,N5,N5_Group_4
後ろ,うしろ,"back, behind, rear",N5,N5_Group_4
上着,うわぎ,"coat, jacket",N5,N5_Group_4
映画,えいが,"movie, film",N5,N5_Group_4
英語,えいご,English (language),N5,N5_Group_4
答える,こたえる,"to answer, to reply",N5,N5_Group_4
ええ,ええ,yes,N5,N5_Group_4
鉛筆,えんぴつ,pencil,N5,N5_Group_4
お酒,おさけ,sake; alcohol,N5,N5_Group_4
お皿,おさら,"plate, dish",N5,N5_Group_4
お茶,おちゃ,(green) tea,N5,N5_Group_4
閉まる,しまる,"to close, to be closed",N5,N5_Group_4
大人,おとな,adult,N5,N5_Group_4
お腹,おなか,stomach,N5,N5_Group_4
同じ,おなじ,"same, identical",N5,N5_Group_4
音楽,おんがく,Music,N5,N5_Group_4
階段,かいだん,stairs,N5,N5_Group_4
閉める,しめる,"to close, to shut",N5,N5_Group_4
学生,がくせい,student,N5,N5_Group_4
カレンダー,カレンダー,calendar,N5,N5_Group_4
漢字,かんじ,kanji; Chinese character,N5,N5_Group_4
切手,きって,postal (postage) stamps,N5,N5_Group_4
切符,きっぷ,a ticket,N5,N5_Group_4
締める,しめる,"to tie, to fasten, to tighten",N5,N5_Group_4
牛肉,ぎゅうにく,beef,N5,N5_Group_4
牛乳,ぎゅうにゅう,milk,N5,N5_Group_4
教室,きょうしつ,classroom,N5,N5_Group_4
兄弟,きょうだい,"siblings (humble), brothers and sisters",N5,N5_Group_4
銀行,ぎんこう,bank,N5,N5_Group_4
食べる,たべる,to eat,N5,N5_Group_4
果物,くだもの,fruit,N5,N5_Group_4
靴下,くつした,socks,N5,N5_Group_4
警官,けいかん,police officer,N5,N5_Group_4
結婚,けっこん (する),marriage (get married),N5,N5_Group_4
公園,こうえん,a park,N5,N5_Group_4
疲れる,つかれる,to get (become) tired; to become fatigued,N5,N5_Group_4
交番,こうばん,police box,N5,N5_Group_4
午後,ごご,"afternoon, P.M.",N5,N5_Group_4
九つ,ここのつ,nine things,N5,N5_Group_4
言葉,ことば,language; word(s); expression(s),N5,N5_Group_4
この,この,this,N5,N5_Group_4
つける,つける,"to turn on (e.g., a light); to take",N5,N5_Group_4
御飯,ごはん,rice (cooked); meal,N5,N5_Group_4
これ,これ,this one,N5,N5_Group_4
今週,こんしゅう,this week,N5,N5_Group_4
雑誌,ざっし,"magazine, journal",N5,N5_Group_4
砂糖,さとう,sugar,N5,N5_Group_4
勤める,つとめる,to work (for),N5,N5_Group_4
辞書,じしょ,dictionary,N5,N5_Group_4
質問,しつもん,"question, inquiry",N5,N5_Group_4
字引,じびき,dictionary,N5,N5_Group_4
自分,じぶん,"myself, oneself",N5,N5_Group_4
醤油,しょうゆ,soy sauce,N5,N5_Group_4
ストーブ,ストーブ,heater (lit: stove),N5,N5_Group_4
生徒,せいと,student; pupil,N5,N5_Group_4
セーター,セーター,sweater,N5,N5_Group_4
石鹸,せっけん,soap,N5,N5_Group_5
いい; よい,いい; よい,good,N5,N5_Group_5
背広,せびろ,men's suit,N5,N5_Group_5
多分,たぶん,"perhaps, probably, maybe",N5,N5_Group_5
先週,せんしゅう,last week,N5,N5_Group_5
止まる,とまる,to come to a halt,N5,N5_Group_5
お手洗い,おてあらい,"toilet, restroom, bathroom (lit., a place to wash one's hands)",N5,N5_Group_5
洗濯,せんたく,"washing, laundry",N5,N5_Group_5
～分,～ふん,~ minutes,N5,N5_Group_5
その,その,that,N5,N5_Group_5
にぎやか,にぎやか,"bustling, busy",N5,N5_Group_5
無くす,なくす,to lose something,N5,N5_Group_5
それ,それ,that one,N5,N5_Group_5
毎週,まいしゅう,every week,N5,N5_Group_5
台所,だいどころ,kitchen,N5,N5_Group_5
甘い,あまい,"generous, sweet",N5,N5_Group_5
たて,たて,"length, height",N5,N5_Group_5
並べる,ならべる,to put (things) side by side; to line up,N5,N5_Group_5
～枚,～まい,counter for flat things,N5,N5_Group_5
建物,たてもの,building,N5,N5_Group_5
色々,いろいろ,various,N5,N5_Group_5
誰か,だれか,someone,N5,N5_Group_5
毎晩,まいばん,every night,N5,N5_Group_5
欲しい,ほしい,"to want, in need of",N5,N5_Group_5
近く,ちかく,nearby; in the neighborhood,N5,N5_Group_5
重い,おもい,heavy; serious,N5,N5_Group_5
地図,ちず,a map,N5,N5_Group_5
～前,～まえ,in front of ~,N5,N5_Group_5
茶色,ちゃいろ,brown,N5,N5_Group_5
見せる,みせる,"to show, to display",N5,N5_Group_5
軽い,かるい,"light, non-serious, minor",N5,N5_Group_5
茶碗,ちゃわん,rice bowl,N5,N5_Group_5
まだ,まだ,"yet, still, besides",N5,N5_Group_5
丁度,ちょうど,"just, right, exactly",N5,N5_Group_5
暗い,くらい,"dark, gloomy",N5,N5_Group_5
分かる,わかる,to understand,N5,N5_Group_5
手紙,てがみ,letter,N5,N5_Group_5
～屋,～や,~ shop,N5,N5_Group_5
出口,でぐち,an exit,N5,N5_Group_5
狭い,せまい,narrow; not spacious,N5,N5_Group_5
では,では,"then, well, so",N5,N5_Group_5
生まれる,うまれる,to be born,N5,N5_Group_5
でも,でも,"but, however",N5,N5_Group_5
電話,でんわ,a telephone,N5,N5_Group_5
温い,ぬるい,lukewarm,N5,N5_Group_5
動物,どうぶつ,animal,N5,N5_Group_5
～がる,～がる,feel,N5,N5_Group_5
出かける,でかける,to go out; to depart,N5,N5_Group_5
時計,とけい,a watch; a clock,N5,N5_Group_5
広い,ひろい,spacious; wide; broad,N5,N5_Group_5
どの,どの,which,N5,N5_Group_5
どれ,どれ,which one,N5,N5_Group_5
なぜ,なぜ,why (same as どうして),N5,N5_Group_5
洗う,あらう,to wash,N5,N5_Group_5
太い,ふとい,"fat, thick",N5,N5_Group_5
七つ,ななつ,seven things,N5,N5_Group_5
～さん,～さん,"Mr. ~, Ms. ~",N5,N5_Group_5
荷物,にもつ,luggage; baggage,N5,N5_Group_5
ニュース,ニュース,news,N5,N5_Group_5
在る,ある,"to be, to have",N5,N5_Group_5
はい,はい,yes,N5,N5_Group_5
灰皿,はいざら,ashtray,N5,N5_Group_5
葉書,はがき,postcard,N5,N5_Group_5
早い,はやい,early,N5,N5_Group_5
ハンカチ,ハンカチ,handkerchief,N5,N5_Group_5
有る,ある,"to be, to have",N5,N5_Group_5
～時間,～じかん,~ hours,N5,N5_Group_5
番号,ばんごう,"number, series of digits",N5,N5_Group_5
半分,はんぶん,half,N5,N5_Group_5
一つ,ひとつ,one thing,N5,N5_Group_5
病院,びょういん,hospital,N5,N5_Group_5
歌う,うたう,to sing,N5,N5_Group_5
封筒,ふうとう,envelope,N5,N5_Group_5
二つ,ふたつ,two things,N5,N5_Group_5
豚肉,ぶたにく,pork,N5,N5_Group_5
文章,ぶんしょう,"sentence, text",N5,N5_Group_5
下手,へた,"unskillful, poor",N5,N5_Group_5
押す,おす,"to push, to press, to stamp (e.g., a passport)",N5,N5_Group_5
部屋,へや,a room,N5,N5_Group_5
勉強,べんきょう (する),study,N5,N5_Group_5
帽子,ぼうし,hat; cap,N5,N5_Group_5
ボールペン,ボールペン,ball-point pen,N5,N5_Group_5
本棚,ほんだな,bookshelf,N5,N5_Group_5
泳ぐ,およぐ,to swim,N5,N5_Group_5
本当,ほんとう,"real, true",N5,N5_Group_5
また,また,and; furthermore,N5,N5_Group_5
三つ,みっつ,three things,N5,N5_Group_5
六つ,むっつ,six things,N5,N5_Group_5
野菜,やさい,vegetable,N5,N5_Group_5
切る,きる,to cut; to hang up (a phone),N5,N5_Group_5
八つ,やっつ,eight things,N5,N5_Group_5
昨夜,ゆうべ,last night,N5,N5_Group_5
洋服,ようふく,Western-style clothes,N5,N5_Group_5
四つ,よっつ,four things,N5,N5_Group_5
来週,らいしゅう,next week,N5,N5_Group_5
咲く,さく,to bloom,N5,N5_Group_5
ラジオカセ,ラジオカセ,radio cassette player,N5,N5_Group_5
両親,りょうしん,"parents (lit., both parents)",N5,N5_Group_5
料理,りょうり,cooking; cuisine,N5,N5_Group_5
旅行,りょこう,"travel, trip",N5,N5_Group_5
練習,れんしゅう (する),(to) practice,N5,N5_Group_5
違う,ちがう,to be different; to differ; wrong,N5,N5_Group_5
ワイシャツ,ワイシャツ,"shirt (lit: white shirt), business shirt",N5,N5_Group_5
あっち,あっち,over there,N5,N5_Group_5
あなた,あなた,you,N5,N5_Group_5
お菓子,おかし,"confections, sweets, snack",N5,N5_Group_5
奥さん,おくさん,(someone else's) wife (hon.),N5,N5_Group_5
着く,つく,"to arrive at, to reach",N5,N5_Group_5
男の子,おとこのこ,boy,N5,N5_Group_5
お風呂,おふろ,a bath,N5,N5_Group_5
お弁当,おべんとう,a boxed lunch,N5,N5_Group_5
女の子,おんなのこ,girl,N5,N5_Group_5
外国人,がいこくじん,foreigner,N5,N5_Group_5
飛ぶ,とぶ,"to fly, to hop",N5,N5_Group_5
買い物,かいもの,shopping,N5,N5_Group_5
片仮名,かたかな,katakana,N5,N5_Group_5
喫茶店,きっさてん,café,N5,N5_Group_5
交差点,こうさてん,intersection,N5,N5_Group_5
しかし,しかし,however; but,N5,N5_Group_5
自転車,じてんしゃ,bicycle,N5,N5_Group_5
自動車,じどうしゃ,automobile,N5,N5_Group_5
ゼロ,ゼロ,zero,N5,N5_Group_5
そちら,そちら,over there,N5,N5_Group_6
安い,やすい,inexpensive; cheap (things),N5,N5_Group_6
そっち,そっち,over there,N5,N5_Group_6
よく,よく,"frequently, often (much); well, skillfully",N5,N5_Group_6
大使館,たいしかん,embassy,N5,N5_Group_6
有名,ゆうめい,famous,N5,N5_Group_6
登る,のぼる,to climb,N5,N5_Group_6
たばこ,たばこ,"tobacco, cigarettes",N5,N5_Group_6
～週間,～しゅうかん,~ weeks,N5,N5_Group_6
どうも,どうも,Thank you; somehow; no matter how hard one may try,N5,N5_Group_6
暖かい,あたたかい,warm,N5,N5_Group_6
図書館,としょかん,library,N5,N5_Group_6
すぐに,すぐに,"immediately, soon",N5,N5_Group_6
乗る,のる,"to get on, to ride in, to board",N5,N5_Group_6
どなた,どなた,who,N5,N5_Group_6
面白い,おもしろい,"interesting, amusing",N5,N5_Group_6
夏休み,なつやすみ,summer vacation,N5,N5_Group_6
～すぎ,～すぎ,"past; to exceed, ~ too much",N5,N5_Group_6
バス,バス,bus; bath; bass,N5,N5_Group_6
楽しい,たのしい,"enjoyable, fun",N5,N5_Group_6
貼る,はる,to post; to paste; to attach,N5,N5_Group_6
飛行機,ひこうき,airplane,N5,N5_Group_6
平仮名,ひらがな,hiragana,N5,N5_Group_6
ペン,ペン,pen,N5,N5_Group_6
どんな,どんな,"what, what kind of",N5,N5_Group_6
万年筆,まんねんひつ,fountain pen,N5,N5_Group_6
～だけ,～だけ,"only ~, just ~, as ~",N5,N5_Group_6
引く,ひく,"to pull, to draw; subtract",N5,N5_Group_6
向こう,むこう,"beyond, over there",N5,N5_Group_6
うるさい,うるさい,noisy; annoying,N5,N5_Group_6
もっと,もっと,more,N5,N5_Group_6
八百屋,やおや,greengrocer,N5,N5_Group_6
郵便局,ゆうびんきょく,post office,N5,N5_Group_6
美味しい,おいしい,"delicious, tasty",N5,N5_Group_6
磨く,みがく,to brush (teeth); to polish,N5,N5_Group_6
留学生,りゅうがくせい,international student,N5,N5_Group_6
～たち,～たち,plural suffix,N5,N5_Group_6
冷蔵庫,れいぞうこ,refrigerator,N5,N5_Group_6
つまらない,つまらない,"boring, dull; insignificant",N5,N5_Group_6
足; 脚,あし,foot; leg,N5,N5_Group_6
お母さん,おかあさん,mother (formal),N5,N5_Group_6
上げる,あげる,"to raise, to lift",N5,N5_Group_6
伯父; 叔父さん,おじさん,"uncle, middle-aged man",N5,N5_Group_6
丸い; 円い,まるい,"round, circular",N5,N5_Group_6
おじいさん,おじいさん,"grandfather, male senior citizen",N5,N5_Group_6
～など,～など,et cetera,N5,N5_Group_6
お父さん,おとうさん,father (formal),N5,N5_Group_6
～くらい; ぐらい,～くらい; ぐらい,approximate (quantity),N5,N5_Group_6
浴びる,あびる,"to bathe, to shower",N5,N5_Group_6
伯母さん; 叔母さん,おばさん,aunt,N5,N5_Group_6
おばあさん,おばあさん,"grandmother, female senior-citizen",N5,N5_Group_6
カップ,カップ,cup,N5,N5_Group_6
カメラ,カメラ,camera,N5,N5_Group_6
カレー,カレー,curry (abbr. for curry and rice),N5,N5_Group_6
川; 河,かわ,river,N5,N5_Group_6
起きる,おきる,"to get up (e.g., from sleeping); to happen",N5,N5_Group_6
ギター,ギター,guitar,N5,N5_Group_6
キロ; キログラム,キロ; キログラム,(abbr.) kilo (kilogram),N5,N5_Group_6
キロ; キロメートル,キロ; キロメートル,(abbr.) kilo (kilometer),N5,N5_Group_6
クラス,クラス,a class,N5,N5_Group_6
グラム,グラム,gram,N5,N5_Group_6
コート,コート,"coat; court (e.g., tennis)",N5,N5_Group_6
降りる,おりる,to get off,N5,N5_Group_6
コップ,コップ,a tumbler; a glass,N5,N5_Group_6
じゃ; じゃあ,じゃ; じゃあ,"well, well then",N5,N5_Group_6
シャツ,シャツ,shirt,N5,N5_Group_6
そう; そうです,そう; そうです,"yes; appears, to be the case",N5,N5_Group_6
それから,それから,"and then, after that",N5,N5_Group_6
ちょっと,ちょっと,"a little, somewhat; just a little, somewhat",N5,N5_Group_6
借りる,かりる,"to borrow, to owe",N5,N5_Group_6
テープ,テープ,tape,N5,N5_Group_6
テスト,テスト,test,N5,N5_Group_6
テレビ,テレビ,"television, TV",N5,N5_Group_6
トイレ,トイレ,bathroom; toilet,N5,N5_Group_6
ナイフ,ナイフ,knife,N5,N5_Group_6
ノート,ノート,notebook,N5,N5_Group_6
消える,きえる,"to vanish, to disappear",N5,N5_Group_6
バター,バター,butter,N5,N5_Group_6
プール,プール,swimming pool,N5,N5_Group_6
ページ,ページ,a page,N5,N5_Group_6
ベッド,ベッド,bed,N5,N5_Group_6
ペット,ペット,pet,N5,N5_Group_6
ボタン,ボタン,button,N5,N5_Group_6
できる,できる,to be able to (to accomplish),N5,N5_Group_6
マッチ,マッチ,match,N5,N5_Group_6
ラジオ,ラジオ,radio,N5,N5_Group_6
アパート,アパート,apartment (abbr.),N5,N5_Group_6
エレベーター,エレベーター,elevator,N5,N5_Group_6
コーヒー,コーヒー,coffee,N5,N5_Group_6
シャワー,シャワー,shower,N5,N5_Group_6
晴れる,はれる,to be sunny,N5,N5_Group_6
スカート,スカート,skirt,N5,N5_Group_6
スプーン,スプーン,spoon,N5,N5_Group_6
スポーツ,スポーツ,sport(s),N5,N5_Group_6
タクシー,タクシー,taxi,N5,N5_Group_6
テープレコーダー,テープレコーダー,tape recorder,N5,N5_Group_6
テーブル,テーブル,table,N5,N5_Group_6
忘れる,わすれる,to forget,N5,N5_Group_6
デパート,デパート,(abbr.) department store,N5,N5_Group_6
ネクタイ,ネクタイ,"tie, necktie",N5,N5_Group_6
パーティー,パーティー,a party,N5,N5_Group_6
フィルム,フィルム,film (roll of),N5,N5_Group_6
フォーク,フォーク,fork,N5,N5_Group_6
ポケット,ポケット,pocket,N5,N5_Group_6
コピーする,コピーする,to copy,N5,N5_Group_6
メートル,メートル,meter,N5,N5_Group_6
レコード,レコード,record,N5,N5_Group_6
レストラン,レストラン,restaurant,N5,N5_Group_6
僕,ぼく,I (used by men towards those of equal or lower status),N4,N4_Group_1
様,よう,"way, manner, kind",N4,N4_Group_1
点,てん,"mark, score, grade; point, dot",N4,N4_Group_1
踏む,ふむ,"to step on, to tread on",N4,N4_Group_1
大抵,たいてい,"generally, usually",N4,N4_Group_1
彼,かれ,"he, boyfriend",N4,N4_Group_1
お宅,おたく,(someone else's) house; home -- polite word for 家 (いえ) --,N4,N4_Group_1
沸く,わく,"to boil, to grow hot",N4,N4_Group_1
日,ひ,"sun, sunshine, day",N4,N4_Group_1
～月,～つき,month,N4,N4_Group_1
力,ちから,"strength, power",N4,N4_Group_1
折る,おる,"to snap, to break; to bend",N4,N4_Group_1
失礼,しつれい,"discourtesy, impoliteness; Excuse me",N4,N4_Group_1
倍,ばい,double,N4,N4_Group_1
彼ら,かれら,they (usually male),N4,N4_Group_1
壊す,こわす,"to break, to break down",N4,N4_Group_1
昔,むかし,old days; past,N4,N4_Group_1
大事,だいじ,"important, valuable, serious matter",N4,N4_Group_1
壁,かべ,wall,N4,N4_Group_1
怒る,おこる,to get angry; to scold angrily,N4,N4_Group_1
～会,～かい,~ meeting,N4,N4_Group_1
答,こたえ,"answer, response",N4,N4_Group_1
浅い,あさい,"shallow, superficial",N4,N4_Group_1
止む,やむ,"to cease, to stop",N4,N4_Group_1
心,こころ,"heart, mind",N4,N4_Group_1
最近,さいきん,"recently, nowadays, in recent years, most recent, latest",N4,N4_Group_1
用,よう,"errand, task, business (to take care of)",N4,N4_Group_1
通る,とおる,"to pass (by), to go through",N4,N4_Group_1
拝見,はいけんする,"(humble) (polite) seeing, look at",N4,N4_Group_1
子,こ,child,N4,N4_Group_1
～軒,～けん,counter for houses,N4,N4_Group_1
落る,おちる,"to fall, to drop",N4,N4_Group_1
為,ため,"good, advantage, in order to",N4,N4_Group_1
自由,じゆう,freedom,N4,N4_Group_1
市,し,city,N4,N4_Group_1
思う,おもう,"to think, to feel",N4,N4_Group_1
是非,ぜひ,"certainly, by all means; without fail",N4,N4_Group_1
腕,うで,arm (in reference to body),N4,N4_Group_1
安全,あんぜん,"safety, security",N4,N4_Group_1
寄る,よる,to stop by,N4,N4_Group_1
訳,わけ,reason; explanation,N4,N4_Group_1
席,せき,a seat,N4,N4_Group_1
億,おく,hundred million,N4,N4_Group_1
開く,ひらく,to open; to hold (an event),N4,N4_Group_1
湯,ゆ,hot water,N4,N4_Group_1
糸,いと,thread,N4,N4_Group_1
だめ,だめ,"useless, no good, hopeless",N4,N4_Group_1
飾る,かざる,"to decorate, to adorn",N4,N4_Group_1
正月,しょうがつ,"New Year, New Year's Day",N4,N4_Group_1
うん,うん,"yes (informal), all right (ok)",N4,N4_Group_1
今度,こんど,"now, this time, near future, one of these days, next time",N4,N4_Group_1
行う,おこなう,to carry out; to conduct (typically used in written language),N4,N4_Group_1
そう,そう,"really, (is that) so; yes, right",N4,N4_Group_1
出席,しゅっせきする,attendance,N4,N4_Group_1
社長,しゃちょう,president of a company,N4,N4_Group_1
驚く,おどろく,"to be surprised, to be astonished",N4,N4_Group_1
季節,きせつ,season (in reference to weather),N4,N4_Group_1
無理,むり,"unreasonable, impossible",N4,N4_Group_1
品物,しなもの,goods,N4,N4_Group_1
探す,さがす,"to search, to seek, to look for",N4,N4_Group_1
人形,にんぎょう,"doll, figure",N4,N4_Group_1
利用,りよう,"use, utilization",N4,N4_Group_1
用事,ようじ,business to take care of; tasks; errands,N4,N4_Group_1
通う,かよう,to go back and forth; to commute,N4,N4_Group_1
故障,こしょうする,breakdown,N4,N4_Group_1
気分,きぶん,"feeling, mood",N4,N4_Group_1
場合,ばあい,"case, situation",N4,N4_Group_1
写す,うつす,to copy (v.t.); to photograph,N4,N4_Group_1
世界,せかい,world,N4,N4_Group_1
住所,じゅうしょ,address; place of residence,N4,N4_Group_1
柔道,じゅうどう,judo,N4,N4_Group_1
叱る,しかる,to scold,N4,N4_Group_1
一度,いちど,"once, one time",N4,N4_Group_1
水道,すいどう,"water service, water line",N4,N4_Group_1
匂い,におい,"odor, smell",N4,N4_Group_1
空く,あく,"to open, to become empty (vacant)",N4,N4_Group_1
原因,げんいん,"cause, origin, source",N4,N4_Group_1
場所,ばしょ,"place, location",N4,N4_Group_1
以下,いか,"less than, below",N4,N4_Group_1
済む,すむ,"to finish, to end",N4,N4_Group_1
小鳥,ことり,small bird,N4,N4_Group_1
下宿,げしゅく,"lodging, boarding house",N4,N4_Group_1
法律,ほうりつ,law,N4,N4_Group_1
送る,おくる,"to send, to dispatch",N4,N4_Group_1
反対,はんたい,"oppose, opposition, resistance",N4,N4_Group_1
今夜,こんや,"this evening, tonight",N4,N4_Group_1
急行,きゅうこう,express train or bus,N4,N4_Group_1
騒ぐ,さわぐ,"to make noise, to clamor",N4,N4_Group_1
手袋,てぶくろ,glove(s),N4,N4_Group_1
校長,こうちょう,"principal, headmaster",N4,N4_Group_1
冷房,れいぼう,"cooling, air conditioning",N4,N4_Group_1
運ぶ,はこぶ,"to transport, to carry",N4,N4_Group_1
遠慮,えんりょする,"restraint, reserve, hesitate",N4,N4_Group_1
凄い,すごい,"terrific, great",N4,N4_Group_1
入学,にゅうがくする,entry to school or university,N4,N4_Group_1
下る,さがる,"to descend, to drop, to fall",N4,N4_Group_1
理由,りゆう,reason,N4,N4_Group_1
昼間,ひるま,"daytime, during the day",N4,N4_Group_1
下着,したぎ,underwear,N4,N4_Group_1
空く,すく,"to be empty (in reference to people), to be less crowded",N4,N4_Group_1
こう,こう,"like this, this way",N4,N4_Group_1
遊び,あそび,play,N4,N4_Group_1
まず,まず,"first (of all), to start with",N4,N4_Group_1
払う,はらう,to pay,N4,N4_Group_1
遠く,とおく,"far away, distant",N4,N4_Group_1
大体,だいたい,approximately; in most cases; in general; to begin with (same as もともと),N4,N4_Group_1
返事,へんじ,"reply, answer",N4,N4_Group_1
以上,いじょう,more than; this is all,N4,N4_Group_1
特急,とっきゅう,limited express (train faster than an express),N4,N4_Group_1
帰り,かえり,"return, coming back",N4,N4_Group_1
具合,ぐあい,"condition, state, health",N4,N4_Group_1
危険,きけん,"danger, risk, hazard",N4,N4_Group_1
彼女,かのじょ,girlfriend; she,N4,N4_Group_1
田舎,いなか,"rural, countryside",N4,N4_Group_2
厳しい,きびしい,hard; rigorous; strict,N4,N4_Group_2
暖房,だんぼう,heating,N4,N4_Group_2
落す,おとす,"to drop, to lose",N4,N4_Group_2
全然,ぜんぜん,"not at all; wholly, entirely",N4,N4_Group_2
留守,るす,absence; not at home,N4,N4_Group_2
悲しい,かなしい,"sad, sorrowful",N4,N4_Group_2
移る,うつる,to move (from a house); to transfer (from a department); to shift,N4,N4_Group_2
会場,かいじょう,"venue, meeting place",N4,N4_Group_2
～学部,～がくぶ,department of a university,N4,N4_Group_2
最後,さいご,"last, end",N4,N4_Group_2
勝つ,かつ,to win,N4,N4_Group_2
美しい,うつくしい,"beautiful, lovely",N4,N4_Group_2
値段,ねだん,price,N4,N4_Group_2
きっと,きっと,"surely, definitely, undoubtedly, certainly",N4,N4_Group_2
戻る,もどる,to return (v.i.); to come back,N4,N4_Group_2
汽車,きしゃ,train (steam),N4,N4_Group_2
細かい,こまかい,"small; fine, minute",N4,N4_Group_2
最初,さいしょ,"beginning, first",N4,N4_Group_2
生きる,いきる,to live,N4,N4_Group_2
～ちゃん,～ちゃん,suffix for familiar (female) person,N4,N4_Group_2
安心,あんしん,"peace of mind, relief",N4,N4_Group_2
優しい,やさしい,"kind (person), gentle (person), easy (problem)",N4,N4_Group_2
過ぎる,すぎる,"to exceed, to go beyond",N4,N4_Group_2
文化,ぶんか,culture,N4,N4_Group_2
この間,このあいだ,"the other day, recently",N4,N4_Group_2
習慣,しゅうかん,custom (in reference to culture),N4,N4_Group_2
止める,やめる,"to end, to stop",N4,N4_Group_2
柔らかい,やわらかい,"soft (in reference to texture), tender",N4,N4_Group_2
背中,せなか,back (of body),N4,N4_Group_2
～製,～せい,made in ~,N4,N4_Group_2
壊れる,こわれる,"to be broken, to break",N4,N4_Group_2
仕方,しかた,way (of doing something),N4,N4_Group_2
よろしい,よろしい,"(hon.) good, OK, all right",N4,N4_Group_2
失敗,しっぱい,"failure, mistake",N4,N4_Group_2
揺れる,ゆれる,"to shake, to sway",N4,N4_Group_2
一生懸命,いっしょうけんめい,"very hard (as in ""to work hard""), with utmost effort",N4,N4_Group_2
経験,けいけんする,experience,N4,N4_Group_2
お子さん,おこさん,(someone else's) child (polite),N4,N4_Group_2
迎える,むかえる,to welcome; to meet; to greet,N4,N4_Group_2
真中,まんなか,"middle, center",N4,N4_Group_2
花見,はなみ,cherry-blossom viewing,N4,N4_Group_2
途中,とちゅう,"on the way, midway",N4,N4_Group_2
逃げる,にげる,"to escape, to run away",N4,N4_Group_2
見物,けんぶつ,sightseeing,N4,N4_Group_2
会議,かいぎ,business meeting; conference,N4,N4_Group_2
生活,せいかつする,"living, life; to live",N4,N4_Group_2
止める,とめる,to stop (something),N4,N4_Group_2
関係,かんけい,"relation(ship), connection",N4,N4_Group_2
趣味,しゅみ,hobby; pastime,N4,N4_Group_2
社会,しゃかい,society,N4,N4_Group_2
投げる,なげる,"to pitch, to cast away",N4,N4_Group_2
大学生,だいがくせい,"college student, university student",N4,N4_Group_2
売り場,うりば,place where things are sold,N4,N4_Group_2
中学校,ちゅうがっこう,junior high school pupil,N4,N4_Group_2
受ける,うける,"to take (an examination, interview, etc.); to receive",N4,N4_Group_2
さっき,さっき,a little while ago,N4,N4_Group_2
そんな,そんな,"such, like that, that sort of",N4,N4_Group_2
やっと,やっと,"at last, finally",N4,N4_Group_2
痩せる,やせる,to lose weight,N4,N4_Group_2
再来月,さらいげつ,the month after next,N4,N4_Group_2
小学校,しょうがっこう,elementary school,N4,N4_Group_2
捨てる,すてる,"throw away (trash), dump, discard",N4,N4_Group_2
始める,はじめる,"to start, to begin",N4,N4_Group_2
美術館,びじゅつかん,"art gallery, art museum",N4,N4_Group_2
終わり,おわり,end,N4,N4_Group_2
食料品,しょくりょうひん,"foodstuff, groceries",N4,N4_Group_2
もらう,もらう,to receive,N4,N4_Group_2
公務員,こうむいん,"government worker, public servant",N4,N4_Group_2
おつり,おつり,change; balance of money returned to the purchaser,N4,N4_Group_2
気持ち,きもち,"feeling, sensation, mood",N4,N4_Group_2
立てる,たてる,"to stand (something) up, to erect (something)",N4,N4_Group_2
あんな,あんな,"such, like that",N4,N4_Group_2
それで,それで,"and (conj.), thereupon, because of that",N4,N4_Group_2
高校生,こうこうせい,high school student,N4,N4_Group_2
くれる,くれる,"to give, to do for",N4,N4_Group_2
昼休み,ひるやすみ,"lunch break, noon recess",N4,N4_Group_2
忘れ物,わすれもの,"lost article, something forgotten",N4,N4_Group_2
ご存じ,ごぞんじ,"knowing, acquaintance",N4,N4_Group_2
届ける,とどける,to deliver (v.t.),N4,N4_Group_2
新聞社,しんぶんしゃ,newspaper company,N4,N4_Group_2
代わり,かわり,"substitute, replacement",N4,N4_Group_2
この頃,このごろ,"these days, nowadays",N4,N4_Group_2
連れる,つれる,"to lead, to take (a person)",N4,N4_Group_2
おかげ,お陰,thanks or owing to,N4,N4_Group_2
たまに,たまに,occasionally,N4,N4_Group_2
とうとう,とうとう,"finally, at last",N4,N4_Group_2
暮れる,くれる,"to get dark, to come to an end",N4,N4_Group_2
表,おもて,surface; front; outside,N4,N4_Group_2
別,べつ,"distinction, different",N4,N4_Group_2
気,き,"spirit, mood",N4,N4_Group_2
変える,かえる,"to change, to alter, to vary",N4,N4_Group_2
葉,は,leaf,N4,N4_Group_2
月,つき,moon,N4,N4_Group_2
絹,きぬ,silk,N4,N4_Group_2
変わる,かわる,"to change (v.i.), to be transformed, to vary",N4,N4_Group_2
ちっとも,ちっとも,not at all (neg. verb),N4,N4_Group_2
できるだけ,できるだけ,"if at all possible, as much as possible",N4,N4_Group_2
親,おや,a parent,N4,N4_Group_2
見える,みえる,to be visible; -- polite verb meaning 来る (くる) --,N4,N4_Group_2
申し上げる,もうしあげる,"(humble)to say, to tell",N4,N4_Group_2
畳,たたみ,tatami mat (Japanese straw mat),N4,N4_Group_2
星,ほし,star,N4,N4_Group_2
折れる,おれる,"to break, to be folded, to give in; to turn (a corner)",N4,N4_Group_2
林,はやし,"woods, forest",N4,N4_Group_2
線,せん,"line, wire",N4,N4_Group_2
夫,おっと,husband,N4,N4_Group_2
雲,くも,cloud,N4,N4_Group_2
坂,さか,"slope, hill",N4,N4_Group_2
客,きゃく,"guest, customer",N4,N4_Group_2
事,こと,"thing(s), matter(s), fact",N4,N4_Group_2
熱,ねつ,"fever, temperature",N4,N4_Group_2
変,へん,"strange, odd",N4,N4_Group_2
内,うち,"within, inside",N4,N4_Group_3
お見舞い,おみまい,"calling on someone who is ill, visit",N4,N4_Group_3
森,もり,forest,N4,N4_Group_3
あげる,あげる,to give,N4,N4_Group_3
すっかり,すっかり,"all, completely",N4,N4_Group_3
石,いし,stone,N4,N4_Group_3
急,きゅう,"urgent, sudden; steep",N4,N4_Group_3
負ける,まける,"to lose (a game) (v.i.), to be defeated",N4,N4_Group_3
形,かたち,shape,N4,N4_Group_3
～式,～しき,~ ceremony; ~ style,N4,N4_Group_3
火,ひ,fire,N4,N4_Group_3
下りる,おりる,"to get down, to go; come down",N4,N4_Group_3
苦い,にがい,bitter,N4,N4_Group_3
鏡,かがみ,mirror,N4,N4_Group_3
皆,みな,everyone,N4,N4_Group_3
慣れる,なれる,to grow accustomed to,N4,N4_Group_3
味,あじ,"flavor, taste",N4,N4_Group_3
複雑,ふくざつ,"complexity, complication",N4,N4_Group_3
ごちそう,ごちそう,"feast, treating (someone)",N4,N4_Group_3
手伝う,てつだう,to help,N4,N4_Group_3
～員,～いん,member of ~,N4,N4_Group_3
港,みなと,"harbor, port",N4,N4_Group_3
必要,ひつよう,necessary,N4,N4_Group_3
褒める,ほめる,to praise; to say nice things,N4,N4_Group_3
米,こめ,uncooked rice,N4,N4_Group_3
そろそろ,そろそろ,"gradually, soon",N4,N4_Group_3
隅,すみ,corner,N4,N4_Group_3
遅れる,おくれる,to (be) become late,N4,N4_Group_3
深い,ふかい,"deep, profound",N4,N4_Group_3
夢,ゆめ,a dream,N4,N4_Group_3
～様,～さま,"Mr., Mrs., Ms.",N4,N4_Group_3
冷える,ひえる,"to grow cold, to cool down",N4,N4_Group_3
喉,のど,throat,N4,N4_Group_3
盛ん,さかん,"prosperous, active, thriving",N4,N4_Group_3
血,ち,blood,N4,N4_Group_3
かまう,,"to mind, to care about, to be concerned about",N4,N4_Group_3
もうすぐ,もうすぐ,very soon; in a few moments; days,N4,N4_Group_3
毛,け,"hair, fur",N4,N4_Group_3
丁寧,ていねい,"polite, courteous, careful",N4,N4_Group_3
割れる,われる,to break,N4,N4_Group_3
押し入れ,おしいれ,closet,N4,N4_Group_3
裏,うら,"reverse side, back",N4,N4_Group_3
音,おと,"sound, note",N4,N4_Group_3
倒れる,たおれる,"to collapse, to break down",N4,N4_Group_3
都,と,metropolitan,N4,N4_Group_3
お金持ち,かねもち; おかねもち,rich person,N4,N4_Group_3
島,しま,island,N4,N4_Group_3
考える,かんがえる,to think (about); to consider,N4,N4_Group_3
妻,つま,wife (humble),N4,N4_Group_3
髪,かみ,hair,N4,N4_Group_3
天気予報,てんきよほう,weather forecast,N4,N4_Group_3
向かう,むかう,"to face, to go towards",N4,N4_Group_3
間,あいだ,"space, interval",N4,N4_Group_3
枝,えだ,"branch, twig",N4,N4_Group_3
そんなに,そんなに,"so much, like that",N4,N4_Group_3
汚れる,よごれる,to become dirty,N4,N4_Group_3
高校; 高等学校,こうこう; こうとうがっこう,high school; senior high school,N4,N4_Group_3
寺,てら,Buddhist temple,N4,N4_Group_3
なるほど,なるほど,I see; I now understand,N4,N4_Group_3
訪ねる,たずねる,to visit,N4,N4_Group_3
くださる,くださる,"(hon.) to give, to confer",N4,N4_Group_3
光,ひかり,light,N4,N4_Group_3
字,じ,letter; character,N4,N4_Group_3
下げる,さげる,to lower (v.t.); to hang,N4,N4_Group_3
あ,あ,Ah,N4,N4_Group_3
久しぶり,ひさしぶり,it has been a long time; for the first time in a long time,N4,N4_Group_3
君,きみ,you (informal for men),N4,N4_Group_3
上がる,あがる,"to rise, to go up",N4,N4_Group_3
首,くび,neck,N4,N4_Group_3
程,ほど,"degree, extent",N4,N4_Group_3
舟,ふね,"ship, boat",N4,N4_Group_3
うかがう,うかがう,to ask,N4,N4_Group_3
虫,むし,insect,N4,N4_Group_3
コンピュータ; コンピューター,コンピュータ; コンピューター,computer,N4,N4_Group_3
砂,すな,sand,N4,N4_Group_3
間違える,まちがえる,to make a mistake,N4,N4_Group_3
草,くさ,grass,N4,N4_Group_3
娘,むすめ,daughter (humble),N4,N4_Group_3
湖,みずうみ,lake,N4,N4_Group_3
思い出す,おもいだす,"to recall, to remember",N4,N4_Group_3
棚,たな,"shelves, rack",N4,N4_Group_3
指,ゆび,finger,N4,N4_Group_3
意見,いけん,"opinion, view, idea",N4,N4_Group_3
引っ越す,ひっこす,to move to a new place of residence,N4,N4_Group_3
漫画,まんが,"comic (book), cartoon",N4,N4_Group_3
医学,いがく,medical science,N4,N4_Group_3
床屋,とこや,barber's (shop),N4,N4_Group_3
亡くなる,なくなる,to pass away,N4,N4_Group_3
運動,うんどうする,exercise,N4,N4_Group_3
もし,もし,if,N4,N4_Group_3
予習,よしゅう,preparation of lessons (for class),N4,N4_Group_3
片付ける,かたづける,"to (clean) tidy up (v.t.), to put away",N4,N4_Group_3
心配,しんぱいする,"worry, concern",N4,N4_Group_3
郊外,こうがい,"suburb, outskirts",N4,N4_Group_3
規則,きそく,"rule, regulation",N4,N4_Group_3
びっくりする,びっくりする,to be surprised,N4,N4_Group_3
発音,はつおん,pronunciation,N4,N4_Group_3
屋上,おくじょう,rooftop,N4,N4_Group_3
ごみ,ごみ,"trash, garbage",N4,N4_Group_3
見つかる,みつかる,"to be found (v.i.), to be discovered",N4,N4_Group_3
機会,きかい,"chance, opportunity",N4,N4_Group_3
布団,ふとん,futon,N4,N4_Group_3
泥棒,どろぼう,thief; burglar,N4,N4_Group_3
回る、回す,まわる、まわす,"to go around, to revolve",N4,N4_Group_3
注意,ちゅうい,"caution, attention",N4,N4_Group_3
台風,たいふう,typhoon,N4,N4_Group_3
課長,かちょう,section manager,N4,N4_Group_3
地震,じしん,earthquake,N4,N4_Group_3
人口,じんこう,population,N4,N4_Group_3
アルバイト,アルバイト,part-time job,N4,N4_Group_3
致す,いたす,-- extra-modest expression for する --,N4,N4_Group_3
うそ,嘘,lie,N4,N4_Group_3
小説,しょうせつ,novel,N4,N4_Group_3
西洋,せいよう,"the West, Western countries",N4,N4_Group_4
親切,しんせつ,kindness,N4,N4_Group_4
時代,じだい,"age, period, epoch, era",N4,N4_Group_4
取り替える,とりかえる,"to exchange, to replace",N4,N4_Group_4
必ず,かならず,"surely, certainly",N4,N4_Group_4
建て,～だて,"~ storied, separate housing",N4,N4_Group_4
専門,せんもん,major; speciality,N4,N4_Group_4
間に合う,まにあう,to be in time for,N4,N4_Group_4
残念,ざんねん,regret; regrettable,N4,N4_Group_4
～代,～だい,~ age; period,N4,N4_Group_4
地理,ちり,geography,N4,N4_Group_4
役に立つ,やくにたつ,"to be helpful, to be useful",N4,N4_Group_4
簡単,かんたん,simple,N4,N4_Group_4
怖い,こわい,"scary, frightening",N4,N4_Group_4
中々,なかなか,"very, considerably, quite",N4,N4_Group_4
乗り換える,のりかえる,"to transfer (trains), to change (bus, train, etc.)",N4,N4_Group_4
準備,じゅんびする,prepare,N4,N4_Group_4
特別,とくべつ,special,N4,N4_Group_4
戦争,せんそう,war,N4,N4_Group_4
うれしい,嬉しい,to be happy; to be glad,N4,N4_Group_4
御～,ご～,honorable ~,N4,N4_Group_4
寝坊,ねぼう,sleeping in late,N4,N4_Group_4
大分,だいぶ,"fairly well, to a large extent, considerably, pretty much",N4,N4_Group_4
盗む,ぬすむ,to steal; to rob,N4,N4_Group_4
連絡,れんらく,"communication, contact, connection",N4,N4_Group_4
随分,ずいぶん,extremely,N4,N4_Group_4
試合,しあい,"match, game, competition",N4,N4_Group_4
鳴る,なる,"to sound, to ring (v.i.)",N4,N4_Group_4
～家,～か,person who is specialized in ~,N4,N4_Group_4
適当,てきとう,"fitness, suitability",N4,N4_Group_4
～君,～くん,"Mr. (junior) ~, master ~",N4,N4_Group_4
拾う,ひろう,"to pick up (something), to find",N4,N4_Group_4
文法,ぶんぽう,grammar,N4,N4_Group_4
珍しい,めずらしい,"unusual, rare",N4,N4_Group_4
お礼,おれい,expression of gratitude; thanking; gift of appreciation; bow,N4,N4_Group_4
焼く,やく,"to bake, to grill",N4,N4_Group_4
すっと,すっと,"straight, quickly",N4,N4_Group_4
熱心,ねっしん,enthusiasm,N4,N4_Group_4
寂しい,さびしい,"lonely, lonesome",N4,N4_Group_4
祈る,いのる,to pray; to wish,N4,N4_Group_4
事故,じこ,accident,N4,N4_Group_4
辞典,じてん,"encyclopedia, reference book",N4,N4_Group_4
祖母,そぼ,grandmother,N4,N4_Group_4
噛む,かむ,"to bite, to chew",N4,N4_Group_4
受付,うけつけ,reception(ist) desk,N4,N4_Group_4
景色,けしき,"scenery, landscape",N4,N4_Group_4
確か,たしか,"if I remember correctly; certain, definite",N4,N4_Group_4
触る,さわる,"to touch, to feel",N4,N4_Group_4
以内,いない,"within, less (no more) than",N4,N4_Group_4
予定,よてい,"plans, arrangement, schedule",N4,N4_Group_4
用意,ようい,preparation,N4,N4_Group_4
包む,つつむ,"to wrap, to cover",N4,N4_Group_4
運転,うんてんする,driving,N4,N4_Group_4
旅館,りょかん,a Japanese inn,N4,N4_Group_4
海岸,かいがん,"coast, seashore",N4,N4_Group_4
光る,ひかる,"to shine, to glitter",N4,N4_Group_4
味噌,みそ,"miso, bean paste",N4,N4_Group_4
案内,あんないする,"information, guidance",N4,N4_Group_4
技術,ぎじゅつ,"technique, technology, skill",N4,N4_Group_4
泣く,なく,to cry,N4,N4_Group_4
招待,しょうたいする,invitation,N4,N4_Group_4
はず,はず,it should be so,N4,N4_Group_4
貿易,ぼうえき,trade,N4,N4_Group_4
治る,なおる,to get better; to recover from illness (v.i.),N4,N4_Group_4
おる,おる,-- extra-modest expression for いる --,N4,N4_Group_4
申す,もうす,-- extra-modest (humble) expression for 言う (いう) --,N4,N4_Group_4
試験,しけん,an exam,N4,N4_Group_4
残る,のこる,"to remain (v.i.), to be left",N4,N4_Group_4
店員,てんいん,clerk; shop-employee,N4,N4_Group_4
会話,かいわ,conversation,N4,N4_Group_4
空気,くうき,"air, atmosphere",N4,N4_Group_4
選ぶ,えらぶ,to choose; to select,N4,N4_Group_4
交通,こうつう,"traffic, transportation",N4,N4_Group_4
空港,くうこう,airport,N4,N4_Group_4
踊り,おどり,dance,N4,N4_Group_4
乾く,かわく,to get dry,N4,N4_Group_4
興味,きょうみ,interest (in something),N4,N4_Group_4
都合,つごう,"circumstances, convenience",N4,N4_Group_4
科学,かがく,science,N4,N4_Group_4
踊る,おどる,to dance,N4,N4_Group_4
祖父,そふ,grandfather,N4,N4_Group_4
予約,よやく,reservation,N4,N4_Group_4
パソコン,パソコン,(personal) computer,N4,N4_Group_4
塗る,ぬる,"to paint, to plaster",N4,N4_Group_4
部長,ぶちょう,department (division) manager,N4,N4_Group_4
火事,かじ,fire,N4,N4_Group_4
教会,きょうかい,church,N4,N4_Group_4
進む,すすむ,"to advance, to proceed",N4,N4_Group_4
男性,だんせい,man; male,N4,N4_Group_4
生産,せいさんする,production; to produce,N4,N4_Group_4
着物,きもの,kimono; Japanese traditional dress,N4,N4_Group_4
楽む,たのしむ,to enjoy,N4,N4_Group_4
教育,きょういく,education,N4,N4_Group_4
女性,じょせい,woman,N4,N4_Group_4
邪魔,じゃま,"hindrance, intrusion",N4,N4_Group_4
喜ぶ,よろこぶ,"to rejoice, to be delighted, to be glad",N4,N4_Group_4
国際,こくさい,international,N4,N4_Group_4
伺う,うかがう,"humble form of 行く (いく), 聞く (きく) and 来る (くる)",N4,N4_Group_4
周り,まわり,surroundings,N4,N4_Group_4
足す,たす,to add (numbers),N4,N4_Group_4
歴史,れきし,history,N4,N4_Group_4
不便,ふべん,inconvenience,N4,N4_Group_4
電灯,でんとう,electric light,N4,N4_Group_4
釣る,つる,to fish,N4,N4_Group_4
講堂,こうどう,auditorium,N4,N4_Group_4
特に,とくに,particularly,N4,N4_Group_4
計画,けいかくする,"plan, project, schedule",N4,N4_Group_4
通り,とおり,"~ Street, ~ Avenue",N4,N4_Group_4
経済,けいざい,"economics, finance, economy",N4,N4_Group_4
以外,いがい,"other than, with the exception of, excepting",N4,N4_Group_4
支度,したくする,preparation,N4,N4_Group_4
十分,じゅうぶん,enough,N4,N4_Group_4
輸入,ゆにゅう,import,N4,N4_Group_4
産業,さんぎょう,industry,N4,N4_Group_5
お祝い,おいわい,"congratulation, celebration",N4,N4_Group_5
説明,せつめい,explanation,N4,N4_Group_5
打つ,うつ,"to hit, to strike",N4,N4_Group_5
非常に,ひじょうに,extremely; very,N4,N4_Group_5
道具,どうぐ,tool,N4,N4_Group_5
ひどい,ひどい,"terrible, awful, unfair, cruel",N4,N4_Group_5
謝る,あやまる,to apologize,N4,N4_Group_5
卒業,そつぎょう,graduation,N4,N4_Group_5
～町,～ちょう,the town of ~,N4,N4_Group_5
放送,ほうそうする,broadcasting,N4,N4_Group_5
滑る,すべる,"to slide, to slip",N4,N4_Group_5
うまい,うまい,delicious; skillful; fortunate,N4,N4_Group_5
政治,せいじ,politics,N4,N4_Group_5
決して,けっして,never,N4,N4_Group_5
似る,にる,"to resemble, to be similar",N4,N4_Group_5
市民,しみん,citizen,N4,N4_Group_5
正しい,ただしい,correct,N4,N4_Group_5
指輪,ゆびわ,(finger) ring,N4,N4_Group_5
笑う,わらう,"to laugh, to smile",N4,N4_Group_5
～目,～め,"number ~ sequence, ~nd; ~th",N4,N4_Group_5
講義,こうぎ,a lecture,N4,N4_Group_5
恥ずかしい,はずかしい,"ashamed, embarrassed",N4,N4_Group_5
合う,あう,"to fit, to match",N4,N4_Group_5
承知,しょうちする,"consent, acceptance",N4,N4_Group_5
ほとんど,ほとんど,"mostly, almost",N4,N4_Group_5
日記,にっき,"diary, journal",N4,N4_Group_5
太る,ふとる,to gain weight,N4,N4_Group_5
素晴らしい,すばらしい,wonderful; terrific,N4,N4_Group_5
割合,わりあい,"rate, ratio, percentage",N4,N4_Group_5
～まま,～まま,as it is,N4,N4_Group_5
直る,なおる,to be fixed,N4,N4_Group_5
普通,ふつう,common; usual,N4,N4_Group_5
おかしい,おかしい,strange; odd; funny,N4,N4_Group_5
息子,むすこ,(humble) son,N4,N4_Group_5
直す,なおす,to correct (v.t.); to fix,N4,N4_Group_5
どんどん,どんどん,quickly and steadily; at a rapid pace,N4,N4_Group_5
文学,ぶんがく,literature,N4,N4_Group_5
お嬢さん,おじょうさん,(someone's) daughter (polite),N4,N4_Group_5
続く,つづく,to be continued,N4,N4_Group_5
最も,もっとも,most,N4,N4_Group_5
退院,たいいんする,leaving hospital,N4,N4_Group_5
注射,ちゅうしゃ,injection,N4,N4_Group_5
点く,つく,"to be started, to be switched on",N4,N4_Group_5
先輩,せんぱい,senior members of a group,N4,N4_Group_5
約束,やくそく,"arrangement, appointment, promise",N4,N4_Group_5
世話,せわする,looking after; to look after,N4,N4_Group_5
動く,うごく,to move,N4,N4_Group_5
近所,きんじょ,neighborhood,N4,N4_Group_5
将来,しょうらい,(in the) future; prospects,N4,N4_Group_5
数学,すうがく,mathematics,N4,N4_Group_5
急ぐ,いそぐ,"to hurry, to be in a hurry, to rush",N4,N4_Group_5
明日,あす,tomorrow,N4,N4_Group_5
出発,しゅっぱつする,departure,N4,N4_Group_5
眠い,ねむい,"sleepy, drowsy",N4,N4_Group_5
込む,こむ,to be crowded,N4,N4_Group_5
工業,こうぎょう,(manufacturing) industry,N4,N4_Group_5
ひげ,ひげ,beard,N4,N4_Group_5
工場,こうじょう,factory,N4,N4_Group_5
眠る,ねむる,to sleep,N4,N4_Group_5
紹介,しょうかい,an introduction,N4,N4_Group_5
両方,りょうほう,"both sides, both parties",N4,N4_Group_5
水泳,すいえい,swimming,N4,N4_Group_5
比べる,くらべる,to compare,N4,N4_Group_5
警察,けいさつ,police; police station,N4,N4_Group_5
参る,まいる,humble expression for 行く and 来る,N4,N4_Group_5
復習,ふくしゅう,"review (of lessons), revision",N4,N4_Group_5
建てる,たてる,to build,N4,N4_Group_5
研究,けんきゅう,"study, research, investigation",N4,N4_Group_5
入院,にゅういんする,hospitalization,N4,N4_Group_5
相談,そうだんする,consultation,N4,N4_Group_5
起こす,おこす,to wake (someone) up,N4,N4_Group_5
翻訳,ほんやく,translation,N4,N4_Group_5
食事,しょくじする,meal,N4,N4_Group_5
競争,きょうそう,"competition, contest",N4,N4_Group_5
決まる,きまる,to be set; fixed (v.i.),N4,N4_Group_5
番組,ばんぐみ,broadcast program,N4,N4_Group_5
木綿,もめん,cotton,N4,N4_Group_5
輸出,ゆしゅつする,export,N4,N4_Group_5
頑張る,がんばる,"to try one's best, to try hard, to persist",N4,N4_Group_5
すり,すり,pickpocket,N4,N4_Group_5
神社,じんじゃ,Shinto shrine,N4,N4_Group_5
電報,でんぽう,telegram,N4,N4_Group_5
足りる,たりる,to be sufficient; to be enough,N4,N4_Group_5
家内,かない,(one's own) wife,N4,N4_Group_5
運転手,うんてんしゅ,driver (by occupation),N4,N4_Group_5
つもり,つもり,"intention, plan",N4,N4_Group_5
決める,きめる,to decide (v.t.),N4,N4_Group_5
贈り物,おくりもの,a gift; a present,N4,N4_Group_5
すると,すると,"and, then",N4,N4_Group_5
ガス,ガス,gas,N4,N4_Group_5
調べる,しらべる,to check; to look up; to inquire; to search,N4,N4_Group_5
それに,それに,moreover; besides,N4,N4_Group_5
動物園,どうぶつえん,zoo,N4,N4_Group_5
だから,だから,so; therefore,N4,N4_Group_5
漬ける,つける,"to soak, to moisten, to pickle",N4,N4_Group_5
会議室,かいぎしつ,conference room,N4,N4_Group_5
ビル,ビル,(abbr.) building,N4,N4_Group_5
ぶどう,ぶどう,grapes,N4,N4_Group_5
増える,ふえる,"to increase, to multiply",N4,N4_Group_5
パパ,パパ,"papa, daddy",N4,N4_Group_5
飛行場,ひこうじょう,airport,N4,N4_Group_5
事務所,じむしょ,office,N4,N4_Group_5
育てる,そだてる,to raise (v.t.); to bring up,N4,N4_Group_5
なさる,なさる,-- honorific expression for する --,N4,N4_Group_5
歯医者,はいしゃ,dentist,N4,N4_Group_5
お祭り,おまつり,festival,N4,N4_Group_5
ベル,ベル,bell,N4,N4_Group_5
赤ん坊,あかんぼう,baby,N4,N4_Group_5
または,または,"or, otherwise",N4,N4_Group_5
ご主人,ごしゅじん,"(your, her) husband",N4,N4_Group_5
お土産,おみやげ,souvenir,N4,N4_Group_5
乗り物,のりもの,vehicle,N4,N4_Group_5
真面目,まじめ,"diligent, serious",N4,N4_Group_6
いっぱい,一杯,"full, to the utmost",N4,N4_Group_6
再来週,さらいしゅう,the week after next,N4,N4_Group_6
泊まる,とまる,to stay (over night) (v.i.),N4,N4_Group_6
もちろん,もちろん,"certainly, of course",N4,N4_Group_6
例えば,たとえば,"for example, e.g.",N4,N4_Group_6
堅; 硬; 固い,かたい,"solid, hard, firm",N4,N4_Group_6
沸かす,わかす,to boil,N4,N4_Group_6
レジ,レジ,register,N4,N4_Group_6
～ばかり,～ばかり,"just did ~, only",N4,N4_Group_6
駐車場,ちゅうしゃじょう,parking lot,N4,N4_Group_6
伝える,つたえる,"to convey (a message); to tell, to report",N4,N4_Group_6
～やすい,～やすい,easy to do ~,N4,N4_Group_6
展覧会,てんらんかい,exhibition,N4,N4_Group_6
～おき,～おき,after every ~,N4,N4_Group_6
尋ねる,たずねる,to inquire (same as 質問する),N4,N4_Group_6
研究室,けんきゅうしつ,the professor's office; laboratory,N4,N4_Group_6
～にくい,～にくい,difficult to do ~,N4,N4_Group_6
看護婦,かんごふ,(female) nurse,N4,N4_Group_6
集める,あつめる,"to collect, to gather (v.t.), to assemble",N4,N4_Group_6
～(に) よると,～(に) よると,according to ~,N4,N4_Group_6
楽しみ,たのしみ,"pleasure, joy",N4,N4_Group_6
～区,～く,"~ district, ~ ward, ~ borough",N4,N4_Group_6
焼ける,やける,"to burn, to be roasted",N4,N4_Group_6
しっかり,しっかり,"firmly, steady",N4,N4_Group_6
やはり; やっぱり,やはり; やっぱり,"as I thought, absolutely",N4,N4_Group_6
いらっしゃる,いらっしゃる,"-- honorific expression for いく, くる, and いる --",N4,N4_Group_6
続ける,つづける,"to continue, to keep up",N4,N4_Group_6
レポート; リポート,レポート; リポート,report,N4,N4_Group_6
ガラス,ガラス,"glass, pane",N4,N4_Group_6
～(に) ついて,～(に) ついて,"about, concerning",N4,N4_Group_6
濡れる,ぬれる,to get wet,N4,N4_Group_6
赤ちゃん,あかちゃん,"baby, infant",N4,N4_Group_6
パート (タイム),パート (タイム),part time (esp. female part time employees),N4,N4_Group_6
なるべく,なるべく,"if possible, as much as possible",N4,N4_Group_6
植える,うえる,to plant,N4,N4_Group_6
いくら～ても,いくら～ても,however much one may ~,N4,N4_Group_6
けんかする,けんかする,quarrel,N4,N4_Group_6
いただく,頂く,-- extra-modest expression for たべる and のむ; humble expression for もらう --,N4,N4_Group_6
別れる,わかれる,"to part from, to separate",N4,N4_Group_6
けがする,けがする,"injury (to animate object), hurt",N4,N4_Group_6
サラダ,サラダ,salad,N4,N4_Group_6
あいさつする,挨拶,greet(ing),N4,N4_Group_6
集まる,あつまる,"to gather (v.i.), to collect",N4,N4_Group_6
消しゴム,けしゴム,eraser,N4,N4_Group_6
ジャム,ジャム,jam,N4,N4_Group_6
ごらんになる,,-- honorific expression for みる --,N4,N4_Group_6
聞こえる,きこえる,"to be heard, to be audible",N4,N4_Group_6
チェックする,チェックする,check,N4,N4_Group_6
はっきり,はっきり,"clearly, distinctly",N4,N4_Group_6
差し上げる,さしあげる,-- humble expression for あげる --,N4,N4_Group_6
捕まえる,つかまえる,"to catch, to arrest",N4,N4_Group_6
おもちゃ,おもちゃ,a toy,N4,N4_Group_6
しばらく,しばらく,little while,N4,N4_Group_6
おいでになる,おいでになる,(hon.) to be,N4,N4_Group_6
無くなる,なくなる,"to disappear, to get lost",N4,N4_Group_6
引き出し,ひきだし,drawer,N4,N4_Group_6
スーツ,スーツ,suit,N4,N4_Group_6
アジア,アジア,Asia,N4,N4_Group_6
知らせる,しらせる,to notify,N4,N4_Group_6
召し上がる,めしあがる,-- honorific form of 食べる (たべる) and 飲む (のむ) --,N4,N4_Group_6
かっこう,格好,"appearance, manner, shape, form, posture",N4,N4_Group_6
おっしゃる,おっしゃる,-- honorific expression for いう --,N4,N4_Group_6
～だす,～だす,to start doing ~,N4,N4_Group_6
けれど; けれども,けれど; けれども,"but, although",N4,N4_Group_6
ケーキ,ケーキ,cake,N4,N4_Group_6
テニス,テニス,tennis,N4,N4_Group_6
それほど,それほど,to that degree; extent,N4,N4_Group_6
ピアノ,ピアノ,piano,N4,N4_Group_6
タイプ,タイプ,"type, style",N4,N4_Group_6
ソフト,ソフト,soft; soft hat; software,N4,N4_Group_6
見つける,みつける,"to discover, to find (v.t.)",N4,N4_Group_6
これから,これから,"from now on, after this",N4,N4_Group_6
ガソリン,ガソリン,"gasoline, petrol",N4,N4_Group_6
ステレオ,ステレオ,stereo,N4,N4_Group_6
いじめる,いじめる,"to bully, to torment",N4,N4_Group_6
テキスト,テキスト,text; text book,N4,N4_Group_6
オートバイ,オートバイ,motorcycle (lit: auto-bi(ke)),N4,N4_Group_6
アフリカ,アフリカ,Africa,N4,N4_Group_6
～続ける,～つづける,to continue doing ~,N4,N4_Group_6
エスカレーター,エスカレーター,escalator,N4,N4_Group_6
サンドイッチ,サンドイッチ,sandwich,N4,N4_Group_6
スクリーン,スクリーン,screen,N4,N4_Group_6
～始める,～はじめる,to start doing ~,N4,N4_Group_6
ステーキ,ステーキ,steak,N4,N4_Group_6
オーバー,オーバー,"overcoat; over, exceeding, exaggeration",N4,N4_Group_6
アナウンサー,アナウンサー,announcer,N4,N4_Group_6
～おわる,～おわる,to finish doing ~,N4,N4_Group_6
ワープロ,ワープロ,word processor,N4,N4_Group_6
アメリカ,アメリカ,"America, U.S.A.",N4,N4_Group_6
サンダル,サンダル,sandal,N4,N4_Group_6
～(て) しまう,～(て) しまう,to end up ~,N4,N4_Group_6
ハンバーグ,ハンバーグ,hamburger steak,N4,N4_Group_6
プレゼント,プレゼント,"present, gift",N4,N4_Group_6
ファックス,ファックス,fax,N4,N4_Group_6
～ございます,～ございます,"to be (polite), to exist",N4,N4_Group_6
カーテン,カーテン,curtain,N4,N4_Group_6
アクセサリー,アクセサリー,accessory,N4,N4_Group_6
スーツケース,スーツケース,suitcase,N4,N4_Group_6
コンサート,コンサート,concert,N4,N4_Group_6
ガソリンスタンド,ガソリンスタンド,"gas station, service station",N4,N4_Group_6
アルコール,アルコール,alcohol,N4,N4_Group_6
スーパー (マーケット),スーパー (マーケット),supermarket,N4,N4_Group_6
氏,し,"family name, lineage",N3,N3_Group_1
郡,ぐん,"country, district",N3,N3_Group_1
質,しつ,"quality, nature (of person)",N3,N3_Group_1
直,じき,"immediately, soon, shortly",N3,N3_Group_1
去る,さる,"to leave, to go away",N3,N3_Group_1
品,しな,"thing, article, goods",N3,N3_Group_1
只,ただ,"free of charge, mere, only",N3,N3_Group_1
下,しも,"under, below, beneath",N3,N3_Group_1
～観,かん,"feeling, view",N3,N3_Group_1
救う,すくう,"to rescue from, to help out of",N3,N3_Group_1
小,しょう,small,N3,N3_Group_1
地味,じみ,"quiet, plain, conservative",N3,N3_Group_1
上,じょう,first volume; superior quality; governmental,N3,N3_Group_1
癖,くせ,"a habit (often a bad habit), peculiarity",N3,N3_Group_1
澄む,すむ,"to clear (e.g., weather), to become transparent",N3,N3_Group_1
巣,す,"nest, breeding place",N3,N3_Group_1
重大,じゅうだい,"serious, important",N3,N3_Group_1
図,ず,"figure, drawing, illustration",N3,N3_Group_1
末,すえ,"the end of, powder",N3,N3_Group_1
清む,すむ,"to clear (e.g., weather), to become transparent",N3,N3_Group_1
性,せい,"sex, gender",N3,N3_Group_1
重要,じゅうよう,"important, essential",N3,N3_Group_1
姓,せい,"surname, family name",N3,N3_Group_1
直に,じかに,"immediately, readily, directly",N3,N3_Group_1
為る,する,"to do, to attempt",N3,N3_Group_1
愛,あい,love,N3,N3_Group_1
清潔,せいけつ,clean,N3,N3_Group_1
汗,あせ,"sweat, perspiration",N3,N3_Group_1
粗,あら,"defect, flaw, fault",N3,N3_Group_1
遭う,あう,"to meet, to encounter (undesirable nuance)",N3,N3_Group_1
息,いき,breath,N3,N3_Group_1
制限,せいげん,"restriction, restraint, limitation",N3,N3_Group_1
命,いのち,life,N3,N3_Group_1
上等,じょうとう,"first class, very good",N3,N3_Group_1
扱う,あつかう,"to treat, to handle, to deal with",N3,N3_Group_1
馬,うま,horse; promoted bishop (in Japanese chess known as shogi),N3,N3_Group_1
性質,せいしつ,"nature, property, disposition",N3,N3_Group_1
梅,うめ,"plum, lowest (of a three-tier ranking system)",N3,N3_Group_1
噂,うわさ,"rumor, gossip",N3,N3_Group_1
争う,あらそう,"to dispute, to argue, to fight",N3,N3_Group_1
柄,え,"handle (of a sword, dagger, etc.), grip",N3,N3_Group_1
沖,おき,open sea,N3,N3_Group_1
係,かかり,person in charge,N3,N3_Group_1
既に,すでに,already (same as もう),N3,N3_Group_1
著す,あらわす,"to write, to publish",N3,N3_Group_1
学,がく,"learning, knowledge",N3,N3_Group_1
影,かげ,"shade, shadow, other side",N3,N3_Group_1
陰,かげ,"shade, shadow, other side",N3,N3_Group_1
籠,かご,"basket, cage",N3,N3_Group_1
抱く,いだく,"to hold (v.t.) (written expression), to embrace, to harbor",N3,N3_Group_1
型,かた,"mold, model, style",N3,N3_Group_1
金,かね,"gold, metal; money",N3,N3_Group_1
上,かみ,first volume; superior quality; governmental,N3,N3_Group_1
神,かみ,god,N3,N3_Group_1
至る,いたる,"to come, to arrive",N3,N3_Group_1
皮,かわ,"skin, hide, leather",N3,N3_Group_1
革,かわ,leather,N3,N3_Group_1
逆,ぎゃく,"reverse, opposite",N3,N3_Group_1
球,きゅう,"globe, sphere, ball",N3,N3_Group_1
失う,うしなう,"to lose, to part with",N3,N3_Group_1
金,きん,"gold, metal; money",N3,N3_Group_1
訓,くん,native Japanese reading of a Chinese character,N3,N3_Group_1
下,げ,"under, below, beneath",N3,N3_Group_1
劇,げき,"drama, play",N3,N3_Group_1
疑う,うたがう,"to doubt, to distrust",N3,N3_Group_1
碁,ご,Go (board game of capturing territory),N3,N3_Group_1
恋,こい,"love, tender passion",N3,N3_Group_1
諺,ことわざ,"proverb, saying",N3,N3_Group_1
昨,さく,"last (year), yesterday",N3,N3_Group_1
映す,うつす,"to project, to reflect, to cast (shadow)",N3,N3_Group_1
丸,まる,"circle, full (month)",N3,N3_Group_1
身,み,"body, main part",N3,N3_Group_1
実,み,"fruit, seed, good result",N3,N3_Group_1
密,みつ,"thick, close",N3,N3_Group_1
写る,うつる,"to be photographed, to be projected",N3,N3_Group_1
都,みやこ,city; capital,N3,N3_Group_1
飯,めし,"meals, food",N3,N3_Group_1
者,もの,person (same as 人 (ひと)),N3,N3_Group_1
役,やく,"role, position",N3,N3_Group_1
映る,うつる,"to be reflected, to come out (photo)",N3,N3_Group_1
夜,よ,"evening, night",N3,N3_Group_1
嫁,よめ,"bride, daughter-in-law",N3,N3_Group_1
寮,りょう,"hostel, dormitory",N3,N3_Group_1
縁,えん,"chance, tie, relationship",N3,N3_Group_1
得る,える,"to get, to gain, to win, to learn",N3,N3_Group_1
苦,く,"trouble, worry, difficulty",N3,N3_Group_1
作,さく,"a work, a harvest",N3,N3_Group_1
善,ぜん,"good, virtue",N3,N3_Group_1
全,ぜん,"all, whole, entire",N3,N3_Group_1
得る,うる,"to get, to gain, to win",N3,N3_Group_1
損,そん,"loss, disadvantage",N3,N3_Group_1
他,た,other (esp. places and things),N3,N3_Group_1
大,だい,"big, great",N3,N3_Group_1
宅,たく,"house, home",N3,N3_Group_1
追う,おう,"to chase, to run after",N3,N3_Group_1
谷,たに,valley,N3,N3_Group_1
種,たね,seed; material; cause,N3,N3_Group_1
玉,たま,"ball, sphere, coin",N3,N3_Group_1
球,たま,"globe, sphere, ball",N3,N3_Group_1
贈る,おくる,"to present, to give to, to award to",N3,N3_Group_1
弾,たま,"bullet, shot",N3,N3_Group_1
偶,たま,"even number, couple, friend",N3,N3_Group_1
翼,つばさ,wings,N3,N3_Group_1
出,で,"outflow, coming (going) out, graduate (of)",N3,N3_Group_1
劣る,おとる,"to fall behind, to be inferior to",N3,N3_Group_1
塔,とう,"tower, pagoda",N3,N3_Group_1
友,とも,"friend, companion, pal",N3,N3_Group_1
名,な,"name, reputation",N3,N3_Group_1
仲,なか,"relation, relationship",N3,N3_Group_1
下す,おろす,"to lower, to let go down",N3,N3_Group_1
日,にち,day,N3,N3_Group_1
値,ね,"value, price, cost",N3,N3_Group_1
鼠,ねずみ,"mouse, rat",N3,N3_Group_1
場,ば,"place, field (physics)",N3,N3_Group_1
卸す,おろす,"to sell wholesale, grated (vegetables)",N3,N3_Group_1
端,はし,"end (e.g., of street), edge, margin",N3,N3_Group_1
羽,はね,wing,N3,N3_Group_1
幅,はば,"width, breadth",N3,N3_Group_1
腹,はら,"abdomen, belly, stomach",N3,N3_Group_1
帰す,かえす,to send back,N3,N3_Group_1
針,はり,"needle, hand (e.g., clock)",N3,N3_Group_1
額,ひたい,"forehead, brow",N3,N3_Group_1
品,ひん,"goods; taste, elegance",N3,N3_Group_1
便,びん,"way, means; flight",N3,N3_Group_1
稼ぐ,かせぐ,"to earn income, to labor",N3,N3_Group_1
塀,へい,"wall, fence",N3,N3_Group_1
法,ほう,Act (law: the X Act),N3,N3_Group_1
他,ほか,other (esp. places and things),N3,N3_Group_1
間,ま,"space, room, pause",N3,N3_Group_1
被る,かぶる,to wear; to be covered with,N3,N3_Group_1
幕,まく,"curtain, act (in play)",N3,N3_Group_1
孫,まご,grandchild,N3,N3_Group_1
死,し,"death, decease",N3,N3_Group_1
衆,しゅう,"masses, people",N3,N3_Group_1
代る,かわる,"to take the place of, to relieve, to be substituted for",N3,N3_Group_1
情,じょう,"feelings, emotion, passion",N3,N3_Group_1
節,せつ,"when, if; section; clause",N3,N3_Group_1
膳,ぜん,"(small) table, tray, meal",N3,N3_Group_1
供,とも,"accompanying, attendant, companion, retinue",N3,N3_Group_1
嫌う,きらう,"to hate, to dislike, to loathe",N3,N3_Group_1
並,なみ,"medium (e.g., food serving size, quality, price, etc.), ordinary",N3,N3_Group_1
難,なん,"difficulty, hardships, defect",N3,N3_Group_1
脳,のう,"brain, memory",N3,N3_Group_1
票,ひょう,"label, ballot, sign",N3,N3_Group_1
腐る,くさる,"to rot, to go bad",N3,N3_Group_1
福,ふく,good fortune,N3,N3_Group_1
股,また,"thigh, crotch",N3,N3_Group_1
末,まつ,the end of,N3,N3_Group_1
優,ゆう,"superiority, high grade",N3,N3_Group_1
下る,くだる,"to get down, to descend",N3,N3_Group_1
世,よ,"world, society, generation",N3,N3_Group_1
時期,じき,"time, season, period",N3,N3_Group_1
支給,しきゅう,"payment, allowance",N3,N3_Group_1
時刻,じこく,"time, hour",N3,N3_Group_1
組む,くむ,to put together,N3,N3_Group_1
支出,ししゅつ,"expenditure, expenses",N3,N3_Group_1
事情,じじょう,"circumstances, situation, reasons",N3,N3_Group_1
自然,しぜん,"nature, spontaneous",N3,N3_Group_1
実験,じっけん,lab work; experiment,N3,N3_Group_1
狂う,くるう,"to go mad, to get out of order",N3,N3_Group_1
実施,じっし,"enforcement, carry out, operation",N3,N3_Group_1
実は,じつは,actually; in fact,N3,N3_Group_1
児童,じどう,"children, juvenile",N3,N3_Group_1
芝居,しばい,"play, drama",N3,N3_Group_1
凍る,こおる,"to freeze, to be frozen over, to congeal",N3,N3_Group_1
芝生,しばふ,lawn,N3,N3_Group_1
支払,しはらい,payment,N3,N3_Group_1
死亡,しぼう,death,N3,N3_Group_1
修正,しゅうせい,"amendment, correction",N3,N3_Group_1
集中,しゅうちゅう,"concentration, focusing the mind",N3,N3_Group_1
収入,しゅうにゅう,"income, revenue",N3,N3_Group_1
修理,しゅうり,"repairing, mending",N3,N3_Group_1
主義,しゅぎ,"doctrine, cause, principle",N3,N3_Group_1
手段,しゅだん,"means, way, measure",N3,N3_Group_1
出身,しゅっしん,come from,N3,N3_Group_1
首都,しゅと,capital city,N3,N3_Group_1
主婦,しゅふ,housewife,N3,N3_Group_1
順調,じゅんちょう,doing well,N3,N3_Group_1
使用,しよう,"use (same as 使うこと (つかうこと)), application, employment, utilization",N3,N3_Group_1
状況,じょうきょう,"state of affairs, situation",N3,N3_Group_1
条件,じょうけん,"conditions, terms",N3,N3_Group_1
正午,しょうご,"noon, mid-day",N3,N3_Group_1
少女,しょうじょ,young girl,N3,N3_Group_2
老い,おい,"old age, the aged",N3,N3_Group_2
少々,しょうしょう,a little; short (time) (formal for 少し (すこし)),N3,N3_Group_2
全て,すべて,"all, the whole, entirely",N3,N3_Group_2
越す,こす,"to go over (e.g., with audience)",N3,N3_Group_2
症状,しょうじょう,"symptoms, condition",N3,N3_Group_2
幼い,おさない,"very young, childish",N3,N3_Group_2
状態,じょうたい,"condition, situation",N3,N3_Group_2
～敗,はい,"counter for loss, defeat",N3,N3_Group_2
断る,ことわる,"to refuse, to decline, to dismiss",N3,N3_Group_2
消費,しょうひ,"consumption, expenditure",N3,N3_Group_2
金庫,きんこ,"safe, vault",N3,N3_Group_2
商品,しょうひん,"commodity, merchandise",N3,N3_Group_2
勇気,ゆうき,"courage, bravery, boldness",N3,N3_Group_2
好む,このむ,"to like, to prefer",N3,N3_Group_2
食品,しょくひん,foodstuff,N3,N3_Group_2
臭い,くさい,"stinky, smelly, bad-smelling",N3,N3_Group_2
食物,しょくもつ,"food, foodstuff",N3,N3_Group_2
食欲,しょくよく,appetite (for food),N3,N3_Group_2
転ぶ,ころぶ,"to fall down, to fall over",N3,N3_Group_2
食料,しょくりょう,food,N3,N3_Group_2
濃い,こい,"thick (as of color, liquid), dense, strong",N3,N3_Group_2
助手,じょしゅ,"helper, assistant",N3,N3_Group_2
選手,せんしゅ,player selected for a team (usually athletic),N3,N3_Group_2
挿す,さす,"to insert, to put in, to graft",N3,N3_Group_2
署名,しょめい,signature,N3,N3_Group_2
さて,さて,"well; now (typically used when switching to a new, usually more important topic)",N3,N3_Group_2
処理,しょり,"processing, treatment, disposition",N3,N3_Group_2
書類,しょるい,"documents, official papers",N3,N3_Group_2
注す,さす,"to pour (drink), to serve (drinks)",N3,N3_Group_2
進学,しんがく,going on to university,N3,N3_Group_2
見事,みごと,"splendid, magnificent",N3,N3_Group_2
神経,しんけい,"nerve, sensitivity",N3,N3_Group_2
近頃,ちかごろ,"lately, recently, nowadays",N3,N3_Group_2
誘う,さそう,"to invite (someone to do something with you); to tempt, to lure",N3,N3_Group_2
人工,じんこう,"artificial, man made, human work,",N3,N3_Group_2
無料,むりょう,"free, no charge",N3,N3_Group_2
人種,じんしゅ,race (of people),N3,N3_Group_2
人生,じんせい,"(human) life (e.g., conception to death)",N3,N3_Group_2
迷う,まよう,"to be puzzled, to be perplexed, to lose one's way",N3,N3_Group_2
心臓,しんぞう,heart,N3,N3_Group_2
身体,しんたい,the body,N3,N3_Group_2
身長,しんちょう,"height (of body), stature",N3,N3_Group_2
常に,つねに,always (same as いつも) (written expression),N3,N3_Group_2
戻す,もどす,"to restore, to put back, to return",N3,N3_Group_2
人物,じんぶつ,"character, personality, talented man",N3,N3_Group_2
親友,しんゆう,"close friend, buddy",N3,N3_Group_2
信用,しんよう,"confidence, dependence",N3,N3_Group_2
水準,すいじゅん,"level, standard",N3,N3_Group_2
破る,やぶる,to tear; to violate; to defeat,N3,N3_Group_2
推薦,すいせん,recommendation,N3,N3_Group_2
頭痛,ずつう,headache,N3,N3_Group_2
所為,せい,"cause, reason, fault",N3,N3_Group_2
性格,せいかく,"character, personality",N3,N3_Group_2
譲る,ゆずる,"to turn over, to assign, to hand over",N3,N3_Group_2
精神,せいしん,"mind, soul, spirit",N3,N3_Group_2
成長,せいちょう,growth,N3,N3_Group_2
生長,せいちょう,growth,N3,N3_Group_2
青年,せいねん,"youth, young man",N3,N3_Group_2
許す,ゆるす,"to permit, to allow, to approve",N3,N3_Group_2
製品,せいひん,"manufactured goods, finished goods",N3,N3_Group_2
政府,せいふ,"government, administration",N3,N3_Group_2
生命,せいめい,life,N3,N3_Group_2
世間,せけん,"world, society",N3,N3_Group_2
酔う,よう,to get drunk,N3,N3_Group_2
愛情,あいじょう,"love, affection",N3,N3_Group_2
相手,あいて,partner; addressee; the person you are talking to,N3,N3_Group_2
空き,あき,"vacancy, opening, space",N3,N3_Group_2
握手,あくしゅ,handshake,N3,N3_Group_2
汚す,よごす,"to pollute, to make dirty",N3,N3_Group_2
新た,あらた,"new, fresh",N3,N3_Group_2
哀れ,あわれ,"helpless, pity, pathetic",N3,N3_Group_2
暗記,あんき,"memorization, learning by heart",N3,N3_Group_2
行き,いき,going,N3,N3_Group_2
止す,よす,"to cease, to give up",N3,N3_Group_2
行き,ゆき,going,N3,N3_Group_2
勢い,いきおい,"force, vigor, momentum",N3,N3_Group_2
医師,いし,"doctor, physician",N3,N3_Group_2
偉大,いだい,greatness,N3,N3_Group_2
因る,よる,to come from,N3,N3_Group_2
位置,いち,"place, position",N3,N3_Group_2
一時,いちじ,"for a time, temporarily",N3,N3_Group_2
一家,いっか,"family, clan",N3,N3_Group_2
一生,いっしょう,throughout (one's) life,N3,N3_Group_2
湧く,わく,"to boil, to grow hot",N3,N3_Group_2
一体,いったい,one object; body; what on earth?; generally,N3,N3_Group_2
一方,いっぽう,on the other hand; meanwhile,N3,N3_Group_2
違反,いはん,"violation (of law), infringement",N3,N3_Group_2
今に,いまに,"before long, soon",N3,N3_Group_2
割る,わる,"to divide, to break",N3,N3_Group_2
依頼,いらい,request; dependence,N3,N3_Group_2
医療,いりょう,"medical care, medical treatment",N3,N3_Group_2
応援,おうえん,"aid, assistance, help",N3,N3_Group_2
お前,おまえ,"you (sing), presence (of a high personage)",N3,N3_Group_2
産む,うむ,"to give birth (v.t.), to deliver, to produce",N3,N3_Group_2
会合,かいごう,"meeting, assembly",N3,N3_Group_2
開始,かいし,"start, commencement, beginning",N3,N3_Group_2
外出,がいしゅつ,"outing, going out",N3,N3_Group_2
価格,かかく,"price, value",N3,N3_Group_2
育つ,そだつ,"to be brought up, to grow (up)",N3,N3_Group_2
覚悟,かくご,"resolution, resignation, readiness",N3,N3_Group_2
学習,がくしゅう,"study, learning",N3,N3_Group_2
学問,がくもん,"scholarship, study, learning",N3,N3_Group_2
貸し,かし,"loan, lending",N3,N3_Group_2
揃う,そろう,"to become complete, to be equal",N3,N3_Group_2
家事,かじ,household matters; housework (same as 家の仕事 (いえのしごと)),N3,N3_Group_2
方々,かたがた,persons,N3,N3_Group_2
勝ち,かち,"win, victory",N3,N3_Group_2
活気,かっき,vigor; liveliness; vitality; energy,N3,N3_Group_2
倒す,たおす,"to throw down, to beat",N3,N3_Group_2
学期,がっき,term (school),N3,N3_Group_2
活用,かつよう,conjugation; practical use,N3,N3_Group_2
仮定,かてい,"assumption, supposition, hypothesis",N3,N3_Group_2
我慢,がまん,"patience, endurance, perseverance",N3,N3_Group_2
叩く,たたく,"to strike, to beat",N3,N3_Group_2
科目,かもく,"(school) subject, curriculum, course",N3,N3_Group_2
歌謡,かよう,"song, ballad",N3,N3_Group_2
考え,かんがえ,"thinking, thought, ideas",N3,N3_Group_2
観客,かんきゃく,"audience, spectator(s)",N3,N3_Group_2
畳む,たたむ,to fold (clothes),N3,N3_Group_2
歓迎,かんげい,"welcome, reception",N3,N3_Group_2
観光,かんこう,sightseeing,N3,N3_Group_2
感じ,かんじ,"feeling, sense, impression",N3,N3_Group_2
感情,かんじょう,"emotion(s), feeling(s), sentiment",N3,N3_Group_2
建つ,たつ,"to stand; to be built (v.i.), to erect, to be erected",N3,N3_Group_2
関連,かんれん,"relation, connection, relevance",N3,N3_Group_2
議員,ぎいん,"member of the Diet, congress, or parliament",N3,N3_Group_2
気温,きおん,temperature (weather - not used for things),N3,N3_Group_2
議会,ぎかい,"Diet, congress, parliament",N3,N3_Group_2
騙す,だます,"to trick, to cheat, to deceive",N3,N3_Group_2
生地,きじ,fabric; dough,N3,N3_Group_2
記事,きじ,"article, news story",N3,N3_Group_2
帰宅,きたく,returning home,N3,N3_Group_2
寄付,きふ,"contribution, donation",N3,N3_Group_2
頼る,たよる,"to rely on, to have recourse to, to depend on",N3,N3_Group_2
気味,きみ,"-like, -looking, -looked",N3,N3_Group_2
疑問,ぎもん,"question, problem, doubt",N3,N3_Group_2
休暇,きゅうか,"vacation, holiday, day off",N3,N3_Group_2
休憩,きゅうけい,"rest, break, intermission",N3,N3_Group_2
散る,ちる,"to fall, to scatter (e.g., blossoms)",N3,N3_Group_2
器用,きよう,"skillful, handy",N3,N3_Group_2
教授,きょうじゅ,"teaching, instruction; professor",N3,N3_Group_2
強力,きょうりょく,"powerful, strong",N3,N3_Group_2
記録,きろく,"record, minutes, document",N3,N3_Group_2
就く,つく,"to settle in (place), to take (seat position), to study (under teacher)",N3,N3_Group_2
議論,ぎろん,"argument, discussion, dispute",N3,N3_Group_2
金額,きんがく,amount of money,N3,N3_Group_2
金銭,きんせん,"money, cash",N3,N3_Group_2
近代,きんだい,modern times,N3,N3_Group_2
次ぐ,つぐ,"to rank next to, to come after",N3,N3_Group_2
緊張,きんちょう,"tension, mental strain, nervousness",N3,N3_Group_2
筋肉,きんにく,"muscle, sinews",N3,N3_Group_2
金融,きんゆう,"finance, money and banking",N3,N3_Group_2
食う,くう,(male) (vulg.) to eat,N3,N3_Group_2
繋ぐ,つなぐ,"to tie, to fasten, to connect",N3,N3_Group_2
下り,くだり,down-train (going away from Tokyo),N3,N3_Group_2
苦痛,くつう,"pain, agony",N3,N3_Group_2
暮れ,くれ,"year end,",N3,N3_Group_2
訓練,くんれん,"practice, training",N3,N3_Group_2
解く,とく,"to unfasten; answer, solve",N3,N3_Group_2
景気,けいき,"condition, state, business (condition)",N3,N3_Group_2
傾向,けいこう,"tendency, trend, inclination",N3,N3_Group_2
経由,けいゆ,"go by the way, via",N3,N3_Group_2
劇場,げきじょう,"theater, playhouse",N3,N3_Group_2
退く,どく,"to retreat, to recede, to withdraw",N3,N3_Group_2
化粧,けしょう,make-up (cosmetic),N3,N3_Group_2
結果,けっか,"result, consequence",N3,N3_Group_2
結局,けっきょく,"after all, eventually",N3,N3_Group_2
欠席,けっせき,"absence, non-attendance",N3,N3_Group_2
欠点,けってん,"faults, defect, weakness",N3,N3_Group_2
健康,けんこう,health(y),N3,N3_Group_2
現状,げんじょう,"present condition, status quo",N3,N3_Group_2
現代,げんだい,"today, present-day",N3,N3_Group_2
恋人,こいびと,lover; sweetheart; girlfriend,N3,N3_Group_2
幸運,こううん,"good luck, fortune",N3,N3_Group_2
効果,こうか,"effect, result",N3,N3_Group_2
高価,こうか,high price,N3,N3_Group_2
豪華,ごうか,"luxurious, gorgeous, extravagance",N3,N3_Group_2
交換,こうかん,"exchange, swap",N3,N3_Group_2
交際,こうさい,"friendship, association, acquaintance",N3,N3_Group_2
校舎,こうしゃ,school building,N3,N3_Group_2
構成,こうせい,"organization, composition",N3,N3_Group_2
高速,こうそく,"high speed, high gear",N3,N3_Group_3
容易,ようい,"easy, simple, plain",N3,N3_Group_3
誤解,ごかい,misunderstanding,N3,N3_Group_3
日常,にちじょう,"ordinary, regular, everyday",N3,N3_Group_3
流す,ながす,"to drain, to float, to shed (e.g., blood, tears)",N3,N3_Group_3
呼吸,こきゅう,"breath, respiration",N3,N3_Group_3
拘束,こうそく,"restriction, restraint",N3,N3_Group_3
故郷,こきょう,hometown,N3,N3_Group_3
黒板,こくばん,blackboard,N3,N3_Group_3
悩む,なやむ,"to agonize, to be troubled",N3,N3_Group_3
克服,こくふく,"conquest, overcome",N3,N3_Group_3
ただ,ただ,free of charge; just (~); only (~),N3,N3_Group_3
国民,こくみん,"national, people, citizen",N3,N3_Group_3
年中,ねんじゅう,"whole year, always, everyday",N3,N3_Group_3
為る,なる,"to change, to be of use, to reach to",N3,N3_Group_3
穀物,こくもつ,"grain, cereal, corn",N3,N3_Group_3
同様,どうよう,"identical, same (kind), like",N3,N3_Group_3
個人,こじん,"individual, private person",N3,N3_Group_3
国家,こっか,"state, country, nation",N3,N3_Group_3
握る,にぎる,"to grasp, to seize, to mold sushi",N3,N3_Group_3
国会,こっかい,"National Diet, parliament, congress",N3,N3_Group_3
美人,びじん,beautiful person (woman),N3,N3_Group_3
小麦,こむぎ,wheat,N3,N3_Group_3
配達,はいたつ,"delivery, distribution",N3,N3_Group_3
残す,のこす,"to leave (behind, over), to save, to reserve",N3,N3_Group_3
今回,こんかい,"now, this time, lately",N3,N3_Group_3
無事,ぶじ,"safety, peace",N3,N3_Group_3
困難,こんなん,"difficulty, distress",N3,N3_Group_3
今日,こんにち,"today, this day",N3,N3_Group_3
上る,のぼる,"to ascend, to go up, to climb",N3,N3_Group_3
最高,さいこう,"highest, supreme, the most",N3,N3_Group_3
同志,どうし,"same mind, comrade, kindred soul",N3,N3_Group_3
最低,さいてい,"least, lowest, worst",N3,N3_Group_3
普段,ふだん,"in everyday situations, usually, ordinarily",N3,N3_Group_3
昇る,のぼる,"to arise, to ascend, to go up",N3,N3_Group_3
材料,ざいりょう,"ingredients, material",N3,N3_Group_3
良い,よい,"good, nice",N3,N3_Group_3
盛り,さかり,"helping, serving",N3,N3_Group_3
作業,さぎょう,"work, operation, manufacturing",N3,N3_Group_3
外す,はずす,"to unfasten, to remove",N3,N3_Group_3
作品,さくひん,"work, opus, production",N3,N3_Group_3
座席,ざせき,seat,N3,N3_Group_3
作家,さっか,"author, writer, novelist",N3,N3_Group_3
ふと,ふと,"suddenly, accidentally, incidentally",N3,N3_Group_3
放す,はなす,"to separate, to set free",N3,N3_Group_3
作曲,さっきょく,composition (of music),N3,N3_Group_3
味方,みかた,"ally, supporter",N3,N3_Group_3
未来,みらい,future (life tense),N3,N3_Group_3
迎え,むかえ,"meeting, person sent to pick up an arrival",N3,N3_Group_3
防ぐ,ふせぐ,"to defend (against), to protect, to prevent",N3,N3_Group_3
無駄,むだ,"futility, uselessness",N3,N3_Group_3
名刺,めいし,(name) card; business card,N3,N3_Group_3
目上,めうえ,person of higher status; one's senior,N3,N3_Group_3
目的,もくてき,"purpose, goal, aim",N3,N3_Group_3
巻く,まく,"to wind, to coil, to roll",N3,N3_Group_3
物語,ものがたり,"tale, story, legend",N3,N3_Group_3
役割,やくわり,"assigning (allotment of) parts, role, duties",N3,N3_Group_3
やや,やや,"a little, partially, somewhat",N3,N3_Group_3
友好,ゆうこう,friendship,N3,N3_Group_3
蒔く,まく,to sow (seeds),N3,N3_Group_3
優勝,ゆうしょう,"overall victory, championship",N3,N3_Group_3
友情,ゆうじょう,"friendship, fellowship",N3,N3_Group_3
友人,ゆうじん,friend (formal),N3,N3_Group_3
愉快,ゆかい,"pleasant, happy",N3,N3_Group_3
学ぶ,まなぶ,to learn; to study,N3,N3_Group_3
陽気,ようき,"season, weather, cheerfulness",N3,N3_Group_3
曜日,ようび,day of the week,N3,N3_Group_3
予測,よそく,"prediction, estimation",N3,N3_Group_3
予報,よほう,"forecast, prediction",N3,N3_Group_3
沿う,そう,"to run along, to follow",N3,N3_Group_3
読み,よみ,reading,N3,N3_Group_3
理解,りかい,"understanding, comprehension",N3,N3_Group_3
両替,りょうがえ,"change, money exchange",N3,N3_Group_3
列車,れっしゃ,train (ordinary),N3,N3_Group_3
添う,そう,"to accompany, to comply with",N3,N3_Group_3
老人,ろうじん,"the aged, old person",N3,N3_Group_3
労働,ろうどう,"labor, work",N3,N3_Group_3
論争,ろんそう,"controversy, dispute",N3,N3_Group_3
悪口,わるくち,"abuse, insult",N3,N3_Group_3
問う,とう,"to ask, to question",N3,N3_Group_3
医院,いいん,"doctor's office (surgery), clinic",N3,N3_Group_3
意地,いじ,"disposition, spirit, obstinacy, appetite",N3,N3_Group_3
一帯,いったい,"a region, the whole place",N3,N3_Group_3
異動,いどう,"a change, transfer",N3,N3_Group_3
臨む,のぞむ,"to look out on, to face, to attend (function)",N3,N3_Group_3
教え,おしえ,"teachings, doctrine",N3,N3_Group_3
驚き,おどろき,"surprise, astonishment, wonder",N3,N3_Group_3
課題,かだい,"subject, theme, task",N3,N3_Group_3
借り,かり,"borrowing, debt, loan",N3,N3_Group_3
経る,へる,"to pass, to elapse, to experience",N3,N3_Group_3
器官,きかん,"organ (of body, instrument)",N3,N3_Group_3
起源,きげん,"origin, beginning, rise",N3,N3_Group_3
協議,きょうぎ,"conference, discussion, negotiation",N3,N3_Group_3
享受,きょうじゅ,"enjoyment, being given",N3,N3_Group_3
冷める,さめる,"to become cool, to wear off",N3,N3_Group_3
切り,きり,"limits, place to leave off",N3,N3_Group_3
携帯,けいたい,carrying something; mobile telephone,N3,N3_Group_3
決行,けっこう,"doing (with resolve), carrying out (e.g., a plan)",N3,N3_Group_3
減少,げんしょう,"decrease, reduction, decline",N3,N3_Group_3
支払う,しはらう,to pay,N3,N3_Group_3
降伏,こうふく,"capitulation, surrender, submission",N3,N3_Group_3
小銭,こぜに,"coins, small change",N3,N3_Group_3
全員,ぜんいん,all members,N3,N3_Group_3
全国,ぜんこく,"the entire nation, country-wide, nation-wide",N3,N3_Group_3
占める,しめる,to take up; to account for,N3,N3_Group_3
先日,せんじつ,"the other day, a few days ago",N3,N3_Group_3
全身,ぜんしん,"the whole body, full-length (portrait)",N3,N3_Group_3
宣伝,せんでん,"advertisement, publicity",N3,N3_Group_3
装置,そうち,"equipment, installation, apparatus",N3,N3_Group_3
生じる,しょうじる,"to occur, to arise, to be generated",N3,N3_Group_3
速度,そくど,"speed, velocity, rate",N3,N3_Group_3
蕎麦,そば,soba (buckwheat noodles),N3,N3_Group_3
体温,たいおん,temperature (body),N3,N3_Group_3
大会,たいかい,"convention, (big) tournament, mass meeting",N3,N3_Group_3
過ごす,すごす,"to pass, to spend (time)",N3,N3_Group_3
代金,だいきん,"price, cost",N3,N3_Group_3
大使,たいし,ambassador,N3,N3_Group_3
体重,たいじゅう,(body) weight,N3,N3_Group_3
大戦,たいせん,"great war, great battle",N3,N3_Group_3
勧める,すすめる,"to urge (someone) to do (something), to recommend",N3,N3_Group_3
代理,だいり,"representation, proxy, deputy",N3,N3_Group_3
立場,たちば,"standpoint, position, situation",N3,N3_Group_3
経つ,たつ,(time) passes,N3,N3_Group_3
他人,たにん,"unrelated person, stranger",N3,N3_Group_3
愛する,あいする,to love,N3,N3_Group_3
偶々,たまたま,"unexpectedly, accidentally, by chance",N3,N3_Group_3
便り,たより,"news, correspondence, letter",N3,N3_Group_3
単位,たんい,"credit (for a course in school); unit, denomination",N3,N3_Group_3
男子,だんし,young man,N3,N3_Group_3
諦める,あきらめる,"to give up, to abandon",N3,N3_Group_3
単純,たんじゅん,simplicity,N3,N3_Group_3
地位,ちい,"(social) position, status",N3,N3_Group_3
知恵,ちえ,"wisdom, wit, intelligence",N3,N3_Group_3
知事,ちじ,prefectural governor,N3,N3_Group_3
飽きる,あきる,"to get tired of, to lose interest in",N3,N3_Group_3
知識,ちしき,"knowledge, information",N3,N3_Group_3
知能,ちのう,"intelligence, brains",N3,N3_Group_3
中央,ちゅうおう,"central, center, middle",N3,N3_Group_3
中学,ちゅうがく,"middle school, junior high school",N3,N3_Group_3
明ける,あける,"to dawn, to become daylight",N3,N3_Group_3
中古,ちゅうこ,"used, second-hand",N3,N3_Group_3
中止,ちゅうし,"suspension, stoppage, discontinuance",N3,N3_Group_3
中心,ちゅうしん,"center, core",N3,N3_Group_3
長期,ちょうき,long time period,N3,N3_Group_3
預ける,あずける,"to give into custody, to deposit",N3,N3_Group_3
調子,ちょうし,"condition, state, tune, tone",N3,N3_Group_3
直接,ちょくせつ,"direct, immediate, firsthand",N3,N3_Group_3
著者,ちょしゃ,"author, writer",N3,N3_Group_3
遂に,ついに,"finally, at last",N3,N3_Group_3
与える,あたえる,to give,N3,N3_Group_3
通学,つうがく,commuting to school,N3,N3_Group_3
通勤,つうきん,commuting to work,N3,N3_Group_3
疲れ,つかれ,"tiredness, fatigue",N3,N3_Group_3
勤め,つとめ,"work, employment",N3,N3_Group_3
暖める,あたためる,"to warm (up to someone/something), to heat (up to someone/something)",N3,N3_Group_3
梅雨,つゆ,rainy season,N3,N3_Group_3
辛い,つらい,"painful, heart-breaking",N3,N3_Group_3
連れ,つれ,"companion, company",N3,N3_Group_3
提案,ていあん,"proposal, proposition, suggestion",N3,N3_Group_3
温める,あたためる,"to warm, to heat",N3,N3_Group_3
抵抗,ていこう,"resistance, opposition",N3,N3_Group_3
停電,ていでん,failure of electricity,N3,N3_Group_3
鉄道,てつどう,railway; railroad,N3,N3_Group_3
徹夜,てつや,"staying up all night, sleepless night",N3,N3_Group_3
現れる,あらわれる,"to appear (v.i.), to become visible; to express",N3,N3_Group_3
手間,てま,"time, labor",N3,N3_Group_3
天候,てんこう,weather,N3,N3_Group_3
天然,てんねん,"nature, spontaneity",N3,N3_Group_3
当時,とうじ,"at that time, in those days (same as そのころ)",N3,N3_Group_3
同時,どうじ,"simultaneous(ly), same time",N3,N3_Group_3
童謡,どうよう,"children's song, nursery rhyme",N3,N3_Group_3
同僚,どうりょう,colleague; co-worker,N3,N3_Group_3
都会,とかい,city,N3,N3_Group_3
読書,どくしょ,reading,N3,N3_Group_3
特徴,とくちょう,characteristic(s); feature(s); trait(s),N3,N3_Group_3
独立,どくりつ,"independence (e.g., Ind. Day), self-support",N3,N3_Group_3
都市,とし,"town, city, urban",N3,N3_Group_3
年月,としつき,months and years,N3,N3_Group_3
年寄,としより,"old people, the aged",N3,N3_Group_3
努力,どりょく,"great effort, exertion, endeavor",N3,N3_Group_3
半ば,なかば,"middle, halfway",N3,N3_Group_3
仲間,なかま,"company, fellow, colleague, associate",N3,N3_Group_4
親しい,したしい,"intimate, close (e.g., friend)",N3,N3_Group_4
納得,なっとく,"consent, assent, understanding",N3,N3_Group_4
全く,まったく,"really, completely",N3,N3_Group_4
慌てる,あわてる,to become confused、to panic,N3,N3_Group_4
苦手,にがて,"poor (at), weak (in), dislike (of)",N3,N3_Group_4
じっと,じっと,"patiently, quietly",N3,N3_Group_4
日中,にっちゅう,"daytime, broad daylight",N3,N3_Group_4
入場,にゅうじょう,"entrance, admission, entering",N3,N3_Group_4
訴える,うったえる,"to complain, to appeal, to sue (a person)",N3,N3_Group_4
人間,にんげん,"human being, person",N3,N3_Group_4
積極的,せっきょくてき,"positive, active, proactive",N3,N3_Group_4
年間,ねんかん,year,N3,N3_Group_4
徐々に,じょじょに,"slowly, little by little",N3,N3_Group_4
埋める,うめる,"to bury, to fill up, to fill (a seat, a vacant position)",N3,N3_Group_4
年月,ねんげつ,months and years,N3,N3_Group_4
穏やか,おだやか,"calm, gentle, quiet",N3,N3_Group_4
年齢,ねんれい,"age, years",N3,N3_Group_4
農家,のうか,"farmer, farm family",N3,N3_Group_4
売れる,うれる,to be sold,N3,N3_Group_4
農業,のうぎょう,agriculture,N3,N3_Group_4
きつい,きつい,"tight, close, intense",N3,N3_Group_4
梅雨,ばいう,rainy season,N3,N3_Group_4
何でも,なんでも,"by all means, everything",N3,N3_Group_4
押える,おさえる,"to stop, to restrain, to press down",N3,N3_Group_4
博士,はかせ,"doctorate, PhD., doctor",N3,N3_Group_4
苦しい,くるしい,tough; physically strenuous,N3,N3_Group_4
拍手,はくしゅ,"clapping hands, applause",N3,N3_Group_4
破産,はさん,(personal) bankruptcy,N3,N3_Group_4
収める,おさめる,"to store to pay, to supply",N3,N3_Group_4
働き,はたらき,"work, labor",N3,N3_Group_4
向かい,むかい,"facing, opposite, across",N3,N3_Group_4
発達,はったつ,"development, growth",N3,N3_Group_4
あらゆる,あらゆる,"all, every",N3,N3_Group_4
納める,おさめる,"to store to pay, to supply",N3,N3_Group_4
発展,はってん,"development, growth, progress",N3,N3_Group_4
出会い,であい,"meeting, rendezvous, encounter",N3,N3_Group_4
羽根,はね,feather,N3,N3_Group_4
反抗,はんこう,"opposition, resistance",N3,N3_Group_4
治める,おさめる,"to govern, to manage; to subdue",N3,N3_Group_4
犯人,はんにん,"offender, criminal",N3,N3_Group_4
販売,はんばい,"sale, selling, marketing",N3,N3_Group_4
必死,ひっし,"desperation, frantic, inevitable result",N3,N3_Group_4
いつでも,いつでも,"(at) any time, always",N3,N3_Group_4
及ぼす,およぼす,"to exert, to cause, to exercise",N3,N3_Group_4
評判,ひょうばん,"fame, reputation",N3,N3_Group_4
不可,ふか,"wrong, bad, impossible",N3,N3_Group_4
不足,ふそく,"insufficiency, shortage",N3,N3_Group_4
舞台,ぶたい,stage (theater),N3,N3_Group_4
降ろす,おろす,"to take down, to launch, to drop",N3,N3_Group_4
双子,ふたご,"twins, a twin",N3,N3_Group_4
再び,ふたたび,"again, once more, a second time",N3,N3_Group_4
不通,ふつう,"blockade, interruption, stoppage",N3,N3_Group_4
物価,ぶっか,(commodity/consumer) prices,N3,N3_Group_4
代える,かえる,"to exchange, to interchange, to substitute",N3,N3_Group_4
不利,ふり,"disadvantage, drawback",N3,N3_Group_4
変化,へんか,"change, variation, shift",N3,N3_Group_4
変更,へんこう,"change, modification, alteration",N3,N3_Group_4
方向,ほうこう,"direction, course, way",N3,N3_Group_4
替える,かえる,"to exchange, to interchange, to substitute",N3,N3_Group_4
訪問,ほうもん,"call, visit",N3,N3_Group_4
歩道,ほどう,walkway,N3,N3_Group_4
本人,ほんにん,the person himself,N3,N3_Group_4
まあ,まあ,well (used when making a modest or hesitant statement),N3,N3_Group_4
換える,かえる,"to exchange, to interchange, to substitute",N3,N3_Group_4
迷子,まいご,lost (stray) child,N3,N3_Group_4
負け,まけ,"defeat, loss",N3,N3_Group_4
修飾,しゅうしょく,ornamentation; modification (gram),N3,N3_Group_4
私用,しよう,"personal use, private business",N3,N3_Group_4
抱える,かかえる,to hold or carry under or in the arms,N3,N3_Group_4
仕様,しよう,"way, method, specification",N3,N3_Group_4
生涯,しょうがい,one's lifetime,N3,N3_Group_4
正体,しょうたい,"natural shape, one's true colors, true character",N3,N3_Group_4
助詞,じょし,"(gram) particle(s), postposition",N3,N3_Group_4
重ねる,かさねる,"to pile up, to put something on another, to heap up",N3,N3_Group_4
精巧,せいこう,"elaborate, delicate, exquisite",N3,N3_Group_4
姓名,せいめい,full name,N3,N3_Group_4
先行,せんこう,"preceding, going first",N3,N3_Group_4
創造,そうぞう,creation,N3,N3_Group_4
片付く,かたづく,"to put in order, to solve",N3,N3_Group_4
退学,たいがく,dropping out of school,N3,N3_Group_4
挑戦,ちょうせん,"challenge, defiance",N3,N3_Group_4
治療,ちりょう,medical treatment,N3,N3_Group_4
転校,てんこう,change schools,N3,N3_Group_4
悲しむ,かなしむ,"to be sad, to mourn for, to regret",N3,N3_Group_4
年鑑,ねんかん,yearbook,N3,N3_Group_4
野党,やとう,opposition party,N3,N3_Group_4
予想,よそう,"expectation, anticipation, prediction",N3,N3_Group_4
ずっと,ずっと,for a long time; all the time; consecutively,N3,N3_Group_4
気付く,きづく,"to notice, to recognize, to become aware of",N3,N3_Group_4
すてき,すてき,"lovely, great",N3,N3_Group_4
集まり,あつまり,"gathering, meeting, collection",N3,N3_Group_4
生き物,いきもの,"living thing, creature",N3,N3_Group_4
一度に,いちどに,all at once,N3,N3_Group_4
切れる,きれる,"to cut well, to be sharp; to break (off)",N3,N3_Group_4
いつか,いつか,"sometime, one day",N3,N3_Group_4
居眠り,いねむり,"dozing, nodding off",N3,N3_Group_4
今にも,いまにも,"at any time, soon",N3,N3_Group_4
言わば,いわば,so to speak,N3,N3_Group_4
暮らす,くらす,"to live, to get along",N3,N3_Group_4
生まれ,うまれ,"birth, birth-place",N3,N3_Group_4
大いに,おおいに,"much, considerably (same as 大変 (たいへん)), greatly",N3,N3_Group_4
髪の毛,かみのけ,hair (head),N3,N3_Group_4
暮らし,くらし,living; life style,N3,N3_Group_4
加える,くわえる,"to append, to sum up, to add (up)",N3,N3_Group_4
支える,ささえる,"support, hold, sustain",N3,N3_Group_4
まるで,まるで,just like,N3,N3_Group_4
見送り,みおくり,seeing one off,N3,N3_Group_4
ミス,ミス,"miss (mistake, error, failure), Miss",N3,N3_Group_4
咥える,くわえる,to hold something in the mouth,N3,N3_Group_4
明後日,みょうごにち,day after tomorrow,N3,N3_Group_4
滅多に,めったに,"rarely (with neg. verb), seldom",N3,N3_Group_4
申し訳,もうしわけ,"apology, excuse",N3,N3_Group_4
やがて,やがて,"before long, soon, at length",N3,N3_Group_4
逆らう,さからう,"to go against, to oppose, to disobey",N3,N3_Group_4
夜明け,よあけ,"dawn, daybreak",N3,N3_Group_4
世の中,よのなか,"society, the world",N3,N3_Group_4
大した,たいした,"significant, great, considerable",N3,N3_Group_4
だって,だって,"but, because, even",N3,N3_Group_4
用いる,もちいる,"to use, to make use of",N3,N3_Group_4
つまり,つまり,namely; in other words; in short,N3,N3_Group_4
停留所,ていりゅうじょ,bus or tram stop,N3,N3_Group_4
何とか,なんとか,"somehow, anyhow, one way or another",N3,N3_Group_4
博物館,はくぶつかん,museum,N3,N3_Group_4
求める,もとめる,"to request, to ask for; to seek, to search for",N3,N3_Group_4
始まり,はじまり,"origin, beginning",N3,N3_Group_4
人込み,ひとごみ,crowd of people,N3,N3_Group_4
不思議,ふしぎ,"mystery, curiosity",N3,N3_Group_4
真っ赤,まっか,"deep red, flushed (of face)",N3,N3_Group_4
破れる,やぶれる,"to get torn, to wear out",N3,N3_Group_4
皿,さら,"plate, dish",N3,N3_Group_4
猿,さる,monkey,N3,N3_Group_4
詩,し,poem; poetry,N3,N3_Group_4
しきりに,しきりに,"frequently, repeatedly, eagerly",N3,N3_Group_4
寄せる,よせる,"to collect, to gather, to put aside",N3,N3_Group_4
舌,した,tongue,N3,N3_Group_4
霜,しも,frost,N3,N3_Group_4
週,しゅう,week,N3,N3_Group_4
州,しゅう,"state, province",N3,N3_Group_4
宛てる,あてる,"to address, to put",N3,N3_Group_4
銃,じゅう,gun,N3,N3_Group_4
順,じゅん,"order, turn",N3,N3_Group_4
章,しょう,"chapter, section; medal",N3,N3_Group_4
賞,しょう,"prize, award",N3,N3_Group_4
駆ける,かける,to run,N3,N3_Group_4
職,しょく,employment,N3,N3_Group_4
尻,しり,"buttocks, bottom",N3,N3_Group_4
印,しるし,mark; symbol; evidence,N3,N3_Group_4
城,しろ,castle,N3,N3_Group_4
揃える,そろえる,"to put things in order, to arrange",N3,N3_Group_4
酢,す,vinegar,N3,N3_Group_4
数,すう,"number, figure",N3,N3_Group_4
姿,すがた,"figure, shape, appearance",N3,N3_Group_4
筋,すじ,"muscle, string, line",N3,N3_Group_4
助かる,たすかる,to be saved; (something) helps (v.i.),N3,N3_Group_4
すなわち,すなわち,"that is, namely, e.g.",N3,N3_Group_4
角,すみ,corner,N3,N3_Group_4
墨,すみ,ink,N3,N3_Group_4
正,せい,"(logical) true, regular",N3,N3_Group_4
助ける,たすける,"to help (v.t.), to save, to rescue",N3,N3_Group_4
生,せい,birth,N3,N3_Group_4
税,ぜい,tax,N3,N3_Group_4
咳,せき,cough,N3,N3_Group_4
説,せつ,theory,N3,N3_Group_4
通じる,つうじる,"to run to, to lead to, to communicate",N3,N3_Group_4
跡,あと,trace; remains; scar,N3,N3_Group_4
穴,あな,hole,N3,N3_Group_4
油,あぶら,oil,N3,N3_Group_4
脂,あぶら,fat,N3,N3_Group_4
嵐,あらし,storm,N3,N3_Group_4
或,ある,"a certain..., some...",N3,N3_Group_4
泡,あわ,"bubble, foam",N3,N3_Group_4
案,あん,"plan, scheme, proposal",N3,N3_Group_4
胃,い,stomach,N3,N3_Group_4
泉,いずみ,"spring, fountain",N3,N3_Group_4
板,いた,"board, plank",N3,N3_Group_4
市,いち,"market, fair",N3,N3_Group_4
いつのまにか,いつのまにか,before one knows,N3,N3_Group_4
いつまでも,いつまでも,"forever, for good, eternally",N3,N3_Group_4
稲,いね,rice-plant,N3,N3_Group_4
否,いや,"no, the noes",N3,N3_Group_4
岩,いわ,rock,N3,N3_Group_5
手伝い,てつだい,"help, helper, assistant",N3,N3_Group_5
いわゆる,いわゆる,"the so-called, so-to-speak",N3,N3_Group_5
必ずしも,かならずしも,"(not) always, (not) necessarily",N3,N3_Group_5
付合う,つきあう,"to associate with, to keep company with, to get on with",N3,N3_Group_5
上,うわ,"upper, outer, surface",N3,N3_Group_5
貧しい,まずしい,"poor, needy",N3,N3_Group_5
魚,うお,fish,N3,N3_Group_5
兎,うさぎ,"rabbit, hare",N3,N3_Group_5
着ける,つける,"to put on, to wear; to draw up",N3,N3_Group_5
牛,うし,"cattle, cow",N3,N3_Group_5
間違い,まちがい,mistake,N3,N3_Group_5
運,うん,"fortune, luck",N3,N3_Group_5
極,ごく,"quite, very",N3,N3_Group_5
伝わる,つたわる,"to be handed down, to be transmitted",N3,N3_Group_5
餌,えさ,"feed, bait",N3,N3_Group_5
いけない,いけない,"must not do, bad, wrong",N3,N3_Group_5
円,えん,"circle, yen",N3,N3_Group_5
王,おう,king,N3,N3_Group_5
詰める,つめる,"to pack, to shorten, to work out (details)",N3,N3_Group_5
丘,おか,"hill, height",N3,N3_Group_5
いらっしゃい,いらっしゃい,welcome,N3,N3_Group_5
奥,おく,"interior, inner part",N3,N3_Group_5
たびたび,たびたび,"often, repeatedly, frequently",N3,N3_Group_5
出会う,であう,"to meet by chance, to come across, to happen to encounter",N3,N3_Group_5
鬼,おに,"ogre, demon, 'it' (e.g.,in a game of tag)",N3,N3_Group_5
恐ろしい,おそろしい,"terrible, dreadful",N3,N3_Group_5
帯,おび,"band, sash",N3,N3_Group_5
お目に掛かる,おめにかかる,"meet ~, see ~",N3,N3_Group_5
解ける,とける,"to come untied, to come apart",N3,N3_Group_5
音,おん,"sound, note",N3,N3_Group_5
大人しい,おとなしい,"obedient, docile, quiet",N3,N3_Group_5
恩,おん,"favor, obligation, debt of gratitude",N3,N3_Group_5
絶対,ぜったい,"definitely, without fail, absoluteness",N3,N3_Group_5
閉じる,とじる,"to close (e.g., book, eyes), to shut",N3,N3_Group_5
可,か,passable,N3,N3_Group_5
可愛らしい,かわいらしい,"lovely, sweet",N3,N3_Group_5
蚊,か,mosquito,N3,N3_Group_5
課,か,"department, division",N3,N3_Group_5
留める,とめる,"to fasten, to turn off, to detain",N3,N3_Group_5
貝,かい,"shell, shellfish",N3,N3_Group_5
害,がい,"harm, damage",N3,N3_Group_5
額,がく,amount; frame,N3,N3_Group_5
一層,いっそう,"much more, still more",N3,N3_Group_5
取れる,とれる,"to come off, to be taken off",N3,N3_Group_5
数,かず,"number, figure, amount",N3,N3_Group_5
肩,かた,shoulder,N3,N3_Group_5
刀,かたな,"sword, saber",N3,N3_Group_5
がっかり,がっかり,"feel disappointed, be dejected, lose heart",N3,N3_Group_5
流れる,ながれる,"to flow, to be washed away",N3,N3_Group_5
鐘,かね,"bell, chime",N3,N3_Group_5
株,かぶ,stock; stump (of tree),N3,N3_Group_5
雷,かみなり,thunder,N3,N3_Group_5
空,から,empty,N3,N3_Group_5
亡くす,なくす,to lose someone,N3,N3_Group_5
殻,から,"shell, husk, hull",N3,N3_Group_5
柄,がら,pattern; build; character,N3,N3_Group_5
河,かわ,"river, stream",N3,N3_Group_5
缶,かん,"can, tin",N3,N3_Group_5
馴れる,なれる,"to become domesticated, to become tame",N3,N3_Group_5
勘,かん,"perception, intuition, the sixth sense",N3,N3_Group_5
岸,きし,"bank, coast, shore",N3,N3_Group_5
傷,きず,"wound, injury, hurt",N3,N3_Group_5
旧,きゅう,ex-,N3,N3_Group_5
似合う,にあう,"to suit (a person), to match (clothing), (something) becomes (someone)",N3,N3_Group_5
級,きゅう,"class, grade, rank",N3,N3_Group_5
局,きょく,"office, bureau, station(TV, radio)",N3,N3_Group_5
霧,きり,"fog, mist",N3,N3_Group_5
銀,ぎん,silver,N3,N3_Group_5
抜ける,ぬける,"to come out, to fall out, to be omitted",N3,N3_Group_5
句,く,phrase,N3,N3_Group_5
鎖,くさり,chain,N3,N3_Group_5
管,くだ,"pipe, tube",N3,N3_Group_5
ぐっすり,ぐっすり,"sound asleep, fast asleep",N3,N3_Group_5
乗せる,のせる,"to place on (something), to take on board",N3,N3_Group_5
組,くみ,"class, team, set",N3,N3_Group_5
位,くらい,"grade, rank, about",N3,N3_Group_5
軍,ぐん,"army, force, troops",N3,N3_Group_5
計,けい,"plan; sum, total",N3,N3_Group_5
載せる,のせる,to place on (something); to publish,N3,N3_Group_5
煙,けむり,"smoke, fumes",N3,N3_Group_5
券,けん,"ticket, certificate",N3,N3_Group_5
県,けん,prefecture,N3,N3_Group_5
後,ご,"afterwards, since then",N3,N3_Group_5
伸ばす,のばす,"to extend, to stretch, to reach out",N3,N3_Group_5
氷,こおり,"ice, hail",N3,N3_Group_5
ゴール,ゴール,goal,N3,N3_Group_5
腰,こし,"hip, waist",N3,N3_Group_5
琴,こと,Japanese harp,N3,N3_Group_5
延ばす,のばす,"to extend, to stretch, to reach out",N3,N3_Group_5
粉,こな,"flour, powder",N3,N3_Group_5
塵,ごみ,"garbage, litter",N3,N3_Group_5
こんなに,こんなに,"so, like this, in this way",N3,N3_Group_5
こんにちは,こんにちは,"hello, good day (daytime greeting)",N3,N3_Group_5
伸びる,のびる,"to extend, to make progress, to grow",N3,N3_Group_5
差,さ,"difference, variation",N3,N3_Group_5
際,さい,"on the occasion of, circumstances",N3,N3_Group_5
境,さかい,"border, boundary, mental state",N3,N3_Group_5
桜,さくら,"cherry blossom, cherry tree",N3,N3_Group_5
延びる,のびる,to be prolonged,N3,N3_Group_5
酒,さけ,"alcohol, sake",N3,N3_Group_5
札,さつ,"bill, note",N3,N3_Group_5
さっぱり,さっぱり,"feeling refreshed, neat",N3,N3_Group_5
豆,まめ,"beans, peas",N3,N3_Group_5
生える,はえる,"to grow, to spring up; to cut (teeth)",N3,N3_Group_5
円,まる,circle,N3,N3_Group_5
妙,みょう,"strange, unusual",N3,N3_Group_5
無,む,"nothing, naught, zero",N3,N3_Group_5
胸,むね,"breast, chest",N3,N3_Group_5
放れる,はなれる,"to leave, to get free, to cut oneself off",N3,N3_Group_5
芽,め,sprout,N3,N3_Group_5
面,めん,"face, mug, surface, side or facet, corner, page",N3,N3_Group_5
綿,めん,cotton,N3,N3_Group_5
元,もと,"origin, original; former",N3,N3_Group_5
流行る,はやる,"to be popular, to come into fashion",N3,N3_Group_5
基,もと,basis,N3,N3_Group_5
素,もと,prime,N3,N3_Group_5
約,やく,"approximately, about, some",N3,N3_Group_5
訳,やく,translation,N3,N3_Group_5
広がる,ひろがる,"to spread (out), to extend, to stretch, to reach to, to get around",N3,N3_Group_5
宿,やど,"inn, lodging",N3,N3_Group_5
床,ゆか,floor,N3,N3_Group_5
要するに,ようするに,"in a word, after all, in short …",N3,N3_Group_5
四,よん,four,N3,N3_Group_5
広げる,ひろげる,"to spread, to extend, to expand, to enlarge",N3,N3_Group_5
来,らい～,next ~,N3,N3_Group_5
楽,らく,"comfort, ease",N3,N3_Group_5
陸,りく,"land, shore",N3,N3_Group_5
率,りつ,"rate, ratio, percentage",N3,N3_Group_5
任せる,まかせる,"to entrust to another, to leave to",N3,N3_Group_5
量,りょう,"quantity, amount",N3,N3_Group_5
例,れい,"instance, example, case",N3,N3_Group_5
礼,れい,expression of gratitude; bow,N3,N3_Group_5
列,れつ,"queue, line, row",N3,N3_Group_5
交ぜる,まぜる,"to be mixed, to be blended with",N3,N3_Group_5
輪,わ,"ring, hoop, circle",N3,N3_Group_5
ワイン,ワイン,wine,N3,N3_Group_5
わがまま,わがまま,"selfishness, egoism, willfulness",N3,N3_Group_5
脇,わき,side,N3,N3_Group_5
高まる,たかまる,to rise; to grow; to mount (v.i.),N3,N3_Group_5
綿,わた,cotton,N3,N3_Group_5
湾,わん,"bay, gulf, inlet",N3,N3_Group_5
椀,わん,bowl,N3,N3_Group_5
碗,わん,bowl,N3,N3_Group_5
強まる,つよまる,"to get strong, to gain strength",N3,N3_Group_5
悪,あく,"evil, vice",N3,N3_Group_5
異,い,objection,N3,N3_Group_5
意,い,will,N3,N3_Group_5
粋,いき,"chic, style, purity",N3,N3_Group_5
馴らす,ならす,"to domesticate, to tame",N3,N3_Group_5
渦,うず,swirl,N3,N3_Group_5
尾,お,"tail, ridge",N3,N3_Group_5
角,かく,angle,N3,N3_Group_5
核,かく,"nucleus, kernel",N3,N3_Group_5
生やす,はやす,"to grow, to cultivate, to wear beard",N3,N3_Group_5
格,かく,"status, character, case",N3,N3_Group_5
管,かん,"pipe, tube",N3,N3_Group_5
癌,がん,cancer,N3,N3_Group_5
菌,きん,"germ, bacterium",N3,N3_Group_5
広まる,ひろまる,"to spread, to be propagated",N3,N3_Group_5
群,ぐん,group,N3,N3_Group_5
刑,けい,"penalty, sentence, punishment",N3,N3_Group_5
件,けん,"matter, case, item",N3,N3_Group_5
ことによると,ことによると,(depending on the circumstances),N3,N3_Group_5
弱まる,よわまる,"to weaken, to be emaciated, to be dejected",N3,N3_Group_5
策,さく,"plan, policy",N3,N3_Group_5
象,ぞう,elephant,N3,N3_Group_5
底,そこ,"bottom, sole",N3,N3_Group_5
袖,そで,sleeve,N3,N3_Group_5
そのうち,そのうち,"before long, eventually, sooner or later",N3,N3_Group_5
そのまま,そのまま,"without change, as it is (e.g., now)",N3,N3_Group_5
田,た,rice field,N3,N3_Group_5
対,たい,"pair, couple, set",N3,N3_Group_5
題,だい,"title, subject, theme",N3,N3_Group_5
ダイヤ,ダイヤ,(railway) schedule; diamond,N3,N3_Group_5
タオル,タオル,(hand) towel,N3,N3_Group_5
宝,たから,treasure,N3,N3_Group_5
唯,ただ,"mere, sole, plain",N3,N3_Group_5
唯,たった,"only, just",N3,N3_Group_5
束,たば,"bunch, bundle",N3,N3_Group_5
度,たび,counter for occurrences,N3,N3_Group_5
旅,たび,"travel, trip, journey",N3,N3_Group_6
ごめんなさい,ごめんなさい,"I beg your pardon, excuse me, I'm sorry",N3,N3_Group_6
段,だん,"step, stair, grade",N3,N3_Group_6
回復,かいふく,"recovery (from illness), rehabilitation, restoration",N3,N3_Group_6
弱める,よわめる,to weaken,N3,N3_Group_6
地,ち,earth,N3,N3_Group_6
たまらない,たまらない,"intolerable, unbearable, unendurable",N3,N3_Group_6
茶,ちゃ,tea,N3,N3_Group_6
中,ちゅう,"inside, middle, among",N3,N3_Group_6
在る; 有る,ある,"to live, to be, to exist",N3,N3_Group_6
注,ちゅう,"annotation, explanatory note",N3,N3_Group_6
ちょうだい,ちょうだい,-- colloquial form of ください; typically used by children or women --,N3,N3_Group_6
土,つち,"earth, soil",N3,N3_Group_6
急に,きゅうに,suddenly,N3,N3_Group_6
受け取る,うけとる,"to receive, to get, to accept",N3,N3_Group_6
罪,つみ,"crime, fault, indiscretion",N3,N3_Group_6
付き合い,つきあい,socialization; friendship; association,N3,N3_Group_6
釣,つり,fishing,N3,N3_Group_6
敵,てき,"enemy, rival",N3,N3_Group_6
追い付く,おいつく,"to overtake, to catch up (with)",N3,N3_Group_6
鉄,てつ,iron,N3,N3_Group_6
とんでもない,とんでもない,"outrageous, No way!",N3,N3_Group_6
党,とう,party (political),N3,N3_Group_6
寧ろ,むしろ,"rather, better, instead",N3,N3_Group_6
思い付く,おもいつく,"to think of, to hit upon",N3,N3_Group_6
どうぞよろしく,どうぞよろしく,pleased to meet you,N3,N3_Group_6
能,のう,"being skilled in, nicely, properly",N3,N3_Group_6
毒,どく,"poison, toxicant",N3,N3_Group_6
ところで,ところで,by the way; even if,N3,N3_Group_6
気に入る,きにいる,"to like, to be please",N3,N3_Group_6
とにかく,とにかく,"anyhow, at any rate, anyway",N3,N3_Group_6
のんびり,のんびり,"carefree, at leisure",N3,N3_Group_6
虎,とら,tiger,N3,N3_Group_6
尤も,もっとも,"quite right, plausible, natural",N3,N3_Group_6
繰り返す,くりかえす,"to repeat, to do something over again",N3,N3_Group_6
泥,どろ,mud,N3,N3_Group_6
様々,さまざま,"varied, various",N3,N3_Group_6
なぜなら,なぜなら,because,N3,N3_Group_6
謎,なぞ,"riddle, puzzle, enigma",N3,N3_Group_6
こぼれる,こぼれる,"to overflow, to spill",N3,N3_Group_6
鍋,なべ,"saucepan, pot",N3,N3_Group_6
生,なま,"raw, unprocessed",N3,N3_Group_6
波,なみ,wave,N3,N3_Group_6
物事,ものごと,"things, everything",N3,N3_Group_6
申し込む,もうしこむ,"to apply for, to make an application",N3,N3_Group_6
涙,なみだ,tear,N3,N3_Group_6
縄,なわ,rope,N3,N3_Group_6
布,ぬの,cloth,N3,N3_Group_6
根,ね,root,N3,N3_Group_6
確かめる,たしかめる,"to ascertain, to make sure",N3,N3_Group_6
野,の,field,N3,N3_Group_6
軒,のき,eaves,N3,N3_Group_6
後,のち,"afterwards, since then",N3,N3_Group_6
ノック,ノック,knock; fungo (baseball),N3,N3_Group_6
立ち上がる,たちあがる,to stand up,N3,N3_Group_6
灰,はい,ash,N3,N3_Group_6
墓,はか,"grave, tomb",N3,N3_Group_6
旗,はた,flag,N3,N3_Group_6
肌,はだ,skin,N3,N3_Group_6
取り上げる,とりあげる,"to take up, to pick up; to confiscate",N3,N3_Group_6
裸,はだか,"naked, nude",N3,N3_Group_6
畑,はたけ,"field, patch",N3,N3_Group_6
ばったり,ばったり,(to meet) by chance,N3,N3_Group_6
原,はら,"field, plain",N3,N3_Group_6
まとめる,まとめる,"to put in order, to collect, to bring to a conclusion",N3,N3_Group_6
灯,ひ,light,N3,N3_Group_6
膝,ひざ,"knee, lap",N3,N3_Group_6
ぴったり,ぴったり,"exactly, neatly, sharp",N3,N3_Group_6
紐,ひも,"string, cord",N3,N3_Group_6
見掛ける,みかける,"to (happen to see), to notice, to catch sight of",N3,N3_Group_6
表,ひょう,"table (e.g., Tab 1), chart, list",N3,N3_Group_6
秒,びょう,second (60th min),N3,N3_Group_6
瓶,びん,bottle,N3,N3_Group_6
不,ふ,"un(~), non(~), negative prefix",N3,N3_Group_6
沈む,しずむ,to sink; to feel depressed,N3,N3_Group_6
不,ぶ,"un(~), non(~), negative prefix",N3,N3_Group_6
無,ぶ,"nothing, naught, nil, zero",N3,N3_Group_6
分,ぶ,"dividing, part",N3,N3_Group_6
笛,ふえ,"flute, whistle",N3,N3_Group_6
従う,したがう,"to abide (by the rules), to obey",N3,N3_Group_6
袋,ふくろ,"bag, sack",N3,N3_Group_6
節,ふし,"tune, tone, knob",N3,N3_Group_6
縁,ふち,"edge, rim",N3,N3_Group_6
筆,ふで,writing brush,N3,N3_Group_6
示す,しめす,"to show, to indicate",N3,N3_Group_6
分,ぶん,"dividing, part, segment",N3,N3_Group_6
文,ぶん,sentence,N3,N3_Group_6
方,ほう,side,N3,N3_Group_6
棒,ぼう,"pole, rod, stick",N3,N3_Group_6
湿る,しめる,"to be wet, to be damp",N3,N3_Group_6
ボート,ボート,rowing boat,N3,N3_Group_6
ホーム,ホーム,platform; home,N3,N3_Group_6
ボール,ボール,ball; bowl,N3,N3_Group_6
埃,ほこり,dust,N3,N3_Group_6
刷る,する,to print,N3,N3_Group_6
仏,ほとけ,Buddha,N3,N3_Group_6
骨,ほね,bone,N3,N3_Group_6
炎,ほのお,flame,N3,N3_Group_6
頬,ほほ,cheek (of face),N3,N3_Group_6
表す,あらわす,"to express, to show",N3,N3_Group_6
頬,ほお,cheek (of face),N3,N3_Group_6
堀,ほり,"moat, canal",N3,N3_Group_6
濠,ほり,moat,N3,N3_Group_6
街,まち,"town; street, road",N3,N3_Group_6
現す,あらわす,"to show, to appear, to reveal",N3,N3_Group_6
松,まつ,pine tree,N3,N3_Group_6
祭,まつり,"festival, feast",N3,N3_Group_6
柵,さく,"fence, paling",N3,N3_Group_6
住,じゅう,"dwelling, living",N3,N3_Group_6
祝う,いわう,"to congratulate, to celebrate",N3,N3_Group_6
禅,ぜん,Zen (Buddhism),N3,N3_Group_6
相,そう,"aspect, phase, countenance",N3,N3_Group_6
僧,そう,"monk, priest",N3,N3_Group_6
像,ぞう,"statue, image",N3,N3_Group_6
討つ,うつ,"to attack, to avenge",N3,N3_Group_6
隊,たい,"party, troops",N3,N3_Group_6
ダウン,ダウン,down,N3,N3_Group_6
盾,たて,shield,N3,N3_Group_6
対,つい,"pair, couple, set",N3,N3_Group_6
撃つ,うつ,"to attack, to shoot",N3,N3_Group_6
露,つゆ,dew,N3,N3_Group_6
と,と,and,N3,N3_Group_6
棟,とう,ridge (of roof,N3,N3_Group_6
音,ね,"sound, note",N3,N3_Group_6
奪う,うばう,"to rob, to deprive",N3,N3_Group_6
肺,はい,lung,N3,N3_Group_6
班,はん,"group, party, section (mil)",N3,N3_Group_6
判,はん,size (of paper or books),N3,N3_Group_6
版,はん,edition,N3,N3_Group_6
描く,えがく,"to draw, to depict, to describe",N3,N3_Group_6
碑,ひ,stone monument bearing an inscription,N3,N3_Group_6
前もって,まえもって,"in advance, beforehand, previously",N3,N3_Group_6
膜,まく,"membrane, film",N3,N3_Group_6
枠,わく,"frame, slide",N3,N3_Group_6
覆う,おおう,"to cover, to hide, to conceal",N3,N3_Group_6
作法,さほう,"manners, etiquette, propriety",N3,N3_Group_6
左右,さゆう,left and right; influence,N3,N3_Group_6
更に,さらに,"furthermore, moreover",N3,N3_Group_6
騒ぎ,さわぎ,"uproar, disturbance",N3,N3_Group_6
飼う,かう,to keep; to own (a pet); to raise; to feed,N3,N3_Group_6
参加,さんか,participation,N3,N3_Group_6
参考,さんこう,"reference, consultation",N3,N3_Group_6
賛成,さんせい,"approval, agreement",N3,N3_Group_6
酸性,さんせい,acidity,N3,N3_Group_6
反る,かえる,"to warp, to be warped, to curve",N3,N3_Group_6
酸素,さんそ,oxygen,N3,N3_Group_6
幸せ,しあわせ,"happiness, blessing",N3,N3_Group_6
四角,しかく,square,N3,N3_Group_6
四季,しき,four seasons,N3,N3_Group_6
輝く,かがやく,"to shine, to glitter, to sparkle",N3,N3_Group_6
刺激,しげき,"stimulus, impetus, incentive",N3,N3_Group_6
資源,しげん,resources,N3,N3_Group_6
事件,じけん,"event, affair, incident",N3,N3_Group_6
自殺,じさつ,suicide,N3,N3_Group_6
罹る,かかる,to suffer from,N3,N3_Group_6
事実,じじつ,"fact, truth, reality",N3,N3_Group_6
詩人,しじん,poet,N3,N3_Group_6
自身,じしん,oneself,N3,N3_Group_6
思想,しそう,"thought, idea",N3,N3_Group_6
限る,かぎる,"to restrict, to limit, to confine",N3,N3_Group_6
次第,しだい,order; circumstances; immediate(ly),N3,N3_Group_6
失業,しつぎょう,unemployment,N3,N3_Group_6
湿気,しっけ,"moisture, humidity, dampness",N3,N3_Group_6
実現,じつげん,"implementation, materialization, realization",N3,N3_Group_6
掻く,かく,to scratch,N3,N3_Group_6
実行,じっこう,"practice, execution (e.g., program), realization",N3,N3_Group_6
実際,じっさい,in fact; in actuality,N3,N3_Group_6
湿度,しつど,humidity,N3,N3_Group_6
実に,じつに,"indeed, truly, surely",N3,N3_Group_6
失望,しつぼう,"disappointment, despair",N3,N3_Group_6
実力,じつりょく,ability; force,N3,N3_Group_6
支店,してん,branch store (office),N3,N3_Group_6
指導,しどう,"leadership, guidance, coaching",N3,N3_Group_6
自動,じどう,"automatic, self-motion",N3,N3_Group_6
支配,しはい,"rule, control, direction",N3,N3_Group_6
資本,しほん,"funds, capital",N3,N3_Group_6
姉妹,しまい,sisters,N3,N3_Group_6
自慢,じまん,"pride, boast",N3,N3_Group_6
借金,しゃっきん,"debt, loan, liabilities",N3,N3_Group_6
周囲,しゅうい,"surroundings, circumference, environs",N3,N3_Group_6
収穫,しゅうかく,"harvest, crop, ingathering",N3,N3_Group_6
宗教,しゅうきょう,religion,N3,N3_Group_7
至急,しきゅう,"urgent, pressing",N3,N3_Group_7
重視,じゅうし,"importance, stress",N3,N3_Group_7
僅か,わずか,"only, merely, a little",N3,N3_Group_7
描く,かく,"to draw, to depict, to describe",N3,N3_Group_7
就職,しゅうしょく,finding employment,N3,N3_Group_7
種類,しゅるい,"variety, kind",N3,N3_Group_7
ジュース,ジュース,"juice, soft drink; deuce",N3,N3_Group_7
重体,じゅうたい,"seriously ill, critical state",N3,N3_Group_7
嗅ぐ,かぐ,"to sniff, to smell",N3,N3_Group_7
渋滞,じゅうたい,"congestion (e.g., traffic), delay",N3,N3_Group_7
正直,しょうじき,"honesty, integrity, frankness",N3,N3_Group_7
住宅,じゅうたく,"resident, housing",N3,N3_Group_7
依然,いぜん,"still, as yet",N3,N3_Group_7
隠す,かくす,"to hide, to conceal",N3,N3_Group_7
集団,しゅうだん,"group, mass",N3,N3_Group_7
慎重,しんちょう,"careful, prudent, cautious",N3,N3_Group_7
住民,じゅうみん,"inhabitants, residents",N3,N3_Group_7
宿泊,しゅくはく,lodging,N3,N3_Group_7
囲む,かこむ,"to surround, to encircle",N3,N3_Group_7
手術,しゅじゅつ,surgical operation,N3,N3_Group_7
人類,じんるい,"mankind, humanity",N3,N3_Group_7
首相,しゅしょう,Prime Minister,N3,N3_Group_7
相当,そうとう,"considerably, fairly; worth ~",N3,N3_Group_7
語る,かたる,"to talk, to tell, to recite",N3,N3_Group_7
主張,しゅちょう,"claim, insistence, assertion",N3,N3_Group_7
鋭い,するどい,"pointed, sharp",N3,N3_Group_7
出場,しゅつじょう,participation,N3,N3_Group_7
出版,しゅっぱん,publication,N3,N3_Group_7
刈る,かる,"to cut (hair), to mow (grass), to harvest",N3,N3_Group_7
主要,しゅよう,"chief, main",N3,N3_Group_7
一種,いっしゅ,"a species, a kind, a variety",N3,N3_Group_7
需要,じゅよう,demand,N3,N3_Group_7
大半,たいはん,"most of, majority, mostly",N3,N3_Group_7
渇く,かわく,to be thirsty,N3,N3_Group_7
瞬間,しゅんかん,"moment, second",N3,N3_Group_7
賢い,かしこい,"wise, clever, smart",N3,N3_Group_7
順番,じゅんばん,"turn (in line), order of things",N3,N3_Group_7
障害,しょうがい,"obstacle, impediment",N3,N3_Group_7
効く,きく,to be effective,N3,N3_Group_7
乗客,じょうきゃく,passenger,N3,N3_Group_7
上京,じょうきょう,proceeding to the capital (Tokyo),N3,N3_Group_7
常識,じょうしき,common sense,N3,N3_Group_7
単に,たんに,"simply, merely",N3,N3_Group_7
汲む,くむ,"to draw, to scoop, to pump",N3,N3_Group_7
上達,じょうたつ,"improvement, advance",N3,N3_Group_7
冗談,じょうだん,a joke,N3,N3_Group_7
衝突,しょうとつ,"collision, conflict",N3,N3_Group_7
商人,しょうにん,"trader, shopkeeper, merchant",N3,N3_Group_7
酌む,くむ,to serve sake,N3,N3_Group_7
承認,しょうにん,"recognition, approval",N3,N3_Group_7
少年,しょうねん,"boys, juveniles",N3,N3_Group_7
商売,しょうばい,"trade, business, commerce",N3,N3_Group_7
賞品,しょうひん,"prize, trophy",N3,N3_Group_7
蹴る,ける,to kick,N3,N3_Group_7
消防,しょうぼう,"fire fighting, fire department",N3,N3_Group_7
情報,じょうほう,"information, (military) intelligence",N3,N3_Group_7
証明,しょうめい,"proof, verification",N3,N3_Group_7
省略,しょうりゃく,"omission, abbreviation, abridgment",N3,N3_Group_7
超す,こす,"to cross, to pass, to tide over",N3,N3_Group_7
女王,じょおう,queen,N3,N3_Group_7
職業,しょくぎょう,"occupation, business",N3,N3_Group_7
食卓,しょくたく,dining table,N3,N3_Group_7
植物,しょくぶつ,"plant, vegetation",N3,N3_Group_7
殺す,ころす,to kill,N3,N3_Group_7
食糧,しょくりょう,"provisions, rations",N3,N3_Group_7
書斎,しょさい,"study, den",N3,N3_Group_7
女子,じょし,"woman, girl",N3,N3_Group_7
書物,しょもつ,books,N3,N3_Group_7
裂く,さく,"to tear, to split",N3,N3_Group_7
女優,じょゆう,actress,N3,N3_Group_7
真剣,しんけん,"seriousness, earnestness",N3,N3_Group_7
信仰,しんこう,"(religious) faith, belief",N3,N3_Group_7
信号,しんごう,"traffic lights, signal, semaphore",N3,N3_Group_7
叫ぶ,さけぶ,"to shout, to cry",N3,N3_Group_7
深刻,しんこく,serious,N3,N3_Group_7
診察,しんさつ,medical examination (of a patient),N3,N3_Group_7
親戚,しんせき,relative(s),N3,N3_Group_7
新鮮,しんせん,fresh,N3,N3_Group_7
刺す,さす,"to sting, to bite (e.g., bug), to prick, to stab",N3,N3_Group_7
審判,しんぱん,"umpire, referee, judgment",N3,N3_Group_7
進歩,しんぽ,"improvement, progress, development",N3,N3_Group_7
信頼,しんらい,"reliance, trust, confidence",N3,N3_Group_7
心理,しんり,mentality,N3,N3_Group_7
指す,さす,"to point,",N3,N3_Group_7
睡眠,すいみん,sleep,N3,N3_Group_7
数字,すうじ,"numeral, figure",N3,N3_Group_7
スタンド,スタンド,stand,N3,N3_Group_7
正確,せいかく,"accurate, punctuality, exact",N3,N3_Group_7
射す,さす,"to shine, to strike",N3,N3_Group_7
世紀,せいき,century,N3,N3_Group_7
請求,せいきゅう,"claim, demand, request",N3,N3_Group_7
税金,ぜいきん,"tax, duty",N3,N3_Group_7
成功,せいこう,"success, hit",N3,N3_Group_7
守る,まもる,to protect; to abide (by the rules),N3,N3_Group_7
正式,せいしき,"official, formal",N3,N3_Group_7
成人,せいじん,adult,N3,N3_Group_7
精々,せいぜい,"at the most, at best",N3,N3_Group_7
成績,せいせき,"grade (i.e., on a test), academic record",N3,N3_Group_7
診る,みる,to examine (a patient),N3,N3_Group_7
製造,せいぞう,"manufacture, production",N3,N3_Group_7
贅沢,ぜいたく,"luxury, extravagance",N3,N3_Group_7
制度,せいど,"system, institution",N3,N3_Group_7
生物,せいぶつ,"living thing, organism",N3,N3_Group_7
向く,むく,to face,N3,N3_Group_7
整理,せいり,"sorting, arrangement",N3,N3_Group_7
石炭,せきたん,coal,N3,N3_Group_7
責任,せきにん,"duty, responsibility",N3,N3_Group_7
石油,せきゆ,"oil, petroleum, kerosene",N3,N3_Group_7
剥く,むく,"to peel, to skin",N3,N3_Group_7
設計,せっけい,"plan, design",N3,N3_Group_7
合図,あいず,"sign, signal",N3,N3_Group_7
悪魔,あくま,"devil, demon, evil spirit",N3,N3_Group_7
辺り,あたり,"vicinity, nearby",N3,N3_Group_7
蒸す,むす,"to steam, to poultice, to be sultry",N3,N3_Group_7
誤り,あやまり,error,N3,N3_Group_7
現れ,あらわれ,"expression, indication, sign",N3,N3_Group_7
案外,あんがい,unexpectedly,N3,N3_Group_7
安定,あんてい,"stability, equilibrium",N3,N3_Group_7
結ぶ,むすぶ,"to tie, to bind, to link",N3,N3_Group_7
委員,いいん,committee member,N3,N3_Group_7
意外,いがい,"unexpected, surprising",N3,N3_Group_7
意思,いし,"intention, purpose",N3,N3_Group_7
意志,いし,"will, volition",N3,N3_Group_7
訳す,やくす,to translate,N3,N3_Group_7
維持,いじ,"maintenance, preservation",N3,N3_Group_7
意識,いしき,"consciousness, senses",N3,N3_Group_7
異常,いじょう,"strangeness, abnormality, disorder",N3,N3_Group_7
以前,いぜん,in the past; before,N3,N3_Group_7
雇う,やとう,"to employ, to hire",N3,N3_Group_7
痛み,いたみ,"pain, ache, sore",N3,N3_Group_7
市場,いちば,"market, bazaar",N3,N3_Group_7
一瞬,いっしゅん,"a moment, an instant",N3,N3_Group_7
一致,いっち,agreement; conformity,N3,N3_Group_7
負う,おう,"to bear, to owe",N3,N3_Group_7
一般,いっぱん,"general, average",N3,N3_Group_7
移動,いどう,"migration, movement",N3,N3_Group_7
衣服,いふく,clothes,N3,N3_Group_7
居間,いま,living room,N3,N3_Group_7
織る,おる,to weave,N3,N3_Group_7
以来,いらい,"since, henceforth",N3,N3_Group_7
祝い,いわい,"celebration, festival",N3,N3_Group_7
印刷,いんさつ,printing,N3,N3_Group_7
印象,いんしょう,impression,N3,N3_Group_7
欠く,かく,"to lack, to crack",N3,N3_Group_7
引退,いんたい,retirement,N3,N3_Group_7
引用,いんよう,"quotation, citation",N3,N3_Group_7
宇宙,うちゅう,"universe, cosmos, space",N3,N3_Group_7
有無,うむ,"yes or no, presence or absence",N3,N3_Group_7
築く,きずく,"to build, to establish",N3,N3_Group_7
運転,うんてん,"operation, driving",N3,N3_Group_7
永遠,えいえん,"eternity, perpetuity, immortality",N3,N3_Group_7
永久,えいきゅう,"eternity, perpetuity, immortality",N3,N3_Group_7
影響,えいきょう,"influence, effect",N3,N3_Group_7
注ぐ,そそぐ,to pour (into),N3,N3_Group_7
営業,えいぎょう,"business, trade, management",N3,N3_Group_7
衛星,えいせい,satellite,N3,N3_Group_7
栄養,えいよう,"nutrition, nourishment",N3,N3_Group_7
笑顔,えがお,smile (on one's face),N3,N3_Group_7
炊く,たく,"to boil, to cook",N3,N3_Group_7
延期,えんき,"postponement, adjournment",N3,N3_Group_7
演技,えんぎ,"acting, performance",N3,N3_Group_7
援助,えんじょ,"assistance, aid, support",N3,N3_Group_7
演説,えんぜつ,"speech, address",N3,N3_Group_7
焚く,たく,"to burn, to kindle, to build a fire",N3,N3_Group_7
演奏,えんそう,musical performance,N3,N3_Group_7
王様,おうさま,king,N3,N3_Group_7
王子,おうじ,prince,N3,N3_Group_7
横断,おうだん,crossing,N3,N3_Group_7
大家,おおや,landlord,N3,N3_Group_7
汚染,おせん,"pollution, contamination",N3,N3_Group_7
お昼,おひる,"lunch, noon",N3,N3_Group_7
主に,おもに,"mainly, primarily",N3,N3_Group_7
泳ぎ,およぎ,swimming,N3,N3_Group_7
温暖,おんだん,warmth,N3,N3_Group_7
温度,おんど,temperature,N3,N3_Group_7
会員,かいいん,"member, the membership",N3,N3_Group_7
絵画,かいが,"picture, painting",N3,N3_Group_7
海外,かいがい,"foreign, abroad, overseas",N3,N3_Group_7
会計,かいけい,"account, finance",N3,N3_Group_7
解決,かいけつ,"settlement, solution, resolution",N3,N3_Group_7
外交,がいこう,diplomacy,N3,N3_Group_8
堅い,かたい,"hard, firm, solid",N3,N3_Group_8
解釈,かいしゃく,"explanation, interpretation",N3,N3_Group_8
突然,とつぜん,"abruptly, suddenly, unexpectedly",N3,N3_Group_8
抱く,だく,"to embrace, to hug",N3,N3_Group_8
改善,かいぜん,"betterment, improvement",N3,N3_Group_8
硬い,かたい,"hard, firm, solid",N3,N3_Group_8
快適,かいてき,"pleasant, agreeable",N3,N3_Group_8
香り,かおり,"aroma, fragrance",N3,N3_Group_8
戦う,たたかう,"to fight, to compete, to battle",N3,N3_Group_8
画家,がか,painter,N3,N3_Group_8
財産,ざいさん,"property, fortune, assets",N3,N3_Group_8
化学,かがく,chemistry,N3,N3_Group_8
なお,なお,"still, yet",N3,N3_Group_8
黙る,だまる,to be silent,N3,N3_Group_8
家具,かぐ,furniture,N3,N3_Group_8
冷静,れいせい,"calm, coolness",N3,N3_Group_8
確実,かくじつ,"certainty, reliability, soundness",N3,N3_Group_8
学者,がくしゃ,scholar,N3,N3_Group_8
試す,ためす,"to attempt, to test",N3,N3_Group_8
拡大,かくだい,"magnification, enlargement",N3,N3_Group_8
専攻,せんこう,"major subject, special study",N3,N3_Group_8
確認,かくにん,"affirmation, confirmation",N3,N3_Group_8
発見,はっけん,"discovery, detection, finding",N3,N3_Group_8
掴む,つかむ,"to seize, to catch, to grasp",N3,N3_Group_8
加減,かげん,adjustment; addition and subtraction,N3,N3_Group_8
粗末,そまつ,"humble, miserable, crude",N3,N3_Group_8
過去,かこ,past,N3,N3_Group_8
火災,かさい,"conflagration, fire",N3,N3_Group_8
付く,つく,"to adjoin, to be attached, to adhere",N3,N3_Group_8
飾り,かざり,decoration,N3,N3_Group_8
地区,ちく,"district, section",N3,N3_Group_8
菓子,かし,"confectionery, sweet",N3,N3_Group_8
方々,ほうぼう,"here and there, everywhere",N3,N3_Group_8
突く,つく,"to thrust, to strike; to poke",N3,N3_Group_8
歌手,かしゅ,singer,N3,N3_Group_8
適切,てきせつ,"appropriate, adequate, relevance",N3,N3_Group_8
価値,かち,"value, worth, merit",N3,N3_Group_8
楽器,がっき,musical instrument,N3,N3_Group_8
注ぐ,つぐ,to pour (into),N3,N3_Group_8
活動,かつどう,"action, activity",N3,N3_Group_8
活躍,かつやく,activity,N3,N3_Group_8
過程,かてい,process,N3,N3_Group_8
ほぼ,ほぼ,"almost, roughly",N3,N3_Group_8
積む,つむ,"to pile up, to stack",N3,N3_Group_8
課程,かてい,"course, curriculum",N3,N3_Group_8
可能,かのう,"possible, practicable, feasible",N3,N3_Group_8
感覚,かんかく,"sense, sensation",N3,N3_Group_8
間隔,かんかく,"space, interval, SPC",N3,N3_Group_8
通す,とおす,"to let pass, to overlook, to continue",N3,N3_Group_8
環境,かんきょう,"environment, circumstance",N3,N3_Group_8
観察,かんさつ,"observation, survey",N3,N3_Group_8
感謝,かんしゃ,"thanks, gratitude",N3,N3_Group_8
患者,かんじゃ,patient,N3,N3_Group_8
溶く,とく,to dissolve (paint),N3,N3_Group_8
勘定,かんじょう,"calculation, counting, consideration",N3,N3_Group_8
感心,かんしん,admiration,N3,N3_Group_8
関心,かんしん,"concern, interest",N3,N3_Group_8
完成,かんせい,"complete, completion; perfection",N3,N3_Group_8
届く,とどく,to reach,N3,N3_Group_8
完全,かんぜん,"perfection, completeness",N3,N3_Group_8
乾燥,かんそう,"dry, arid, dehydrated",N3,N3_Group_8
感想,かんそう,"(one's) impressions, (one's) thoughts",N3,N3_Group_8
感動,かんどう,"being deeply moved, excitement",N3,N3_Group_8
殴る,なぐる,to strike; to hit; to punch,N3,N3_Group_8
監督,かんとく,"supervision, control, (movie) director",N3,N3_Group_8
管理,かんり,"control, management (e.g., of a business)",N3,N3_Group_8
完了,かんりょう,"completion, conclusion",N3,N3_Group_8
記憶,きおく,"memory, recollection, remembrance",N3,N3_Group_8
生る,なる,to bear fruit,N3,N3_Group_8
機械,きかい,"machine, machinery",N3,N3_Group_8
器械,きかい,instrument,N3,N3_Group_8
期間,きかん,"period, term",N3,N3_Group_8
機関,きかん,"engine; institution, organization",N3,N3_Group_8
煮る,にる,"to boil, to cook",N3,N3_Group_8
企業,きぎょう,"industry, business, undertaking",N3,N3_Group_8
期限,きげん,"deadline, term",N3,N3_Group_8
機嫌,きげん,"humor, temper, mood",N3,N3_Group_8
気候,きこう,climate,N3,N3_Group_8
抜く,ぬく,"to extract, to omit, to unplug",N3,N3_Group_8
技師,ぎし,"engineer, technician",N3,N3_Group_8
記者,きしゃ,reporter,N3,N3_Group_8
期待,きたい,"expectation, anticipation, hope",N3,N3_Group_8
気体,きたい,"vapor, gas",N3,N3_Group_8
願う,ねがう,"to desire, to wish, to request",N3,N3_Group_8
貴重,きちょう,"precious, valuable",N3,N3_Group_8
議長,ぎちょう,chairman,N3,N3_Group_8
記入,きにゅう,"entry, filling in of forms",N3,N3_Group_8
記念,きねん,"commemoration, memory",N3,N3_Group_8
覗く,のぞく,"to peek in, to look in",N3,N3_Group_8
機能,きのう,"function, faculty",N3,N3_Group_8
希望,きぼう,"hope, wish, aspiration",N3,N3_Group_8
基本,きほん,"basic, basis",N3,N3_Group_8
奇妙,きみょう,"strange, queer, curious",N3,N3_Group_8
除く,のぞく,"to remove, to exclude, to except",N3,N3_Group_8
義務,ぎむ,"duty, obligation, responsibility",N3,N3_Group_8
急激,きゅうげき,"sudden, precipitous, radical",N3,N3_Group_8
吸収,きゅうしゅう,"absorption, suction",N3,N3_Group_8
救助,きゅうじょ,"relief, aid, rescue",N3,N3_Group_8
望む,のぞむ,"to desire, to wish for; to view",N3,N3_Group_8
急速,きゅうそく,"rapid (e.g., progress)",N3,N3_Group_8
休息,きゅうそく,"rest, relief, relaxation",N3,N3_Group_8
給料,きゅうりょう,"salary, wages",N3,N3_Group_8
競技,きょうぎ,"game, match, contest",N3,N3_Group_8
載る,のる,"to appear (in print), to be recorded",N3,N3_Group_8
行儀,ぎょうぎ,manners,N3,N3_Group_8
供給,きょうきゅう,"supply, provision",N3,N3_Group_8
強調,きょうちょう,"emphasis, stress, stressed point",N3,N3_Group_8
共通,きょうつう,"commonness, mutual",N3,N3_Group_8
計る,はかる,"to measure, to weigh, to survey",N3,N3_Group_8
共同,きょうどう,"cooperation, association, collaboration",N3,N3_Group_8
恐怖,きょうふ,"fear, terror",N3,N3_Group_8
協力,きょうりょく,"cooperation, collaboration",N3,N3_Group_8
許可,きょか,"permission, approval",N3,N3_Group_8
量る,はかる,"to measure, to weigh, to survey",N3,N3_Group_8
巨大,きょだい,"huge, gigantic, enormous",N3,N3_Group_8
切れ,きれ,"cloth, piece, cut",N3,N3_Group_8
禁煙,きんえん,No Smoking,N3,N3_Group_8
禁止,きんし,"prohibition, ban",N3,N3_Group_8
測る,はかる,"to measure, to weigh, to survey",N3,N3_Group_8
金属,きんぞく,metal,N3,N3_Group_8
偶然,ぐうぜん,"(by) chance, unexpectedly",N3,N3_Group_8
具体,ぐたい,"concrete, tangible, material",N3,N3_Group_8
区別,くべつ,"distinction, differentiation, classification",N3,N3_Group_8
掃く,はく,"to sweep, to brush, to gather up",N3,N3_Group_8
組合,くみあい,"association, union",N3,N3_Group_8
苦労,くろう,hardship; suffering,N3,N3_Group_8
軍隊,ぐんたい,"army, troops",N3,N3_Group_8
敬意,けいい,"respect, honor",N3,N3_Group_8
吐く,はく,"to throw up, to vomit",N3,N3_Group_8
経営,けいえい,"management, administration",N3,N3_Group_8
警告,けいこく,warning,N3,N3_Group_8
計算,けいさん,"calculation, reckoning",N3,N3_Group_8
掲示,けいじ,"notice, bulletin",N3,N3_Group_8
離す,はなす,"to part, to separate",N3,N3_Group_8
刑事,けいじ,"criminal case, (police) detective",N3,N3_Group_8
芸術,げいじゅつ,"(fine) art, the arts",N3,N3_Group_8
契約,けいやく,"contract, compact, agreement",N3,N3_Group_8
けち,けち,"stinginess, miser",N3,N3_Group_8
省く,はぶく,"to omit, to eliminate",N3,N3_Group_8
血液,けつえき,blood,N3,N3_Group_8
欠陥,けっかん,"defect, fault, deficiency",N3,N3_Group_8
決心,けっしん,"determination, resolution",N3,N3_Group_8
決定,けってい,"decision, determination",N3,N3_Group_8
拭く,ふく,"to wipe, to dry",N3,N3_Group_8
結論,けつろん,conclusion,N3,N3_Group_8
見解,けんかい,"opinion, point of view",N3,N3_Group_8
限界,げんかい,"limit, bound",N3,N3_Group_8
現金,げんきん,cash,N3,N3_Group_8
含む,ふくむ,"to contain, to include",N3,N3_Group_8
言語,げんご,language,N3,N3_Group_8
検査,けんさ,"inspection, examination",N3,N3_Group_8
現在,げんざい,"now (same as 今 (いま)), present, current",N3,N3_Group_8
現実,げんじつ,reality,N3,N3_Group_8
打つ,ぶつ,"to hit, to strike",N3,N3_Group_8
現象,げんしょう,phenomenon,N3,N3_Group_8
建設,けんせつ,"construction, foundation",N3,N3_Group_8
建築,けんちく,"construction, architecture",N3,N3_Group_8
見当,けんとう,"estimate, guess",N3,N3_Group_8
振る,ふる,"to wave, to shake; to sprinkle; to cast (actor)",N3,N3_Group_8
検討,けんとう,"consideration, examination, investigation",N3,N3_Group_8
現場,げんば,"actual spot, scene, field",N3,N3_Group_8
憲法,けんぽう,constitution,N3,N3_Group_8
権利,けんり,"right, privilege",N3,N3_Group_8
減る,へる,"to decrease (in size or number), to diminish",N3,N3_Group_8
講演,こうえん,"lecture, talk",N3,N3_Group_8
硬貨,こうか,coin,N3,N3_Group_8
合格,ごうかく,"success, passing (e.g., exam)",N3,N3_Group_8
航空,こうくう,"aviation, flying",N3,N3_Group_8
光景,こうけい,"scene, spectacle",N3,N3_Group_8
合計,ごうけい,"sum total, total amount",N3,N3_Group_8
攻撃,こうげき,"attack, strike, offensive",N3,N3_Group_8
貢献,こうけん,"contribution, services",N3,N3_Group_8
広告,こうこく,advertisement,N3,N3_Group_8
後者,こうしゃ,the latter,N3,N3_Group_8
工場,こうば,"factory, plant",N3,N3_Group_8
公正,こうせい,"justice, fairness, impartiality",N3,N3_Group_8
行動,こうどう,"action, conduct, behavior",N3,N3_Group_8
強盗,ごうとう,"robbery, burglary",N3,N3_Group_8
後輩,こうはい,junior members of a group,N3,N3_Group_8
幸福,こうふく,"happiness, blessedness",N3,N3_Group_8
公平,こうへい,"fairness, impartial, justice",N3,N3_Group_9
知合い,しりあい,acquaintance,N3,N3_Group_9
候補,こうほ,candidacy,N3,N3_Group_9
恐らく,おそらく,perhaps,N3,N3_Group_9
撒く,まく,"to scatter, to sprinkle, to sow",N3,N3_Group_9
考慮,こうりょ,"consideration, taking into account",N3,N3_Group_9
温かい,あたたかい,warm,N3,N3_Group_9
語学,ごがく,language study,N3,N3_Group_9
国語,こくご,national language,N3,N3_Group_9
増す,ます,"to increase, to gain",N3,N3_Group_9
国籍,こくせき,nationality,N3,N3_Group_9
意地悪,いじわる,"malicious, mean, unkind",N3,N3_Group_9
胡椒,こしょう,pepper,N3,N3_Group_9
かなり,かなり,"considerably, fairly, quite",N3,N3_Group_9
招く,まねく,to invite,N3,N3_Group_9
国境,こっきょう,national or state border,N3,N3_Group_9
うがい,うがい,gargling,N3,N3_Group_9
骨折,こっせつ,bone fracture,N3,N3_Group_9
小包,こづつみ,"parcel, package",N3,N3_Group_9
裁く,さばく,to judge,N3,N3_Group_9
好み,このみ,"liking, taste, choice",N3,N3_Group_9
お互い,おたがい,"mutual, reciprocal, each other",N3,N3_Group_9
小屋,こや,"hut, cabin, shed",N3,N3_Group_9
直ちに,ただちに,"at once, immediately",N3,N3_Group_9
擦る,する,"to rub, to chafe",N3,N3_Group_9
今後,こんご,"from now on, hereafter",N3,N3_Group_9
かゆい,かゆい,"itchy, itching",N3,N3_Group_9
混雑,こんざつ,"confusion, congestion",N3,N3_Group_9
婚約,こんやく,"engagement, betrothal",N3,N3_Group_9
断つ,たつ,"to sever, to cut off",N3,N3_Group_9
混乱,こんらん,"chaos, confusion, mayhem",N3,N3_Group_9
悔しい,くやしい,"regrettable, mortifying, vexing",N3,N3_Group_9
サービス,サービス,"service, support system; goods or services without charge",N3,N3_Group_9
しばしば,しばしば,"often, again and again, frequently",N3,N3_Group_9
接ぐ,つぐ,to join; to piece together; to set (bones); to graft (trees),N3,N3_Group_9
最終,さいしゅう,"last, closing",N3,N3_Group_9
詳しい,くわしい,detailed; full; accurate,N3,N3_Group_9
最中,さいちゅう,in the middle of,N3,N3_Group_9
才能,さいのう,"talent, ability",N3,N3_Group_9
継ぐ,つぐ,to succeed (someone in a business or inheritance,N3,N3_Group_9
裁判,さいばん,"trial, judgment",N3,N3_Group_9
幸い,さいわい,fortunately; luckily,N3,N3_Group_9
作物,さくもつ,"produce (e.g., agricultural), crops",N3,N3_Group_9
あるいは,あるいは,"or, perhaps",N3,N3_Group_9
摘む,つむ,"to pluck, to pick, to trim",N3,N3_Group_9
砂漠,さばく,desert,N3,N3_Group_9
差別,さべつ,"discrimination, differentiation",N3,N3_Group_9
万一,まんいち,"by some chance, if by any chance",N3,N3_Group_9
満足,まんぞく,satisfaction,N3,N3_Group_9
説く,とく,"to explain, to advocate",N3,N3_Group_9
土産,みやげ,souvenir,N3,N3_Group_9
魅力,みりょく,"charm, fascination, appeal",N3,N3_Group_9
無視,むし,"disregard, ignore",N3,N3_Group_9
虫歯,むしば,"cavity, tooth decay",N3,N3_Group_9
諮る,はかる,"to consult with, to confer",N3,N3_Group_9
夢中,むちゅう,"crush, crazy, be hooked on",N3,N3_Group_9
明確,めいかく,"clear, definite",N3,N3_Group_9
名詞,めいし,noun,N3,N3_Group_9
名人,めいじん,"master, expert",N3,N3_Group_9
図る,はかる,"to plot, to attempt, to devise, to design, to refer A to B",N3,N3_Group_9
命令,めいれい,"order, command, decree",N3,N3_Group_9
迷惑,めいわく,"trouble, bother, annoyance",N3,N3_Group_9
免許,めんきょ,"license, permit, certificate",N3,N3_Group_9
面接,めんせつ,interview,N3,N3_Group_9
捲る,めくる,"to turn over, to turn pages of a book",N3,N3_Group_9
面倒,めんどう,"trouble, attention",N3,N3_Group_9
毛布,もうふ,blanket,N3,N3_Group_9
目標,もくひょう,"mark, objective, target",N3,N3_Group_9
文字,もじ,"letter (of alphabet), character",N3,N3_Group_9
冷ます,さます,"to cool, to let cool",N3,N3_Group_9
文字,もんじ,"letter (of alphabet), character",N3,N3_Group_9
物音,ものおと,sounds,N3,N3_Group_9
模様,もよう,"pattern, figure, design",N3,N3_Group_9
文句,もんく,a complaint,N3,N3_Group_9
覚ます,さます,to awaken,N3,N3_Group_9
家賃,やちん,rent,N3,N3_Group_9
厄介,やっかい,"trouble, burden, care",N3,N3_Group_9
屋根,やね,roof,N3,N3_Group_9
唯一,ゆいいつ,"only, sole, unique",N3,N3_Group_9
覚める,さめる,"to wake, to wake up",N3,N3_Group_9
有効,ゆうこう,"valid, effectual",N3,N3_Group_9
優秀,ゆうしゅう,"superiority, excellence",N3,N3_Group_9
有能,ゆうのう,"able, capable, efficient",N3,N3_Group_9
郵便,ゆうびん,"mail, postal service",N3,N3_Group_9
信じる,しんじる,to believe,N3,N3_Group_9
有利,ゆうり,"advantageous, better",N3,N3_Group_9
豊か,ゆたか,"abundant, wealthy, plentiful, rich",N3,N3_Group_9
容器,ようき,"container, vessel",N3,N3_Group_9
要求,ようきゅう,"request, demand",N3,N3_Group_9
優れる,すぐれる,"to surpass, to outstrip, to excel",N3,N3_Group_9
用心,ようじん,"care, precaution, caution",N3,N3_Group_9
様子,ようす,"aspect, state, appearance",N3,N3_Group_9
要素,ようそ,element,N3,N3_Group_9
要点,ようてん,"gist, main point",N3,N3_Group_9
進める,すすめる,"to advance, to promote, to hasten",N3,N3_Group_9
予期,よき,"expectation, forecast",N3,N3_Group_9
予算,よさん,"estimate, budget",N3,N3_Group_9
夜中,よなか,"midnight, dead of night",N3,N3_Group_9
余分,よぶん,"extra, excess, surplus",N3,N3_Group_9
揚げる,あげる,"to lift, to fry",N3,N3_Group_9
予防,よぼう,"prevention, protection against",N3,N3_Group_9
余裕,よゆう,excess; surplus,N3,N3_Group_9
より,より,"twist, ply",N3,N3_Group_9
喜び,よろこび,"joy, pleasure, rejoicing",N3,N3_Group_9
挙げる,あげる,"to raise; to list, to cite",N3,N3_Group_9
ライター,ライター,lighter; writer,N3,N3_Group_9
利益,りえき,"profits, gains",N3,N3_Group_9
利口,りこう,"clever, shrewd, bright",N3,N3_Group_9
離婚,りこん,divorce,N3,N3_Group_9
預かる,あずかる,to keep (something) for (someone),N3,N3_Group_9
理想,りそう,ideal,N3,N3_Group_9
留学,りゅうがく,studying abroad,N3,N3_Group_9
流行,りゅうこう,"fashionable, fad, prevailing",N3,N3_Group_9
料金,りょうきん,"fee, charge, fare",N3,N3_Group_9
暖まる,あたたまる,to warm up,N3,N3_Group_9
例外,れいがい,exception,N3,N3_Group_9
礼儀,れいぎ,"manners, courtesy, etiquette",N3,N3_Group_9
連想,れんそう,"association (of ideas), suggestion",N3,N3_Group_9
連続,れんぞく,"consecutive, continuity, continuing",N3,N3_Group_9
温まる,あたたまる,"to warm oneself, to get warm",N3,N3_Group_9
論文,ろんぶん,"thesis, paper",N3,N3_Group_9
別れ,わかれ,"parting, separation, farewell",N3,N3_Group_9
話題,わだい,"topic, subject",N3,N3_Group_9
笑い,わらい,"laugh, laughter, smile",N3,N3_Group_9
当たる,あたる,"to be hit, to be successful",N3,N3_Group_9
我々,われわれ,we,N3,N3_Group_9
当り,あたり,"hit, success, reaching the mark",N3,N3_Group_9
怒り,いかり,anger,N3,N3_Group_9
衣料,いりょう,clothing,N3,N3_Group_9
当てる,あてる,to hit; to apply to,N3,N3_Group_9
遅れ,おくれ,"delay, lag",N3,N3_Group_9
学歴,がくれき,academic background,N3,N3_Group_9
加味,かみ,"seasoning, flavoring",N3,N3_Group_9
狩り,かり,hunting,N3,N3_Group_9
動かす,うごかす,"to move, to shift",N3,N3_Group_9
刊行,かんこう,"publication, issue",N3,N3_Group_9
慣行,かんこう,"customary practice, habit, traditional event",N3,N3_Group_9
歓声,かんせい,"cheer, shout of joy",N3,N3_Group_9
官僚,かんりょう,"bureaucrat, bureaucracy",N3,N3_Group_9
うなる,うなる,"to groan, to moan",N3,N3_Group_9
季刊,きかん,"quarterly (e.g., magazine)",N3,N3_Group_9
機構,きこう,"mechanism, organization",N3,N3_Group_9
規制,きせい,regulation,N3,N3_Group_9
丘陵,きゅうりょう,hill,N3,N3_Group_9
裏切る,うらぎる,"to betray, to turn traitor",N3,N3_Group_9
協調,きょうちょう,"co-operation, conciliation, harmony",N3,N3_Group_9
近視,きんし,nearsightedness,N3,N3_Group_9
経緯,けいい,"sequence of events, course",N3,N3_Group_9
計器,けいき,"meter, gauge",N3,N3_Group_9
応じる,おうじる,"to adapt, to respond, to comply with",N3,N3_Group_9
契機,けいき,"opportunity, chance",N3,N3_Group_9
形態,けいたい,"form, shape, figure",N3,N3_Group_9
血管,けっかん,blood vessel,N3,N3_Group_9
公演,こうえん,public performance,N3,N3_Group_9
終える,おえる,to finish,N3,N3_Group_9
後悔,こうかい,"regret, repentance",N3,N3_Group_9
航海,こうかい,"sail, voyage",N3,N3_Group_9
荒廃,こうはい,ruin,N3,N3_Group_9
興奮,こうふん,"excitement, stimulation",N3,N3_Group_9
起こる,おこる,"to occur, to happen",N3,N3_Group_9
語句,ごく,"words, phrases",N3,N3_Group_9
個々,ここ,"individual, one by one",N3,N3_Group_9
故人,こじん,the deceased,N3,N3_Group_9
採集,さいしゅう,"collecting, gathering",N3,N3_Group_9
恐れる,おそれる,"to fear, to be afraid of",N3,N3_Group_9
設備,せつび,"equipment, device, facilities",N3,N3_Group_9
絶滅,ぜつめつ,"destruction, extinction",N3,N3_Group_9
節約,せつやく,"economizing, saving",N3,N3_Group_9
洗剤,せんざい,detergent,N3,N3_Group_9
前者,ぜんしゃ,the former,N3,N3_Group_9
前進,ぜんしん,"advance, drive, progress",N3,N3_Group_9
センター,センター,center,N3,N3_Group_9
全体,ぜんたい,"whole, entirety, whatever (is the matter)",N3,N3_Group_9
選択,せんたく,"selection, choice",N3,N3_Group_9
騒音,そうおん,noise,N3,N3_Group_9
増加,ぞうか,"increase, addition",N3,N3_Group_9
操作,そうさ,"operation, management, processing",N3,N3_Group_9
想像,そうぞう,"imagination, guess",N3,N3_Group_9
相続,そうぞく,"succession, inheritance",N3,N3_Group_9
組織,そしき,organization; structure; tissue,N3,N3_Group_9
損害,そんがい,"damage, loss",N3,N3_Group_9
尊敬,そんけい,"respect, reverence, honor",N3,N3_Group_10
見舞い,みまい,"expression of sympathy, expression of concern",N3,N3_Group_10
存在,そんざい,"existence, being",N3,N3_Group_10
あんまり,あんまり,"not very, not much",N3,N3_Group_10
教わる,おそわる,to be taught,N3,N3_Group_10
尊重,そんちょう,"respect, esteem, regard",N3,N3_Group_10
単なる,たんなる,"mere, simple, sheer",N3,N3_Group_10
体育,たいいく,"physical education, gymnastics, athletics",N3,N3_Group_10
大気,たいき,atmosphere,N3,N3_Group_10
溺れる,おぼれる,"to be drowned, to indulge in",N3,N3_Group_10
退屈,たいくつ,"tedium, boring",N3,N3_Group_10
出合い,であい,an encounter,N3,N3_Group_10
滞在,たいざい,"stay, sojourn",N3,N3_Group_10
もしかすると,もしかすると,"perhaps, maybe, by some chance",N3,N3_Group_10
隠れる,かくれる,"to hide, to be hidden",N3,N3_Group_10
対象,たいしょう,"target; object (of worship, study, etc.); subject (i.e., of taxation)",N3,N3_Group_10
激しい,はげしい,"violent, vehement, intense",N3,N3_Group_10
対照,たいしょう,"contrast, antithesis, comparison",N3,N3_Group_10
大臣,だいじん,cabinet minister,N3,N3_Group_10
欠ける,かける,to be lacking,N3,N3_Group_10
態度,たいど,"attitude, manner",N3,N3_Group_10
等しい,ひとしい,equal,N3,N3_Group_10
代表,だいひょう,"representative, delegation",N3,N3_Group_10
そっくり,そっくり,the splitting image of; entirely,N3,N3_Group_10
重なる,かさなる,"to be piled up, lie on top of one another",N3,N3_Group_10
タイプライター,タイプライター,typewriter,N3,N3_Group_10
すっぱい,すっぱい,"sour, acid",N3,N3_Group_10
逮捕,たいほ,"arrest, apprehension, capture",N3,N3_Group_10
題名,だいめい,title,N3,N3_Group_10
数える,かぞえる,to count,N3,N3_Group_10
太陽,たいよう,sun,N3,N3_Group_10
羨ましい,うらやましい,"envious, enviable",N3,N3_Group_10
平ら,たいら,"flatness, level, smooth",N3,N3_Group_10
それぞれ,それぞれ,"each, every, respectively",N3,N3_Group_10
乾かす,かわかす,to dry,N3,N3_Group_10
大陸,たいりく,continent,N3,N3_Group_10
かもしれない,かもしれない,"maybe, perhaps",N3,N3_Group_10
だが,だが,"but, however",N3,N3_Group_10
互い,たがい,"mutual, each other",N3,N3_Group_10
感じる,かんじる,"to feel, to sense",N3,N3_Group_10
多少,たしょう,a little (same as 少し (すこし)),N3,N3_Group_10
戦い,たたかい,"battle, fight",N3,N3_Group_10
足袋,たび,Japanese socks (with split toe),N3,N3_Group_10
それでも,それでも,"but (still), and yet, nevertheless",N3,N3_Group_10
関する,かんする,"to concern, to be related",N3,N3_Group_10
試し,ためし,"trial, test",N3,N3_Group_10
単語,たんご,word; vocabulary,N3,N3_Group_10
誕生,たんじょう,birth,N3,N3_Group_10
団体,だんたい,"organization, association",N3,N3_Group_10
苦しむ,くるしむ,"to suffer, to groan, to be worried",N3,N3_Group_10
担当,たんとう,(in) charge,N3,N3_Group_10
地域,ちいき,"area, region",N3,N3_Group_10
地下,ちか,"basement, underground",N3,N3_Group_10
違い,ちがい,"difference, discrepancy",N3,N3_Group_10
加わる,くわわる,"to join in, to accede to",N3,N3_Group_10
地球,ちきゅう,the earth,N3,N3_Group_10
遅刻,ちこく,"lateness, late coming",N3,N3_Group_10
父親,ちちおや,father,N3,N3_Group_10
地方,ちほう,"area, locality, region",N3,N3_Group_10
越える,こえる,"to exceed, to cross over, to cross",N3,N3_Group_10
駐車,ちゅうしゃ,"parking (e.g., car)",N3,N3_Group_10
昼食,ちゅうしょく,lunch (same as 昼ご飯 (ひるごはん)),N3,N3_Group_10
注目,ちゅうもく,"notice, attention, observation",N3,N3_Group_10
注文,ちゅうもん,"order, request",N3,N3_Group_10
超える,こえる,"to exceed, to cross over, to cross",N3,N3_Group_10
調査,ちょうさ,survey; investigation,N3,N3_Group_10
頂上,ちょうじょう,"top, summit, peak",N3,N3_Group_10
貯金,ちょきん,(bank) savings,N3,N3_Group_10
通過,つうか,"passage through, passing",N3,N3_Group_10
異なる,ことなる,"to differ, to vary",N3,N3_Group_10
通貨,つうか,currency,N3,N3_Group_10
通行,つうこう,"passage, passing",N3,N3_Group_10
通信,つうしん,"correspondence, communications",N3,N3_Group_10
通訳,つうやく,interpretation; interpreter,N3,N3_Group_10
こぼす,こぼす,to spill,N3,N3_Group_10
次々,つぎつぎ,"in succession, one by one",N3,N3_Group_10
続き,つづき,"sequel, continuation",N3,N3_Group_10
包み,つつみ,"bundle, package",N3,N3_Group_10
務め,つとめ,duty,N3,N3_Group_10
避ける,さける,"to avoid (physical contact); to ward off, to avert",N3,N3_Group_10
定期,ていき,fixed term,N3,N3_Group_10
提出,ていしゅつ,"presentation, submission, filing",N3,N3_Group_10
程度,ていど,"degree, amount, level",N3,N3_Group_10
適度,てきど,moderate,N3,N3_Group_10
刺さる,ささる,"to stick, to be stuck",N3,N3_Group_10
適用,てきよう,applying,N3,N3_Group_10
手品,てじな,"conjuring trick, magic",N3,N3_Group_10
哲学,てつがく,philosophy,N3,N3_Group_10
徹底,てってい,"thoroughness, completeness",N3,N3_Group_10
満ちる,みちる,"to be full, to mature",N3,N3_Group_10
典型,てんけい,"type, pattern, archetypal",N3,N3_Group_10
電子,でんし,electron; electronic,N3,N3_Group_10
伝統,でんとう,"tradition, convention",N3,N3_Group_10
問い,とい,"question, query",N3,N3_Group_10
認める,みとめる,"to recognize, to notice; to approve",N3,N3_Group_10
答案,とうあん,"examination paper, examination script",N3,N3_Group_10
同一,どういつ,"identity, sameness, similarity",N3,N3_Group_10
銅貨,どうか,copper coin,N3,N3_Group_10
動詞,どうし,verb,N3,N3_Group_10
向ける,むける,"to turn towards, to point",N3,N3_Group_10
到着,とうちゃく,arrival,N3,N3_Group_10
道徳,どうとく,morals,N3,N3_Group_10
投票,とうひょう,"voting, poll",N3,N3_Group_10
東洋,とうよう,Orient,N3,N3_Group_10
命じる,めいじる,"to order, to command, to appoint",N3,N3_Group_10
道路,どうろ,road,N3,N3_Group_10
得意,とくい,"pride, triumph, prosperity",N3,N3_Group_10
独身,どくしん,"single, unmarried",N3,N3_Group_10
特長,とくちょう,"forte, merit",N3,N3_Group_10
燃える,もえる,to burn,N3,N3_Group_10
独特,どくとく,"peculiarity, uniqueness, characteristic",N3,N3_Group_10
登山,とざん,mountain-climbing,N3,N3_Group_10
図書,としょ,books,N3,N3_Group_10
途端,とたん,"just (now, at the moment, etc.)",N3,N3_Group_10
基づく,もとづく,"to be grounded on, to be based on",N3,N3_Group_10
土地,とち,"plot of land, lot, soil",N3,N3_Group_10
共に,ともに,"sharing with, participate in",N3,N3_Group_10
トラック,トラック,truck; (running) track,N3,N3_Group_10
トランプ,トランプ,playing cards (lit: trump),N3,N3_Group_10
燃やす,もやす,to burn,N3,N3_Group_10
トレーニング,トレーニング,training,N3,N3_Group_10
内容,ないよう,"subject, contents, detail",N3,N3_Group_10
中身,なかみ,content(s); substance,N3,N3_Group_10
中味,なかみ,"contents, interior, filling",N3,N3_Group_10
辞める,やめる,to retire,N3,N3_Group_10
眺め,ながめ,scene; view; prospect; outlook,N3,N3_Group_10
流れ,ながれ,"stream, current",N3,N3_Group_10
無し,なし,without,N3,N3_Group_10
何か,なにか,something,N3,N3_Group_10
茹でる,ゆでる,to boil,N3,N3_Group_10
何で,なんで,"Why, What for",N3,N3_Group_10
日光,にっこう,sunlight,N3,N3_Group_10
日本,にっぽん,Japan,N3,N3_Group_10
日本,にほん,Japan,N3,N3_Group_10
横切る,よこぎる,"to cross (e.g., arms), to traverse",N3,N3_Group_10
人気,にんき,popularity,N3,N3_Group_10
願い,ねがい,"desire, wish, request",N3,N3_Group_10
熱帯,ねったい,tropics,N3,N3_Group_10
熱中,ねっちゅう,"enthusiasm, zeal, mania",N3,N3_Group_10
論じる,ろんじる,"to argue, to discuss",N3,N3_Group_10
年代,ねんだい,"age, era, period",N3,N3_Group_10
農民,のうみん,"farmers, peasants",N3,N3_Group_10
能力,のうりょく,"ability, faculty",N3,N3_Group_10
残り,のこり,"remaining, left-over",N3,N3_Group_10
分ける,わける,"to divide, to separate",N3,N3_Group_10
望み,のぞみ,"wish, desire, (a) hope",N3,N3_Group_10
俳優,はいゆう,"actor, actress, performer",N3,N3_Group_10
馬鹿,ばか,"fool, idiot",N3,N3_Group_10
莫大,ばくだい,"enormous, vast",N3,N3_Group_10
傷める,いためる,"to damage, to impair, to spoil",N3,N3_Group_10
爆発,ばくはつ,"explosion, detonation, eruption",N3,N3_Group_10
発行,はっこう,issue (publications),N3,N3_Group_10
発車,はっしゃ,departure of a vehicle,N3,N3_Group_10
発射,はっしゃ,"firing, shooting, discharge",N3,N3_Group_10
炒める,いためる,to stir-fry,N3,N3_Group_10
発表,はっぴょう,announcement; publication; presentation,N3,N3_Group_10
発明,はつめい,invention,N3,N3_Group_10
派手,はで,"showy, flashy, gaudy",N3,N3_Group_10
母親,ははおや,mother,N3,N3_Group_10
埋まる,うまる,"to be buried, to be filled",N3,N3_Group_10
場面,ばめん,"scene, setting (e.g., of novel)",N3,N3_Group_10
範囲,はんい,"extent, scope, range",N3,N3_Group_10
犯罪,はんざい,crime,N3,N3_Group_10
ハンサム,ハンサム,handsome,N3,N3_Group_10
賭ける,かける,"to bet, to risk, to gamble",N3,N3_Group_10
反省,はんせい,"reflection, reconsideration, regret",N3,N3_Group_10
判断,はんだん,"judgment, decision",N3,N3_Group_10
被害,ひがい,damage,N3,N3_Group_10
比較,ひかく,comparison,N3,N3_Group_10
悲劇,ひげき,tragedy,N3,N3_Group_10
飛行,ひこう,"aviation, flight",N3,N3_Group_10
非常,ひじょう,"emergency, extraordinary, unusual",N3,N3_Group_10
日付,ひづけ,"date, dating",N3,N3_Group_10
否定,ひてい,"negation, denial",N3,N3_Group_10
一言,ひとこと,one word,N3,N3_Group_10
独り,ひとり,"alone, unmarried",N3,N3_Group_10
批判,ひはん,criticism,N3,N3_Group_10
批評,ひひょう,"criticism, review, commentary",N3,N3_Group_10
秘密,ひみつ,"secret, secrecy",N3,N3_Group_10
微妙,びみょう,"delicate, subtle",N3,N3_Group_10
費用,ひよう,"cost, expense",N3,N3_Group_10
評価,ひょうか,"assessment, evaluation",N3,N3_Group_11
蒸し暑い,むしあつい,"humid, sultry",N3,N3_Group_11
表現,ひょうげん,"expression, presentation",N3,N3_Group_11
表情,ひょうじょう,facial expression,N3,N3_Group_11
攻める,せめる,"to attack, to assault",N3,N3_Group_11
平等,びょうどう,"equality, impartiality, evenness",N3,N3_Group_11
もったいない,もったいない,"wasteful; more than one deserves, unworthy of",N3,N3_Group_11
表面,ひょうめん,"surface, outside, face",N3,N3_Group_11
不安,ふあん,"anxiety, uneasiness",N3,N3_Group_11
責める,せめる,"to condemn, to blame, to criticize",N3,N3_Group_11
風景,ふうけい,scenery,N3,N3_Group_11
違いない,ちがいない,"(phrase) sure, no mistaking it, for certain",N3,N3_Group_11
夫婦,ふうふ,"married couple, husband and wife",N3,N3_Group_11
武器,ぶき,"weapon, arms",N3,N3_Group_11
備える,そなえる,"to prepare, to furnish, to store",N3,N3_Group_11
服装,ふくそう,"clothes, attire",N3,N3_Group_11
ちゃんと,ちゃんと,"perfectly, properly, exactly",N3,N3_Group_11
不幸,ふこう,"unhappiness, sorrow, misfortune",N3,N3_Group_11
夫人,ふじん,"wife, Mrs, madam",N3,N3_Group_11
具える,そなえる,to be furnished with,N3,N3_Group_11
婦人,ふじん,woman (same as 女性 (じょせい)、女の人 (おんなのひと)),N3,N3_Group_11
まぶしい,まぶしい,"dazzling, radiant",N3,N3_Group_11
不正,ふせい,"injustice, unfairness",N3,N3_Group_11
物質,ぶっしつ,"material, substance",N3,N3_Group_11
対する,たいする,"to face, to confront, to oppose",N3,N3_Group_11
物理,ぶつり,physics,N3,N3_Group_11
部分,ぶぶん,"portion, section, part",N3,N3_Group_11
不平,ふへい,"complaint, discontent, dissatisfaction",N3,N3_Group_11
不満,ふまん,"dissatisfaction, discontent, complaints",N3,N3_Group_11
高める,たかめる,"to raise, to lift, to boost",N3,N3_Group_11
分析,ぶんせき,analysis,N3,N3_Group_11
文明,ぶんめい,civilization,N3,N3_Group_11
分野,ぶんや,"field, sphere",N3,N3_Group_11
平均,へいきん,"equilibrium, balance, average",N3,N3_Group_11
達する,たっする,"to reach, to get to",N3,N3_Group_11
平和,へいわ,peace,N3,N3_Group_11
別に,べつに,"(not) particularly, nothing",N3,N3_Group_11
弁当,べんとう,box lunch,N3,N3_Group_11
冒険,ぼうけん,"risk, venture, adventure",N3,N3_Group_11
溜まる,たまる,"to collect, to gather, to accumulate",N3,N3_Group_11
報告,ほうこく,"report, information",N3,N3_Group_11
宝石,ほうせき,"gem, jewel",N3,N3_Group_11
包装,ほうそう,"packing, wrapping",N3,N3_Group_11
豊富,ほうふ,"abundance, plenty",N3,N3_Group_11
溜める,ためる,"to accumulate, to collect",N3,N3_Group_11
方法,ほうほう,"method, means, technique",N3,N3_Group_11
誇り,ほこり,pride,N3,N3_Group_11
保証,ほしょう,"guarantee, assurance, warranty",N3,N3_Group_11
保存,ほぞん,"preservation, conservation",N3,N3_Group_11
散らす,ちらす,"to scatter, to disperse, to distribute",N3,N3_Group_11
本当,ほんと,"truth, reality",N3,N3_Group_11
本物,ほんもの,genuine article,N3,N3_Group_11
真似,まね,"mimicry, imitation, behavior",N3,N3_Group_11
酸化,さんか,oxidation,N3,N3_Group_11
捕まる,つかまる,to be arrested; to be caught,N3,N3_Group_11
資格,しかく,"qualifications, requirements, capabilities",N3,N3_Group_11
視覚,しかく,"sense of sight, vision",N3,N3_Group_11
指揮,しき,"command, direction",N3,N3_Group_11
磁気,じき,magnetism,N3,N3_Group_11
付ける,つける,"to attach, to join, to add",N3,N3_Group_11
磁器,じき,"porcelain, china",N3,N3_Group_11
自己,じこ,"self, oneself",N3,N3_Group_11
字体,じたい,"font, lettering",N3,N3_Group_11
辞退,じたい,refusal,N3,N3_Group_11
繋がる,つながる,"to be connected to, to be related to",N3,N3_Group_11
視点,してん,"opinion, point of view, visual point",N3,N3_Group_11
脂肪,しぼう,"fat, grease",N3,N3_Group_11
志望,しぼう,"wish, desire, ambition",N3,N3_Group_11
上司,じょうし,one's superior,N3,N3_Group_11
繋げる,つなげる,to connect,N3,N3_Group_11
照明,しょうめい,illumination,N3,N3_Group_11
女史,じょし,Ms.,N3,N3_Group_11
進行,しんこう,advance,N3,N3_Group_11
新興,しんこう,"rising, developing, emergent",N3,N3_Group_11
積もる,つもる,to pile up,N3,N3_Group_11
振興,しんこう,"promotion, encouragement",N3,N3_Group_11
申告,しんこく,"report, statement",N3,N3_Group_11
真理,しんり,truth,N3,N3_Group_11
水洗,すいせん,flushing,N3,N3_Group_11
適する,てきする,"to fit, to suit",N3,N3_Group_11
正規,せいき,"regular, legitimate",N3,N3_Group_11
精算,せいさん,"exact calculation, adjustment",N3,N3_Group_11
成年,せいねん,"majority, adult age",N3,N3_Group_11
声明,せいめい,"declaration, statement, proclamation",N3,N3_Group_11
溶ける,とける,"to melt, to thaw, to dissolve",N3,N3_Group_11
生理,せいり,"physiology, menses",N3,N3_Group_11
選挙,せんきょ,election,N3,N3_Group_11
選考,せんこう,"selection, screening",N3,N3_Group_11
捜査,そうさ,"search (esp. in criminal investigations, investigation)",N3,N3_Group_11
飛ばす,とばす,"to skip over, to omit",N3,N3_Group_11
操縦,そうじゅう,"management, control, manipulation",N3,N3_Group_11
例え,たとえ,example; even though,N3,N3_Group_11
伝言,でんごん,verbal message,N3,N3_Group_11
倒産,とうさん,"(corporate) bankruptcy, insolvency",N3,N3_Group_11
泊める,とめる,to have someone stay (over night) (v.t.),N3,N3_Group_11
同士,どうし,"one another, companion, comrade",N3,N3_Group_11
当然,とうぜん,obvious; natural,N3,N3_Group_11
動揺,どうよう,"disturbance, flutter shock",N3,N3_Group_11
非行,ひこう,"delinquency, misconduct",N3,N3_Group_11
眺める,ながめる,"to view, to gaze at",N3,N3_Group_11
振り,ふり,"style, manner",N3,N3_Group_11
保護,ほご,"care, protection, shelter",N3,N3_Group_11
保障,ほしょう,"guarantee, security, warranty",N3,N3_Group_11
補償,ほしょう,"compensation, reparation",N3,N3_Group_11
怠ける,なまける,"to be idle, to neglect",N3,N3_Group_11
有機,ゆうき,organic,N3,N3_Group_11
しかも,しかも,"moreover, furthermore, besides, plus",N3,N3_Group_11
奨学金,しょうがくきん,scholarship,N3,N3_Group_11
知らせ,しらせ,notice,N3,N3_Group_11
鳴らす,ならす,"to ring, to sound",N3,N3_Group_11
少しも,すこしも,"anything of, not one bit",N3,N3_Group_11
ずれる,ずれる,"move, off the point",N3,N3_Group_11
明かり,あかり,"lamplight, light (in general)",N3,N3_Group_11
明らか,あきらか,"obvious, clear",N3,N3_Group_11
煮える,にえる,"to boil, to cook, to be cooked",N3,N3_Group_11
いずれ,いずれ,"where, which, who",N3,N3_Group_11
従兄弟,いとこ,cousin (male),N3,N3_Group_11
従姉妹,いとこ,cousin (female),N3,N3_Group_11
お辞儀,おじぎ,bow,N3,N3_Group_11
濡らす,ぬらす,"to wet, to soak",N3,N3_Group_11
お洒落,おしゃれ,"smartly dressed, fashion-conscious",N3,N3_Group_11
お喋り,おしゃべり,"chattering, talk",N3,N3_Group_11
男の人,おとこのひと,man,N3,N3_Group_11
思い出,おもいで,"memories, recollections, reminiscence",N3,N3_Group_11
述べる,のべる,"to state, to express, to mention",N3,N3_Group_11
思わず,おもわず,"unintentional, spontaneous",N3,N3_Group_11
およそ,およそ,"about, roughly, approximately",N3,N3_Group_11
カー,カー,car,N3,N3_Group_11
気の毒,きのどく,"pitiful, a pity",N3,N3_Group_11
外れる,はずれる,"to be disconnected, to be out (e.g., of gear)",N3,N3_Group_11
決まり,きまり,"settlement, conclusion, rule",N3,N3_Group_11
教科書,きょうかしょ,textbook,N3,N3_Group_11
これら,これら,these,N3,N3_Group_11
ざっと,ざっと,"roughly, in round numbers",N3,N3_Group_11
罰する,ばっする,"to punish, to penalize",N3,N3_Group_11
ママ,ママ,Mama,N3,N3_Group_11
メモ,メモ,"memorandum, note",N3,N3_Group_11
もしも,もしも,if,N3,N3_Group_11
わざと,わざと,on purpose,N3,N3_Group_11
冷やす,ひやす,"to cool, to refrigerate",N3,N3_Group_11
片付け,かたづけ,"tidying up, finishing",N3,N3_Group_11
そこで,そこで,"so (conj.), accordingly",N3,N3_Group_11
そして,そして,and then,N3,N3_Group_11
そっと,そっと,"softly, gently",N3,N3_Group_11
広める,ひろめる,"to broaden, to propagate",N3,N3_Group_11
それと,それと,and,N3,N3_Group_11
大統領,だいとうりょう,president,N3,N3_Group_11
大部分,だいぶぶん,"most part, majority",N3,N3_Group_11
だけど,だけど,however,N3,N3_Group_11
深まる,ふかまる,to deepen,N3,N3_Group_11
たしか,たしか,"certain, sure, if I remember correctly",N3,N3_Group_11
たとえ,たとえ,"even if, no matter, though",N3,N3_Group_11
地平線,ちへいせん,horizon,N3,N3_Group_11
出来事,できごと,"incident happening, event",N3,N3_Group_11
含める,ふくめる,to include,N3,N3_Group_11
デモ,デモ,"demo, demonstration",N3,N3_Group_11
どこか,どこか,"somewhere, anywhere",N3,N3_Group_11
トン,トン,ton (1000 lbs.),N3,N3_Group_11
なにも,なにも,nothing,N3,N3_Group_11
増やす,ふやす,"to increase (v.t.), to add to",N3,N3_Group_11
ノー,ノー,no,N3,N3_Group_11
はさみ,はさみ,scissors,N3,N3_Group_11
パス,パス,"path, pass (in games)",N3,N3_Group_11
離れる,はなれる,"(something, someone) separates; parts from; to be apart",N3,N3_Group_11
殖やす,ふやす,"to increase, to add to",N3,N3_Group_11
引越し,ひっこし,"moving, changing residence",N3,N3_Group_11
ピン,ピン,pin,N3,N3_Group_11
不自由,ふじゆう,"discomfort, disability, inconvenience",N3,N3_Group_11
プロ,プロ,professional,N3,N3_Group_11
雰囲気,ふんいき,"atmosphere (e.g., musical), mood, ambiance",N3,N3_Group_11
まさか,まさか,by no means,N3,N3_Group_11
まさに,まさに,"correctly, surely",N3,N3_Group_11
ほっと,ほっと,feel relieved,N3,N3_Group_11
ジェット機,ジェットき,jet plane,N3,N3_Group_12
したがって,したがって,"therefore, consequently",N3,N3_Group_12
スープ,スープ,(Western) soup,N3,N3_Group_12
スキー,スキー,ski,N3,N3_Group_12
震える,ふるえる,"to shiver, to shake, to quake",N3,N3_Group_12
すくなくとも,すくなくとも,at least,N3,N3_Group_12
スター,スター,star,N3,N3_Group_12
生年月日,せいねんがっぴ,birth date,N3,N3_Group_12
セット,セット,set,N3,N3_Group_12
触れる,ふれる,"to touch, to feel, to violate",N3,N3_Group_12
相変わらず,あいかわらず,"as ever, as usual",N3,N3_Group_12
あいにく,あいにく,unfortunately,N3,N3_Group_12
アウト,アウト,out,N3,N3_Group_12
当たり前,あたりまえ,"usual, common, obvious",N3,N3_Group_12
減らす,へらす,"to decrease, to diminish",N3,N3_Group_12
あちこち,あちこち,here and there,N3,N3_Group_12
ありがとう,ありがとう,Thank you,N3,N3_Group_12
いたずら,いたずら,"trick, practical joke",N3,N3_Group_12
いただきます,いただきます,expression of gratitude before meals,N3,N3_Group_12
吠える,ほえる,"to bark, to howl",N3,N3_Group_12
いらいら,いらいら,"getting nervous, irritation",N3,N3_Group_12
インク,インク,ink,N3,N3_Group_12
うっかり,うっかり,carelessly; inadvertently,N3,N3_Group_12
おめでとう,おめでとう,"Congratulations!, an auspicious occasion!",N3,N3_Group_12
微笑む,ほほえむ,to smile,N3,N3_Group_12
カード,カード,"card, curd",N3,N3_Group_12
可愛そう,かわいそう,"poor, pitiable, pathetic",N3,N3_Group_12
きちんと,きちんと,"precisely, accurately",N3,N3_Group_12
グラス,グラス,glass; grass,N3,N3_Group_12
混ざる,まざる,"to be mixed, to mingle with",N3,N3_Group_12
ケース,ケース,case,N3,N3_Group_12
ゲーム,ゲーム,game,N3,N3_Group_12
コーチ,コーチ,coach,N3,N3_Group_12
コード,コード,code; cord; chord,N3,N3_Group_12
交ざる,まざる,"to be mixed, to mingle with",N3,N3_Group_12
サイン,サイン,autograph; sign; sine,N3,N3_Group_12
ミルク,ミルク,milk,N3,N3_Group_12
ヨット,ヨット,yacht,N3,N3_Group_12
レベル,レベル,level,N3,N3_Group_12
混じる,まじる,"to be mixed, to mingle with",N3,N3_Group_12
アップ,アップ,up,N3,N3_Group_12
そのうえ,そのうえ,"in addition, furthermore",N3,N3_Group_12
それとも,それとも,"or, or else",N3,N3_Group_12
たっぷり,たっぷり,"full, in plenty, ample",N3,N3_Group_12
交じる,まじる,"to be mixed, to mingle with",N3,N3_Group_12
ダンス,ダンス,dance,N3,N3_Group_12
チーズ,チーズ,cheese,N3,N3_Group_12
チーム,チーム,team,N3,N3_Group_12
デート,デート,date (in the sense of 'social engagement' only),N3,N3_Group_12
混ぜる,まぜる,"to mix, to stir",N3,N3_Group_12
できれば,できれば,if possible…,N3,N3_Group_12
ですから,ですから,therefore,N3,N3_Group_12
テント,テント,tent,N3,N3_Group_12
どうしても,どうしても,"at any cost, no matter what, no matter how hard one tries",N3,N3_Group_12
裂ける,さける,"to split, to tear, to burst",N3,N3_Group_12
ところが,ところが,"however, while, even if",N3,N3_Group_12
トップ,トップ,top,N3,N3_Group_12
ドラマ,ドラマ,drama,N3,N3_Group_12
ドレス,ドレス,dress,N3,N3_Group_12
強める,つよめる,"to strengthen, to emphasize",N3,N3_Group_12
どんなに,どんなに,"how, how much",N3,N3_Group_12
にっこり,にっこり,"smile sweetly, smile, grin",N3,N3_Group_12
パイプ,パイプ,pipe; channels official or otherwise,N3,N3_Group_12
バッグ,バッグ,bag,N3,N3_Group_12
綴じる,とじる,"to bind, to file",N3,N3_Group_12
ビール,ビール,beer,N3,N3_Group_12
ビデオ,ビデオ,video tape; VCR,N3,N3_Group_12
一人一人,ひとりひとり,"one by one, each",N3,N3_Group_12
プラス,プラス,plus,N3,N3_Group_12
慣らす,ならす,to accustom,N3,N3_Group_12
プラン,プラン,plan,N3,N3_Group_12
ベルト,ベルト,Belt for western clothes,N3,N3_Group_12
ペンキ,ペンキ,paint,N3,N3_Group_12
ベンチ,ベンチ,bench,N3,N3_Group_12
映える,はえる,"to shine, to look attractive, to look pretty",N3,N3_Group_12
ボーイ,ボーイ,porter; boy,N3,N3_Group_12
ぼんやり,ぼんやり,"dim, faint, vague",N3,N3_Group_12
マイク,マイク,mic,N3,N3_Group_12
ますます,ますます,"increasingly (same as もっと), more and more",N3,N3_Group_12
深める,ふかめる,"to deepen, to heighten, to intensify",N3,N3_Group_12
データ,データ,data,N3,N3_Group_12
ラベル,ラベル,label,N3,N3_Group_12
ルール,ルール,rule,N3,N3_Group_12
ジーンズ,ジーンズ,jeans,N3,N3_Group_12
しゃべる,しゃべる,"to talk, to chat, to chatter (same as 話す (はなす))",N3,N3_Group_12
スイッチ,スイッチ,switch,N3,N3_Group_12
スケート,スケート,"skate(s), skating",N3,N3_Group_12
スケジュール,スケジュール,schedule,N3,N3_Group_12
スタイル,スタイル,style,N3,N3_Group_12
済ませる,すませる,to be finished,N3,N3_Group_12
スピーチ,スピーチ,speech,N3,N3_Group_12
すみません (かん),すみません (かん),"sorry, excuse me",N3,N3_Group_12
アイスクリーム,アイスクリーム,ice cream,N3,N3_Group_12
アルバム,アルバム,album,N3,N3_Group_12
すれ違う,すれちがう,to pass by one another,N3,N3_Group_12
イメージ,イメージ,one's image,N3,N3_Group_12
インタビュー,インタビュー,interview,N3,N3_Group_12
ウイスキー,ウイスキー,whiskey,N3,N3_Group_12
エネルギー,エネルギー,energy (GER: energie),N3,N3_Group_12
合わせる,あわせる,to combine,N3,N3_Group_12
エンジン,エンジン,engine,N3,N3_Group_12
オフィス,オフィス,office,N3,N3_Group_12
キャプテン,キャプテン,captain,N3,N3_Group_12
キャンプ,キャンプ,camp,N3,N3_Group_12
あんなに,あんなに,"to that extent, to that degree",N3,N3_Group_12
クラシック,クラシック,classic(s),N3,N3_Group_12
グランド,グランド,"gland, grand, (electrical) ground",N3,N3_Group_12
クリーム,クリーム,cream,N3,N3_Group_12
クリスマス,クリスマス,Christmas,N3,N3_Group_12
持ち上げる,もちあげる,"to raise, to lift up, to flatter",N3,N3_Group_12
グループ,グループ,group,N3,N3_Group_12
メンバー,メンバー,member,N3,N3_Group_12
ユーモア,ユーモア,humor,N3,N3_Group_12
ヨーロッパ,ヨーロッパ,Europe,N3,N3_Group_12
分かれる,わかれる,"to branch off, to diverge from",N3,N3_Group_12
ラケット,ラケット,racket,N3,N3_Group_12
ロケット,ロケット,"locket, rocket",N3,N3_Group_12
アンケート,アンケート,"questionnaire (FRE: enquete), survey",N3,N3_Group_12
コンテスト,コンテスト,contest,N3,N3_Group_12
通り過ぎる,とおりすぎる,"to pass, to pass through",N3,N3_Group_12
ソファー,ソファー,"sofa, couch",N3,N3_Group_12
チャンス,チャンス,"chance, opportunity",N3,N3_Group_12
ドライブ,ドライブ,"drive, driving",N3,N3_Group_12
トンネル,トンネル,tunnel,N3,N3_Group_12
飛び出す,とびだす,"to jump out, to rush out, to fly out",N3,N3_Group_12
パーセント,パーセント,percent,N3,N3_Group_12
バイオリン,バイオリン,violin,N3,N3_Group_12
ハイキング,ハイキング,hiking,N3,N3_Group_12
パイロット,パイロット,pilot,N3,N3_Group_12
話し合う,はなしあう,"to discuss, to talk together",N3,N3_Group_12
パスポート,パスポート,passport,N3,N3_Group_12
バランス,バランス,balance,N3,N3_Group_12
ピクニック,ピクニック,picnic,N3,N3_Group_12
プラスチック,プラスチック,plastic,N3,N3_Group_12
引っ張る,ひっぱる,"to pull, to stretch, to drag",N3,N3_Group_12
ブレーキ,ブレーキ,a brake,N3,N3_Group_12
マーケット,マーケット,market,N3,N3_Group_12
マイナス,マイナス,minus,N3,N3_Group_12
マスター,マスター,"bar owner, master (e.g., arts, science)",N3,N3_Group_12
ぶつかる,ぶつかる,"to strike, to collide with",N3,N3_Group_12
ショック,ショック,shock,N3,N3_Group_12
ストレス,ストレス,stress,N3,N3_Group_12
タイトル,タイトル,title,N3,N3_Group_12
チャイム,チャイム,chime,N3,N3_Group_12
ぶつける,ぶつける,"to knock, to strike hard, to hit and attack",N3,N3_Group_12
デザイン,デザイン,design,N3,N3_Group_12
デザート,デザート,dessert,N3,N3_Group_12
マスコミ,マスコミ,mass communication,N3,N3_Group_12
マッサージ,マッサージ,massage,N3,N3_Group_12
まとまる,まとまる,"to be collected, to be settled, to be in order",N3,N3_Group_12
メッセージ,メッセージ,message,N3,N3_Group_12
しまった (かん),しまった (かん),Damn it!,N3,N3_Group_12
よろしく (かん),よろしく (かん),"best regards, please remember me",N3,N3_Group_12
はあ (かん),はあ (かん),(sigh),N3,N3_Group_12
芯,しん,"core, heart, wick",N2,N2_Group_1
上品,じょうひん,"refined, elegant, well-mannered",N2,N2_Group_1
栓,せん,"stopper, cork, stopcock",N2,N2_Group_1
大層,たいそう,"very much, greatly",N2,N2_Group_1
滝,たき,waterfall,N2,N2_Group_1
清書,せいしょ,clean copy,N2,N2_Group_1
発,はつ,"to depart (e.g., on a plane, train)",N2,N2_Group_1
冠,かんむり,"crown, wreath",N2,N2_Group_1
～所,～しょ,place,N2,N2_Group_1
紺,こん,"navy blue, deep blue",N2,N2_Group_1
清掃,せいそう,cleaning,N2,N2_Group_1
錆,さび,rust (color),N2,N2_Group_1
始終,しじゅう,"continuously, always, constantly",N2,N2_Group_1
耕す,たがやす,"to till, to plow, to cultivate",N2,N2_Group_1
峠,とうげ,"ridge, (mountain) pass, difficult part",N2,N2_Group_1
速達,そくたつ,"express, special delivery",N2,N2_Group_1
丼,どんぶり,"porcelain bowl, bowl of rice with food on top",N2,N2_Group_1
～所,～じょ,place,N2,N2_Group_1
虹,にじ,rainbow,N2,N2_Group_1
各地,かくち,various parts of the country,N2,N2_Group_1
担ぐ,かつぐ,"to shoulder, to carry on shoulder",N2,N2_Group_1
斜,はす,diagonal,N2,N2_Group_1
失恋,しつれん,"broken heart, unrequited love",N2,N2_Group_1
瞳,ひとみ,pupil (of eye),N2,N2_Group_1
重点,じゅうてん,"important point, lay stress on, emphasis",N2,N2_Group_1
枕,まくら,pillow,N2,N2_Group_1
女～,じょ～,things done by women,N2,N2_Group_1
斬る,きる,"to behead, to murder",N2,N2_Group_1
稀,まれ,"rare, seldom",N2,N2_Group_1
冷凍,れいとう,"freezing, cold storage, refrigeration",N2,N2_Group_1
紫,むらさき,"purple color, violet",N2,N2_Group_1
欄,らん,"column of text (e.g., as in a newspaper)",N2,N2_Group_1
粒,つぶ,grain,N2,N2_Group_1
透明,とうめい,"transparency, cleanness",N2,N2_Group_1
崩す,くずす,"to destroy, to make change (money)",N2,N2_Group_1
重役,じゅうやく,"director, high executive",N2,N2_Group_1
～席,～せき,counter for seats,N2,N2_Group_1
終了,しゅうりょう,"end, close, termination",N2,N2_Group_1
鈍い,にぶい,"dull (e.g., a knife), thickheaded, slow (opposite of fast), stupid",N2,N2_Group_1
祝日,しゅくじつ,national holiday,N2,N2_Group_1
縮小,しゅくしょう,"reduction, curtailment",N2,N2_Group_1
砕く,くだく,"to break, to smash",N2,N2_Group_1
出勤,しゅっきん,"going to work, at work",N2,N2_Group_1
鈍い,のろい,"dull (e.g., a knife), slow (opposite of fast), stupid",N2,N2_Group_1
述語,じゅつご,predicate,N2,N2_Group_1
短～,たん～,short ~,N2,N2_Group_1
寿命,じゅみょう,life span,N2,N2_Group_1
純情,じゅんじょう,pure heart,N2,N2_Group_1
配る,くばる,"to distribute, to deliver",N2,N2_Group_1
上級,じょうきゅう,"advanced level, high grade, senior",N2,N2_Group_1
上下,じょうげ,"high and low, up and down",N2,N2_Group_1
障子,しょうじ,paper sliding door,N2,N2_Group_1
商社,しょうしゃ,trading company,N2,N2_Group_1
乗車,じょうしゃ,"taking a train, entraining",N2,N2_Group_1
～日,～か,counter for days,N2,N2_Group_1
削る,けずる,"to cut down little by little, to take a percentage",N2,N2_Group_1
上旬,じょうじゅん,first 10 days of month,N2,N2_Group_1
勝敗,しょうはい,"victory or defeat, issue (of battle)",N2,N2_Group_1
勝負,しょうぶ,"victory or defeat, game",N2,N2_Group_1
職場,しょくば,workplace,N2,N2_Group_1
初旬,しょじゅん,first 10 days of the month,N2,N2_Group_1
書道,しょどう,calligraphy,N2,N2_Group_1
捜す,さがす,"to search, to seek, to look for",N2,N2_Group_1
白髪,しらが,"white or grey hair, trendy hair bleaching",N2,N2_Group_1
～科,～か,"family, group, course",N2,N2_Group_1
人事,じんじ,"human resources, personnel management",N2,N2_Group_1
心身,しんしん,mind and body,N2,N2_Group_1
人命,じんめい,(human) life,N2,N2_Group_1
神話,しんわ,"myth, legend",N2,N2_Group_1
遡る,さかのぼる,"to go back, to date back; ascend",N2,N2_Group_1
垂直,すいちょく,"vertical, perpendicular",N2,N2_Group_1
水滴,すいてき,drop of water,N2,N2_Group_1
水筒,すいとう,"canteen, flask, water bottle",N2,N2_Group_1
～刊,～かん,"~ issued (magazine, newspaper)",N2,N2_Group_1
随筆,ずいひつ,"essays, miscellaneous writings",N2,N2_Group_1
水面,すいめん,water's surface,N2,N2_Group_1
敷く,しく,"to spread out, to lay out",N2,N2_Group_1
隙間,すきま,"crack, gap, opening",N2,N2_Group_1
素直,すなお,"obedient, meek, docile",N2,N2_Group_1
頭脳,ずのう,"head, brains, intellect",N2,N2_Group_1
制作,せいさく,"work (e.g., film, book)",N2,N2_Group_1
成分,せいぶん,"ingredient, component, composition",N2,N2_Group_1
～館,～かん,"~ hall, ~ building",N2,N2_Group_1
茂る,しげる,to grow thick,N2,N2_Group_1
性別,せいべつ,"sex, gender",N2,N2_Group_1
西暦,せいれき,"Christian Era, after (Christ’s) death (A.D.)",N2,N2_Group_1
折角,せっかく,"with trouble, at great pains, long-awaited",N2,N2_Group_1
接近,せっきん,"getting closer, drawing nearer, approaching",N2,N2_Group_1
接続,せつぞく,"connection, union, join, link; changing trains",N2,N2_Group_1
全集,ぜんしゅう,complete works,N2,N2_Group_1
浮ぶ,うかぶ,"to float, to rise to surface, to come to mind",N2,N2_Group_1
扇子,せんす,folding fan,N2,N2_Group_1
～感,～かん,"feeling, sense, impression",N2,N2_Group_1
先端,せんたん,"pointed end, tip",N2,N2_Group_1
先頭,せんとう,"head, lead, vanguard",N2,N2_Group_1
全力,ぜんりょく,"all one's power, whole energy",N2,N2_Group_1
雑巾,ぞうきん,"house-cloth, dust cloth",N2,N2_Group_1
占う,うらなう,"to predict, to divine",N2,N2_Group_1
倉庫,そうこ,"storehouse, warehouse",N2,N2_Group_1
創作,そうさく,"production, creation, work",N2,N2_Group_1
増大,ぞうだい,"increase, growth",N2,N2_Group_1
～口,～くち,"~ opening; ~ entrance, ~ exit",N2,N2_Group_1
送別,そうべつ,"farewell, send-off",N2,N2_Group_1
草履,ぞうり,Japanese sandals (footwear),N2,N2_Group_1
尖る,とがる,"to taper to a point, to become sharp",N2,N2_Group_1
損得,そんとく,"loss and gain, advantage and disadvantage",N2,N2_Group_1
大工,だいく,carpenter,N2,N2_Group_1
体積,たいせき,"capacity, volume",N2,N2_Group_1
大分,だいぶん,"considerably, greatly, a lot",N2,N2_Group_1
対立,たいりつ,"confrontation, opposition, antagonism",N2,N2_Group_1
～家,～け,"~'s family, the house of ~",N2,N2_Group_1
整う,ととのう,"to be prepared, to be in order, to be arranged",N2,N2_Group_1
屋外,おくがい,outdoors,N2,N2_Group_1
伯父,おじ,(humble) uncle (older than one's parent),N2,N2_Group_1
叔父,おじ,uncle (younger than one's parent),N2,N2_Group_1
伯母,おば,(humble) aunt (older than one's parent),N2,N2_Group_1
叔母,おば,aunt (younger than one's parent),N2,N2_Group_1
温室,おんしつ,greenhouse,N2,N2_Group_1
採る,とる,"to adopt (measure, proposal); to pick (fruit)",N2,N2_Group_1
温泉,おんせん,"spa, hot spring",N2,N2_Group_1
開会,かいかい,opening of a meeting,N2,N2_Group_1
会館,かいかん,"meeting hall, assembly hall",N2,N2_Group_1
解散,かいさん,"breakup, dissolution",N2,N2_Group_1
回数,かいすう,"number of times, frequency",N2,N2_Group_1
改正,かいせい,"revision, amendment, alteration",N2,N2_Group_1
捕る,とる,"to take, to catch (fish)",N2,N2_Group_1
快晴,かいせい,good weather,N2,N2_Group_1
開通,かいつう,"opening, open",N2,N2_Group_1
解答,かいとう,"answer, solution",N2,N2_Group_1
回答,かいとう,"reply, answer",N2,N2_Group_1
開放,かいほう,"open, throw open, liberalization",N2,N2_Group_1
家屋,かおく,"house, building",N2,N2_Group_1
為す,なす,"to accomplish, to do",N2,N2_Group_1
書留,かきとめ,registered mail,N2,N2_Group_1
学術,がくじゅつ,"science, learning, scholarship",N2,N2_Group_1
学年,がくねん,"year in school, grade in school",N2,N2_Group_1
学力,がくりょく,"scholarship, knowledge",N2,N2_Group_1
可決,かけつ,"approval, adoption (e.g., motion, bill), passage",N2,N2_Group_1
下降,かこう,"decline, descent, fall",N2,N2_Group_1
倣う,ならう,"to imitate, to follow, to emulate",N2,N2_Group_1
過失,かしつ,"error, mistake, negligence",N2,N2_Group_1
貸家,かしや,house for rent,N2,N2_Group_1
箇所,かしょ,"place, point, part",N2,N2_Group_1
片道,かたみち,one-way (trip),N2,N2_Group_1
加熱,かねつ,heating,N2,N2_Group_1
神様,かみさま,god,N2,N2_Group_1
濁る,にごる,"to become muddy, to get cloudy",N2,N2_Group_1
貨物,かもつ,"cargo, freight",N2,N2_Group_1
為替,かわせ,"money order, exchange",N2,N2_Group_2
呑気,のんき,"carefree, optimistic, careless",N2,N2_Group_2
元日,がんじつ,New Year's Day,N2,N2_Group_2
当日,とうじつ,"appointed day, very day",N2,N2_Group_2
官庁,かんちょう,"government office, authorities",N2,N2_Group_2
話中,はなしちゅう,"while talking, the line is busy",N2,N2_Group_2
睨む,にらむ,"to glare at, to stare; to keep an eye on",N2,N2_Group_2
缶詰,かんづめ,"canning, canned goods,",N2,N2_Group_2
小～,こ～,small ~,N2,N2_Group_2
基準,きじゅん,"standard, basis, criteria",N2,N2_Group_2
不潔,ふけつ,"unclean, dirty",N2,N2_Group_2
規準,きじゅん,"standard, basis, criteria",N2,N2_Group_2
直後,ちょくご,immediately following,N2,N2_Group_2
挟む,はさむ,to pinch; to hold between; to insert,N2,N2_Group_2
客席,きゃくせき,guest seating,N2,N2_Group_2
物騒,ぶっそう,"dangerous, disturbed, insecure",N2,N2_Group_2
休業,きゅうぎょう,"closure, shutdown, holiday",N2,N2_Group_2
高～,こう～,high (level) ~,N2,N2_Group_2
休養,きゅうよう,"rest, break, recreation",N2,N2_Group_2
名所,めいしょ,famous place,N2,N2_Group_2
塞ぐ,ふさぐ,"to stuff, to close up, to block (up)",N2,N2_Group_2
教養,きょうよう,"culture, education, sophistication",N2,N2_Group_2
うんと,うんと,"a great deal, very much",N2,N2_Group_2
規律,きりつ,"order, rules, law",N2,N2_Group_2
悠々,ゆうゆう,"quiet, calm, leisurely",N2,N2_Group_2
金魚,きんぎょ,goldfish,N2,N2_Group_2
～校,～こう,counter for school,N2,N2_Group_2
放る,ほうる,to let go,N2,N2_Group_2
空想,くうそう,"daydream, fantasy",N2,N2_Group_2
緩い,ゆるい,"loose, lenient, slow",N2,N2_Group_2
稽古,けいこ,"practice, training, study",N2,N2_Group_2
経度,けいど,longitude,N2,N2_Group_2
芸能,げいのう,"public entertainment, performing arts",N2,N2_Group_2
住まい,すまい,"dwelling, house",N2,N2_Group_2
干す,ほす,"to air, to dry, to drink up",N2,N2_Group_2
下旬,げじゅん,month (last third of),N2,N2_Group_2
～号,～ごう,counter for magazine; the name of ship,N2,N2_Group_2
下水,げすい,"drainage, sewage, ditch, gutter, sewerage",N2,N2_Group_2
勘違い,かんちがい,"misunderstanding, wrong guess",N2,N2_Group_2
下駄,げた,"(Japanese footwear), wooden clogs",N2,N2_Group_2
月給,げっきゅう,monthly salary,N2,N2_Group_2
解く,ほどく,to unfasten,N2,N2_Group_2
傑作,けっさく,"masterpiece, best work",N2,N2_Group_2
恋しい,こいしい,"dear, beloved; to miss",N2,N2_Group_2
月末,げつまつ,end of the month,N2,N2_Group_2
～山,～さん,the name of mountain,N2,N2_Group_2
原産,げんさん,place of origin,N2,N2_Group_2
研修,けんしゅう,training,N2,N2_Group_2
巡る,めぐる,to go around,N2,N2_Group_2
現に,げんに,"actually, really",N2,N2_Group_2
工員,こういん,factory worker,N2,N2_Group_2
高級,こうきゅう,high class; first-rate,N2,N2_Group_2
工事,こうじ,construction work,N2,N2_Group_2
口実,こうじつ,excuse,N2,N2_Group_2
～紙,～し,"newspaper, type of paper",N2,N2_Group_2
盛る,もる,to serve (food); to fill up; to prescribe,N2,N2_Group_2
高層,こうそう,"tall, high rise",N2,N2_Group_2
交替,こうたい,"change, relief, alteration",N2,N2_Group_2
校庭,こうてい,school yard,N2,N2_Group_2
肯定,こうてい,"positive, affirmation",N2,N2_Group_2
高等,こうとう,"high class, high grade",N2,N2_Group_2
紅葉,こうよう,fall colors (of leaves),N2,N2_Group_2
誓う,ちかう,"to swear, to vow",N2,N2_Group_2
交流,こうりゅう,exchange; alternating current,N2,N2_Group_2
～寺,～じ,the name of temple,N2,N2_Group_2
御免,ごめん,"declining (something); pardon, sorry",N2,N2_Group_2
娯楽,ごらく,"pleasure, amusement, recreation",N2,N2_Group_2
在学,ざいがく,(enrolled) in school,N2,N2_Group_2
再三,さいさん,"again and again, repeatedly",N2,N2_Group_2
生ずる,しょうずる,"to cause, to arise, to be generated",N2,N2_Group_2
祭日,さいじつ,"national holiday, festival day",N2,N2_Group_2
裁縫,さいほう,sewing,N2,N2_Group_2
逆さ,さかさ,"reverse, upside down",N2,N2_Group_2
～日,～じつ,day,N2,N2_Group_2
逆様,さかさま,"reverse, upside down",N2,N2_Group_2
先程,さきほど,a little while ago,N2,N2_Group_2
ずらす,ずらす,"to put off, to delay",N2,N2_Group_2
作成,さくせい,"creation, preparation, to make",N2,N2_Group_2
撮影,さつえい,photographing,N2,N2_Group_2
司会,しかい,"host, chairperson",N2,N2_Group_2
敷地,しきち,site,N2,N2_Group_2
持参,じさん,"bringing, taking, carrying",N2,N2_Group_2
～者,～しゃ,person,N2,N2_Group_2
背負う,せおう,to be burdened with; to carry on (one's) back or shoulder(s),N2,N2_Group_2
子孫,しそん,"descendant, offspring",N2,N2_Group_2
自宅,じたく,one's own home (same as 自分の家 (じぶんのいえ)),N2,N2_Group_2
下町,したまち,old parts of town,N2,N2_Group_2
自治,じち,"self-government, autonomy",N2,N2_Group_2
実感,じっかん,"feelings, realization",N2,N2_Group_2
実習,じっしゅう,"practice, training",N2,N2_Group_2
接する,せっする,to attend to (someone); to associate with,N2,N2_Group_2
実績,じっせき,"achievements, actual results",N2,N2_Group_2
～社,～しゃ,counter for company,N2,N2_Group_2
実用,じつよう,"practical use, utility",N2,N2_Group_2
私鉄,してつ,private railway,N2,N2_Group_2
紙幣,しへい,"paper money, notes, bills",N2,N2_Group_2
氏名,しめい,full name,N2,N2_Group_2
属する,ぞくする,"to belong to, to come under",N2,N2_Group_2
弱点,じゃくてん,"weak point, weakness",N2,N2_Group_2
車掌,しゃしょう,(train) conductor,N2,N2_Group_2
写生,しゃせい,"sketching, drawing from nature",N2,N2_Group_2
～手,～しゅ,"~ player, person who does ~",N2,N2_Group_2
集会,しゅうかい,"meeting, assembly",N2,N2_Group_2
集金,しゅうきん,money collection,N2,N2_Group_2
逸れる,それる,"to stray (turn) from subject, to go astray",N2,N2_Group_2
修繕,しゅうぜん,"repair, mending",N2,N2_Group_2
終点,しゅうてん,"terminus, last stop (e.g train)",N2,N2_Group_2
連合,れんごう,"union, alliance",N2,N2_Group_2
雨戸,あまど,sliding storm door,N2,N2_Group_2
安易,あんい,easy-going,N2,N2_Group_2
～流,～りゅう,"fashion, manner, way",N2,N2_Group_2
例える,たとえる,"to compare, to liken",N2,N2_Group_2
意義,いぎ,"meaning, significance",N2,N2_Group_2
育児,いくじ,"childcare, nursing",N2,N2_Group_2
一応,いちおう,"tentatively, for the time being",N2,N2_Group_2
一斉,いっせい,"simultaneous, all at once",N2,N2_Group_2
井戸,いど,water well,N2,N2_Group_2
承る,うけたまわる,"(humble) to hear, to be told, to know",N2,N2_Group_2
落着く,おちつく,"to calm down, to settle down",N2,N2_Group_2
裏口,うらぐち,"backdoor, rear entrance",N2,N2_Group_2
売上,うりあげ,"amount sold, proceeds",N2,N2_Group_2
運河,うんが,"canal, waterway",N2,N2_Group_2
偉い,えらい,"great, celebrated, remarkable,",N2,N2_Group_2
園芸,えんげい,"horticulture, gardening",N2,N2_Group_2
演劇,えんげき,play (theatrical),N2,N2_Group_2
脅かす,おどかす,"to threaten, to coerce",N2,N2_Group_2
延長,えんちょう,"extension, prolongation",N2,N2_Group_2
往復,おうふく,"(col) round trip, coming and going, return ticket",N2,N2_Group_2
応用,おうよう,"application, put to practical use",N2,N2_Group_2
電力,でんりょく,electric power,N2,N2_Group_2
同格,どうかく,"the same rank, equality, apposition",N2,N2_Group_2
東西,とうざい,"East and West, whole country",N2,N2_Group_2
驚かす,おどろかす,"to surprise, to frighten",N2,N2_Group_2
投書,とうしょ,"letter to the editor, letter from a reader, contribution",N2,N2_Group_2
灯台,とうだい,lighthouse,N2,N2_Group_2
特色,とくしょく,"characteristic, feature",N2,N2_Group_2
都心,としん,heart (of city),N2,N2_Group_2
斜め,ななめ,"diagonal, oblique",N2,N2_Group_2
何分,なにぶん,"by all means, please",N2,N2_Group_2
固まる,かたまる,"to harden, to solidify, to become firm",N2,N2_Group_2
日時,にちじ,date and time,N2,N2_Group_2
日課,にっか,"daily work, daily routine",N2,N2_Group_2
入社,にゅうしゃ,entry to a company,N2,N2_Group_2
寝巻,ねまき,"sleep-wear, pajamas",N2,N2_Group_2
年度,ねんど,"year, fiscal year",N2,N2_Group_2
濃度,のうど,"concentration, density",N2,N2_Group_2
枯れる,かれる,"to wither, to die (plant), to be blasted (plant)",N2,N2_Group_2
上り,のぼり,"up-train (going to Tokyo), ascent",N2,N2_Group_2
乗換,のりかえ,"a transfer (e.g., trains, buses)",N2,N2_Group_3
小遣い,こづかい,"pocket money, allowance",N2,N2_Group_3
売店,ばいてん,"shop, stand",N2,N2_Group_3
たちまち,たちまち,"instantly, suddenly, all at once",N2,N2_Group_3
売買,ばいばい,"trade, buying and selling",N2,N2_Group_3
危うい,あやうい,"dangerous, critical",N2,N2_Group_3
着せる,きせる,to put on clothes,N2,N2_Group_3
肌着,はだぎ,underwear,N2,N2_Group_3
～力,～りょく,power of ~,N2,N2_Group_3
発揮,はっき,"exhibition, demonstration, display",N2,N2_Group_3
怪しい,あやしい,"suspicious, dubious, doubtful",N2,N2_Group_3
発想,はっそう,idea; way of thinking (same as 考え方 (かんがえかた)),N2,N2_Group_3
こないだ,こないだ,"the other day, lately, recently",N2,N2_Group_3
砕ける,くだける,"to break, to be broken",N2,N2_Group_3
発電,はつでん,"generation (e.g., power)",N2,N2_Group_3
物凄い,ものすごい,"earth-shattering, staggering, to a very great extent",N2,N2_Group_3
花火,はなび,fireworks,N2,N2_Group_3
～位,～い,~th place,N2,N2_Group_3
早口,はやくち,fast-talking,N2,N2_Group_3
力強い,ちからづよい,"powerful, strong, vigorous",N2,N2_Group_3
凍える,こごえる,"to freeze, to be chilled, to be frozen",N2,N2_Group_3
判子,はんこ,seal (used for signature),N2,N2_Group_3
とっくに,とっくに,"long ago, already, a long time ago",N2,N2_Group_3
万歳,ばんざい,"banzai, Long live ~!",N2,N2_Group_3
手拭い,てぬぐい,(hand) towel,N2,N2_Group_3
番地,ばんち,"house number, address",N2,N2_Group_3
～等,～とう,"level, place",N2,N2_Group_3
心得る,こころえる,"to understand, to have thorough knowledge",N2,N2_Group_3
日陰,ひかげ,shadow,N2,N2_Group_3
好き嫌い,すききらい,"likes and dislikes, taste",N2,N2_Group_3
筆者,ひっしゃ,"writer, author",N2,N2_Group_3
標準,ひょうじゅん,"standard, level",N2,N2_Group_3
昼寝,ひるね,"nap (at home), siesta",N2,N2_Group_3
だらしない,だらしない,"slovenly, loose, a slut",N2,N2_Group_3
堪える,こらえる,"to bear, to endure, to put up with",N2,N2_Group_3
風船,ふうせん,balloon,N2,N2_Group_3
長～,なが～,long ~,N2,N2_Group_3
不運,ふうん,"unlucky, misfortune, bad luck",N2,N2_Group_3
おかけください,おかけください,please sit down,N2,N2_Group_3
普及,ふきゅう,"diffusion, spread",N2,N2_Group_3
附属,ふぞく,"attached, belonging, affiliated",N2,N2_Group_3
錆びる,さびる,"to rust, to become rusty",N2,N2_Group_3
踏切,ふみきり,"railway crossing, level crossing, starting line, scratch, crossover",N2,N2_Group_3
お待ちください,おまちください,Please wait a moment,N2,N2_Group_3
故郷,ふるさと,"home town, birthplace",N2,N2_Group_3
古～,ふる～,old ~,N2,N2_Group_3
古里,ふるさと,"home town, birthplace",N2,N2_Group_3
噴水,ふんすい,water fountain,N2,N2_Group_3
静まる,しずまる,"to quieten down, to calm down",N2,N2_Group_3
並行,へいこう,"(going) side by side, concurrent, at the same time",N2,N2_Group_3
平日,へいじつ,weekday,N2,N2_Group_3
兵隊,へいたい,soldier,N2,N2_Group_3
平野,へいや,"plain, open field",N2,N2_Group_3
別荘,べっそう,villa; vacation home; summer cottage,N2,N2_Group_3
～遍,～へん,time,N2,N2_Group_3
呆れる,あきれる,"to be shocked, to be appalled",N2,N2_Group_3
別々,べつべつ,"separately, individually",N2,N2_Group_3
方角,ほうがく,"direction, way",N2,N2_Group_3
法則,ほうそく,"law, rule",N2,N2_Group_3
牧場,ぼくじょう,farm (livestock); pasture land,N2,N2_Group_3
保健,ほけん,"health preservation, hygiene, sanitation",N2,N2_Group_3
ぼろ,ぼろ,"rag, tattered clothes",N2,N2_Group_3
憧れる,あこがれる,"to long for, to yearn after",N2,N2_Group_3
本部,ほんぶ,headquarters,N2,N2_Group_3
～名,～めい,counter for people,N2,N2_Group_3
本来,ほんらい,"essentially, naturally, by nature",N2,N2_Group_3
毎度,まいど,"each time, common service-sector greeting",N2,N2_Group_3
窓口,まどぐち,(ticket) window,N2,N2_Group_3
満員,まんいん,"full house, no vacancy, sold out",N2,N2_Group_3
改める,あらためる,"to change, to reform, to revise",N2,N2_Group_3
自ら,みずから,"for one's self, personally",N2,N2_Group_3
身分,みぶん,"position, status",N2,N2_Group_3
名字,みょうじ,"surname, family name",N2,N2_Group_3
～等,～ら,plural persons,N2,N2_Group_3
元々,もともと,"originally, by nature, from the start",N2,N2_Group_3
問答,もんどう,"questions and answers, dialogue",N2,N2_Group_3
薄める,うすめる,"to dilute, to water down",N2,N2_Group_3
夜間,やかん,"at night, nighttime",N2,N2_Group_3
役所,やくしょ,"government office, public office",N2,N2_Group_3
役人,やくにん,government official,N2,N2_Group_3
夜行,やこう,"night train, night travel",N2,N2_Group_3
夕刊,ゆうかん,evening paper,N2,N2_Group_3
～着,～ちゃく,counter for clothes; finishing place,N2,N2_Group_3
退ける,どける,"to dislodge, to put something out of the way",N2,N2_Group_3
夕立,ゆうだち,(sudden) evening shower (rain),N2,N2_Group_3
夕日,ゆうひ,"(in) the evening sun, setting sun",N2,N2_Group_3
油断,ゆだん,"negligence, unpreparedness",N2,N2_Group_3
幼児,ようじ,"infant, baby, child",N2,N2_Group_3
容積,ようせき,"capacity, volume",N2,N2_Group_3
幼稚,ようち,"infancy, childish, infantile",N2,N2_Group_3
留まる,とどまる,"to be fixed; to abide, to stay (in the one place)",N2,N2_Group_3
用途,ようと,"use, usefulness",N2,N2_Group_3
長～,ちょう～,long ~,N2,N2_Group_3
漸く,ようやく,"at last, finally, hardly",N2,N2_Group_3
余所,よそ,"another place, somewhere else, strange parts",N2,N2_Group_3
来日,らいにち,"coming to Japan, visit to Japan",N2,N2_Group_3
利害,りがい,"advantages and disadvantages, interest",N2,N2_Group_3
留まる,とまる,"to be fixed; to abide, to stay (in the one place)",N2,N2_Group_3
短期,たんき,short term,N2,N2_Group_3
短所,たんしょ,"defect, weak point; disadvantage",N2,N2_Group_3
淡水,たんすい,fresh water,N2,N2_Group_3
～長,～ちょう,"leader, head",N2,N2_Group_3
断水,だんすい,water outage,N2,N2_Group_3
短編,たんぺん,"short (e.g., story, film)",N2,N2_Group_3
長引く,ながびく,"to be prolonged, to drag on",N2,N2_Group_3
近々,ちかぢか,"soon, before long",N2,N2_Group_3
地質,ちしつ,geological features,N2,N2_Group_3
知人,ちじん,"friend, acquaintance",N2,N2_Group_3
地点,ちてん,"site, point on a map",N2,N2_Group_3
地名,ちめい,place name,N2,N2_Group_3
低～,てい～,low ~,N2,N2_Group_3
逃がす,にがす,"to let loose, to set free, to let escape",N2,N2_Group_3
中間,ちゅうかん,"middle, midway, interim",N2,N2_Group_3
中旬,ちゅうじゅん,second third of a month,N2,N2_Group_3
中世,ちゅうせい,"Middle Ages, medieval times",N2,N2_Group_3
中性,ちゅうせい,"neuter gender, neutral",N2,N2_Group_3
中途,ちゅうと,"in the middle, half-way",N2,N2_Group_3
長所,ちょうしょ,"strong point, merit; advantage",N2,N2_Group_3
熱する,ねっする,to heat,N2,N2_Group_3
長短,ちょうたん,"length, long and short, +-",N2,N2_Group_3
追加,ついか,"addition, supplement, appendix",N2,N2_Group_3
通用,つうよう,"popular use, circulation",N2,N2_Group_3
通路,つうろ,"passage, pathway",N2,N2_Group_3
月日,つきひ,"time, years, days",N2,N2_Group_3
強気,つよき,"firm, strong",N2,N2_Group_3
始めに,はじめに,"to begin with, first of all",N2,N2_Group_3
定員,ていいん,"fixed number of regular personnel, capacity (e.g., of boat)",N2,N2_Group_3
定価,ていか,established price,N2,N2_Group_3
低下,ていか,"fall, decline",N2,N2_Group_3
停止,ていし,"suspension, interruption, stoppage",N2,N2_Group_3
停車,ていしゃ,"stopping (e.g., train)",N2,N2_Group_3
手頃,てごろ,"moderate, handy",N2,N2_Group_3
初めに,はじめに,"to begin with, first of all",N2,N2_Group_3
展開,てんかい,"develop, expansion (opposite of compression)",N2,N2_Group_3
伝記,でんき,"biography, life story",N2,N2_Group_3
受話器,じゅわき,(telephone) receiver,N2,N2_Group_3
小学生,しょうがくせい,elementary school pupil,N2,N2_Group_3
新幹線,しんかんせん,"Shinkansen, ""Bullet Train""",N2,N2_Group_3
水蒸気,すいじょうき,"water vapor, steam",N2,N2_Group_3
引受る,ひきうける,"to undertake, to take up, to take over",N2,N2_Group_3
末っ子,すえっこ,youngest child,N2,N2_Group_3
青少年,せいしょうねん,"youth, young person",N2,N2_Group_3
先々月,せんせんげつ,month before last,N2,N2_Group_3
存じる,ぞんじる,(humble) to know,N2,N2_Group_3
存ずる,ぞんずる,(humble) to know,N2,N2_Group_3
大学院,だいがくいん,graduate school,N2,N2_Group_3
膨らむ,ふくらむ,"to expand, to swell (out), to become inflated",N2,N2_Group_3
お帰り,おかえり,"return, welcome",N2,N2_Group_3
お参り,おまいり,"worship, shrine visit",N2,N2_Group_4
おめでたい,おめでたい,"happy event, matter for congratulation",N2,N2_Group_4
お休み,おやすみ,"holiday, absence; (exp.) Good night",N2,N2_Group_4
殿,どの,Mister (mostly in addressing someone on an envelope),N2,N2_Group_4
海水浴,かいすいよく,"sea bathing, seawater bath",N2,N2_Group_4
くだらない,くだらない,"good-for-nothing, stupid, worthless",N2,N2_Group_4
更ける,ふける,"to get late, to wear on",N2,N2_Group_4
ガム,ガム,chewing gum,N2,N2_Group_4
～がち,～がち,tend to do ~,N2,N2_Group_4
空っぽ,からっぽ,"empty, vacant, hollow",N2,N2_Group_4
ごめんください,ごめんください,"May I come in, Is anyone here",N2,N2_Group_4
かるた,かるた,playing cards (POR: carta),N2,N2_Group_4
のろのろ,のろのろ,"slowly, sluggishly",N2,N2_Group_4
曲げる,まげる,"to bend, to crook, to lean",N2,N2_Group_4
着替え,きがえ,"changing clothes, change of clothes",N2,N2_Group_4
仕方がない,しかたがない,"it can't be helped, it's inevitable",N2,N2_Group_4
腰掛け,こしかけ,"seat, bench",N2,N2_Group_4
～通り,～とおり,"in accordance with ~; following ~; ~ street, ~ avenue",N2,N2_Group_4
時間割,じかんわり,"timetable, schedule",N2,N2_Group_4
若々しい,わかわかしい,"youthful, young",N2,N2_Group_4
見送る,みおくる,to see off; to escort; to let pass,N2,N2_Group_4
留守番,るすばん,"care-taking, caretaker, house-watching",N2,N2_Group_4
各々,おのおの,"each, every, either",N2,N2_Group_4
朝寝坊,あさねぼう,"oversleeping, late riser",N2,N2_Group_4
あいまい,あいまい,"vague, ambiguous",N2,N2_Group_4
改めて,あらためて,"another time, again",N2,N2_Group_4
～年生,～ねんせい,counter for school year,N2,N2_Group_4
見舞う,みまう,"to ask after (health), to visit",N2,N2_Group_4
生け花,いけばな,flower arrangement,N2,N2_Group_4
慌ただしい,あわただしい,"busy, hurried",N2,N2_Group_4
衣食住,いしょくじゅう,"food, clothing and shelter",N2,N2_Group_4
一段と,いちだんと,"by far, greater",N2,N2_Group_4
一昨日,いっさくじつ,day before yesterday,N2,N2_Group_4
行っていらっしゃい,いっていらっしゃい,"have a nice day, see you",N2,N2_Group_4
目指す,めざす,"to aim at, to have an eye on",N2,N2_Group_4
一昨年,いっさくねん,year before last,N2,N2_Group_4
～もち,～もち,person who has ~,N2,N2_Group_4
嫌がる,いやがる,"reluctant, to dislike",N2,N2_Group_4
行ってらっしゃい,いってらっしゃい,"have a nice day, see you",N2,N2_Group_4
打合せ,うちあわせ,"business meeting, previous arrangement",N2,N2_Group_4
うどん,うどん,udon noodles (Japanese traditional noodles),N2,N2_Group_4
目立つ,めだつ,"to be conspicuous, to stand out",N2,N2_Group_4
ええと,ええと,"let me see, well, er...",N2,N2_Group_4
懐かしい,なつかしい,"dear, desired, missed",N2,N2_Group_4
絵の具,えのぐ,"colors, paints",N2,N2_Group_4
～続く,～つづく,"follow, continue, go on",N2,N2_Group_4
仲直り,なかなおり,"reconciliation, make peace with",N2,N2_Group_4
仲良し,なかよし,"intimate friend, bosom buddy",N2,N2_Group_4
儲ける,もうける,"to earn, to have (bear, beget) a child",N2,N2_Group_4
日用品,にちようひん,daily necessities,N2,N2_Group_4
寝間着,ねまき,"sleep-wear, pajamas",N2,N2_Group_4
吐き気,はきけ,"nausea, sickness in the stomach",N2,N2_Group_4
果して,はたして,"as was expected, really",N2,N2_Group_4
はめる,はめる,"(col) to get in, to insert, to put on",N2,N2_Group_4
明くる～,あくる～,"next, following",N2,N2_Group_4
よこす,よこす,"to send, to forward; to hand over (e.g., money)",N2,N2_Group_4
日帰り,ひがえり,day trip,N2,N2_Group_4
ぴたり,ぴたり,exactly; close-fitting,N2,N2_Group_4
必需品,ひつじゅひん,"necessities, essential",N2,N2_Group_4
独り言,ひとりごと,"a soliloquy, a monologue, speaking to oneself",N2,N2_Group_4
日の出,ひので,sunrise,N2,N2_Group_4
待合室,まちあいしつ,waiting room,N2,N2_Group_4
縮める,ちぢめる,"to shorten, to reduce, to shrink",N2,N2_Group_4
真っ黒,まっくろ,pitch black,N2,N2_Group_4
～ところ,～ところ,about to do ~,N2,N2_Group_4
真っ青,まっさお,"deep blue, ghastly pale",N2,N2_Group_4
真っ先,まっさき,"foremost, beginning",N2,N2_Group_4
真っ白,まっしろ,pure white,N2,N2_Group_4
まぶた,まぶた,eyelids,N2,N2_Group_4
通ずる,つうずる,"to lead, to run, to open",N2,N2_Group_4
みじめ,みじめ,"sad, pitiful, wretched",N2,N2_Group_4
見出し,みだし,"heading, index",N2,N2_Group_4
遊園地,ゆうえんち,amusement park,N2,N2_Group_4
初～,しょ～,first ~,N2,N2_Group_4
地下水,ちかすい,underground water,N2,N2_Group_4
長方形,ちょうほうけい,"rectangle, oblong",N2,N2_Group_4
潰れる,つぶれる,"to be smashed, to go bankrupt",N2,N2_Group_4
繋がり,つながり,"connection, link, relationship",N2,N2_Group_4
定休日,ていきゅうび,regular holiday,N2,N2_Group_4
出入り,でいり,"in and out, coming and going",N2,N2_Group_4
出迎え,でむかえ,"meeting, reception",N2,N2_Group_4
汁,しる,"juice, soup",N2,N2_Group_4
～女,～じょ,count for sisters,N2,N2_Group_4
透き通る,すきとおる,to be(come) transparent,N2,N2_Group_4
ずうっと,ずうっと,"all the time, all the way",N2,N2_Group_4
隙,すき,"unguarded moment, chance",N2,N2_Group_4
杉,すぎ,Japanese cedar,N2,N2_Group_4
鈴,すず,bell,N2,N2_Group_4
すっきり,すっきり,"shapely, clear, neat",N2,N2_Group_4
せっせと,せっせと,"busily, away",N2,N2_Group_4
立ち止まる,たちどまる,"to stop, to halt, to stand still",N2,N2_Group_4
ぜひとも,ぜひとも,by all means (with sense of not taking 'no' for an answer),N2,N2_Group_4
省～,しょう～,economizing ~,N2,N2_Group_4
センチ,センチ,centimeter,N2,N2_Group_4
そういえば,そういえば,which reminds me ..,N2,N2_Group_4
そのころ,そのころ,"in those days, at that time, then",N2,N2_Group_4
そのため,そのため,"hence, for that reason",N2,N2_Group_4
ためらう,ためらう,to be hesitant,N2,N2_Group_4
竹,たけ,bamboo,N2,N2_Group_4
ただいま,ただいま,"Here I am, I'm home!",N2,N2_Group_4
ダブル,ダブル,double,N2,N2_Group_4
～商,～しょう,"merchant, business",N2,N2_Group_4
おかげさまで,おかげさまで,"Thanks to god, thanks to you",N2,N2_Group_4
おかまいなく,おかまいなく,please don't fuss over me,N2,N2_Group_4
からかう,からかう,"to ridicule, to make fun of",N2,N2_Group_4
お代わり,おかわり,"second helping, another cup",N2,N2_Group_4
お元気で,おげんきで,Take care',N2,N2_Group_4
お邪魔します,おじゃまします,Excuse me for disturbing you,N2,N2_Group_4
お大事に,おだいじに,"Take care of yourself, Take care!, Get well soon",N2,N2_Group_4
おはよう,おはよう,(abbr.) Good morning,N2,N2_Group_4
～勝,～しょう,count for victory,N2,N2_Group_4
可愛がる,かわいがる,"to love, to be affectionate",N2,N2_Group_4
お待たせしました,おまたせしました,Sorry to have kept you waiting,N2,N2_Group_4
おまちどおさま,おまちどおさま,Sorry to have kept you waiting,N2,N2_Group_4
思い切り,おもいきり,"with all one's strength (heart), resignation, resolution",N2,N2_Group_4
カーブ,カーブ,curve; curve ball (baseball),N2,N2_Group_4
貸し出し,かしだし,"lending, loaning",N2,N2_Group_4
塊,かたまり,"lump, mass, cluster",N2,N2_Group_4
着替える,きがえる,to change (one's) clothes,N2,N2_Group_4
釜,かま,"iron pot, kettle",N2,N2_Group_4
構いません,かまいません,it's all right; one doesn’t mind,N2,N2_Group_4
カラー,カラー,"collar, color",N2,N2_Group_4
瓦,かわら,roof tile,N2,N2_Group_4
釘,くぎ,nail,N2,N2_Group_4
櫛,くし,comb,N2,N2_Group_4
気を付ける,きをつける,"to be careful, to pay attention, to take care",N2,N2_Group_4
屑,くず,"waste, scrap",N2,N2_Group_4
唇,くちびる,lip,N2,N2_Group_4
くれぐれも,くれぐれも,"repeatedly, sincerely, earnestly",N2,N2_Group_4
桁,けた,"column, beam, digit",N2,N2_Group_4
こうして,こうして,"like this, with this",N2,N2_Group_4
高等学校,こうとうがっこう,senior high school,N2,N2_Group_4
くたびれる,くたびれる,"to get tired, to wear out",N2,N2_Group_4
ご苦労様,ごくろうさま,Thank you for your had work,N2,N2_Group_4
心当たり,こころあたり,"having some knowledge of, happening to know",N2,N2_Group_4
こちらこそ,こちらこそ,it is I who should say so,N2,N2_Group_4
こんばんは,こんばんは,good evening,N2,N2_Group_4
一昨昨日,さきおととい,"two days before yesterday, three days ago",N2,N2_Group_4
匙,さじ,spoon,N2,N2_Group_4
くっつく,くっつく,"to adhere to, to keep close to",N2,N2_Group_4
さようなら,さようなら,good-bye,N2,N2_Group_4
明明後日,しあさって,two days after tomorrow,N2,N2_Group_4
縞,しま,stripe,N2,N2_Group_4
しみじみ,しみじみ,"keenly, deeply, heartily",N2,N2_Group_4
生き生き,いきいき,"vividly, lively",N2,N2_Group_4
いきなり,いきなり,all of a sudden,N2,N2_Group_4
腰掛ける,こしかける,to sit (down),N2,N2_Group_4
いってまいります,いってまいります,"(Lit.) I'll go and come back, 'I'm going, see you later'",N2,N2_Group_4
いってきます,いってきます,"(Lit.) I'll go and come back, 'I'm going, see you later'",N2,N2_Group_5
フリー,フリー,free,N2,N2_Group_5
売り切れ,うりきれ,sold-out,N2,N2_Group_5
早速,さっそく,"at once, immediately, promptly",N2,N2_Group_5
銅,どう,copper,N2,N2_Group_5
めでたい,めでたい,"happy, propitious, joyous",N2,N2_Group_5
こしらえる,こしらえる,"to make, to manufacture",N2,N2_Group_5
どきどき,どきどき,"throb, beat (fast)",N2,N2_Group_5
～条,～じょう,counter for article,N2,N2_Group_5
ともかく,ともかく,"anyhow, at any rate, anyway",N2,N2_Group_5
面倒臭い,めんどうくさい,"bother to do, tiresome",N2,N2_Group_5
なんとなく,なんとなく,"somehow or other, for some reason or another",N2,N2_Group_5
大して,たいして,"(not so) much, (not) very",N2,N2_Group_5
言付ける,ことづける,to leave a message,N2,N2_Group_5
俄,にわか,"sudden, abrupt, unexpected",N2,N2_Group_5
やむをえない,やむをえない,"cannot be helped, unavoidable",N2,N2_Group_5
糊,のり,"glue, paste, starch",N2,N2_Group_5
～畳,～じょう,"count for tatami, mat",N2,N2_Group_5
秤,はかり,"scales, weighing machine",N2,N2_Group_5
軟らかい,やわらかい,"soft, tender, limp",N2,N2_Group_5
しびれる,しびれる,to become numb,N2,N2_Group_5
はじめまして,はじめまして,"How do you do, I am glad to meet you",N2,N2_Group_5
却って,かえって,"on the contrary, rather",N2,N2_Group_5
鉢,はち,"a bowl, a pot",N2,N2_Group_5
酔っ払い,よっぱらい,drunkard,N2,N2_Group_5
×,ばつ,cross,N2,N2_Group_5
～済,～ずみ,finished,N2,N2_Group_5
締め切る,しめきる,"to close, cancel",N2,N2_Group_5
日当たり,ひあたり,"exposure to the sun, sunny place",N2,N2_Group_5
卒直,そっちょく,"frank, candid, honest",N2,N2_Group_5
肘,ひじ,elbow,N2,N2_Group_5
ひとまず,ひとまず,"for the present, once, for the time being",N2,N2_Group_5
ひとりでに,ひとりでに,"by itself, automatically, naturally",N2,N2_Group_5
妥当,だとう,"proper, appropriate",N2,N2_Group_5
飽くまで,あくまで,"to the end, to the last, stubbornly",N2,N2_Group_5
襖,ふすま,sliding screen,N2,N2_Group_5
～船,～せん,counter for ships,N2,N2_Group_5
蓋,ふた,"cover, lid, cap",N2,N2_Group_5
清い,きよい,"clear, pure, noble",N2,N2_Group_5
ぶつぶつ,ぶつぶつ,"grumbling, complaining in a small voice",N2,N2_Group_5
麓,ふもと,"the foot, the bottom, the base (of a mountain)",N2,N2_Group_5
当てはまる,あてはまる,"to be applicable, to come under (a category)",N2,N2_Group_5
箒,ほうき,broom,N2,N2_Group_5
区域,くいき,"zone, district, area",N2,N2_Group_5
盆,ぼん,Festival of the Dead; tray,N2,N2_Group_5
～戦,～せん,"counter for games, matches",N2,N2_Group_5
まごまご,まごまご,"confused, be at a loss",N2,N2_Group_5
マスク,マスク,mask,N2,N2_Group_5
あふれる,あふれる,"to flood, to overflow",N2,N2_Group_5
間も無く,まもなく,"soon, in a short time",N2,N2_Group_5
岬,みさき,cape (on coast),N2,N2_Group_5
ミシン,ミシン,sewing machine,N2,N2_Group_5
姪,めい,niece,N2,N2_Group_5
餅,もち,sticky rice cake,N2,N2_Group_5
前～,ぜん～,"former, late ~, past ~",N2,N2_Group_5
受け持つ,うけもつ,to take (be in) charge of,N2,N2_Group_5
やたらに,やたらに,"randomly, recklessly, blindly",N2,N2_Group_5
やっぱり,やっぱり,"after all, anyway",N2,N2_Group_5
突き当たり,つきあたり,"end (e.g., of street)",N2,N2_Group_5
綱,つな,rope,N2,N2_Group_5
爪,つめ,fingernail or toenail,N2,N2_Group_5
艶,つや,"gloss, glaze",N2,N2_Group_5
売り切れる,うりきれる,to be sold out,N2,N2_Group_5
出来上がり,できあがり,"be finished, ready",N2,N2_Group_5
～前,～ぜん,before ~,N2,N2_Group_5
でたらめ,でたらめ,"irresponsible utterance, nonsense; random",N2,N2_Group_5
就任,しゅうにん,"inauguration, assumption of office",N2,N2_Group_5
周辺,しゅうへん,"circumference, peripheral",N2,N2_Group_5
重量,じゅうりょう,heavyweight,N2,N2_Group_5
追いかける,おいかける,to chase or run after someone,N2,N2_Group_5
重力,じゅうりょく,gravity,N2,N2_Group_5
熟語,じゅくご,"idiom, kanji compound",N2,N2_Group_5
受験,じゅけん,taking an examination,N2,N2_Group_5
総～,そう～,"gross, general, entire",N2,N2_Group_5
主語,しゅご,(gram) subject,N2,N2_Group_5
主人,しゅじん,(one's own) husband,N2,N2_Group_5
溶け込む,とけこむ,to melt into; to become a part of,N2,N2_Group_5
出張,しゅっちょう,"official tour, business trip",N2,N2_Group_5
主役,しゅやく,leading part,N2,N2_Group_5
循環,じゅんかん,"circulation, rotation, cycle",N2,N2_Group_5
巡査,じゅんさ,policeman,N2,N2_Group_5
順々,じゅんじゅん,"in order, in turn",N2,N2_Group_5
～艘,～そう,counter for ships,N2,N2_Group_5
取り入れる,とりいれる,"to harvest, to take in, to adopt",N2,N2_Group_5
順序,じゅんじょ,"order, sequence, procedure",N2,N2_Group_5
純粋,じゅんすい,"pure, genuine, unmixed",N2,N2_Group_5
消化,しょうか,digestion,N2,N2_Group_5
将棋,しょうぎ,Japanese chess,N2,N2_Group_5
蒸気,じょうき,"steam, vapor",N2,N2_Group_5
定規,じょうぎ,(measuring) ruler,N2,N2_Group_5
取り出す,とりだす,"to take out, to pick out",N2,N2_Group_5
商業,しょうぎょう,"commerce, trade, business",N2,N2_Group_5
～足,～そく,counter for shoes,N2,N2_Group_5
賞金,しょうきん,"prize, monetary award",N2,N2_Group_5
小数,しょうすう,"fraction (part of), decimal",N2,N2_Group_5
商店,しょうてん,"shop, business firm",N2,N2_Group_5
焦点,しょうてん,"focus, point",N2,N2_Group_5
話し掛ける,はなしかける,"to accost a person, to talk (to someone)",N2,N2_Group_5
消毒,しょうどく,disinfection,N2,N2_Group_5
蒸発,じょうはつ,evaporation; unexplained disappearance,N2,N2_Group_5
小便,しょうべん,"(col) urine, piss",N2,N2_Group_5
第～,だい～,~th,N2,N2_Group_5
正味,しょうみ,net (weight),N2,N2_Group_5
正面,しょうめん,front,N2,N2_Group_5
払い込む,はらいこむ,"to deposit, to pay in",N2,N2_Group_5
消耗,しょうもう,"exhaustion, consumption",N2,N2_Group_5
初級,しょきゅう,elementary level,N2,N2_Group_5
食塩,しょくえん,table salt,N2,N2_Group_5
職人,しょくにん,"artisan, craftsman",N2,N2_Group_5
書籍,しょせき,"book, publication",N2,N2_Group_5
～団,～だん,"group, corps, party",N2,N2_Group_5
払い戻す,はらいもどす,"to repay, to pay back",N2,N2_Group_5
食器,しょっき,tableware,N2,N2_Group_5
書店,しょてん,bookshop,N2,N2_Group_5
初歩,しょほ,"elements, rudiments",N2,N2_Group_5
私立,しりつ,private (establishment),N2,N2_Group_5
資料,しりょう,"materials, data",N2,N2_Group_5
素人,しろうと,"layman, amateur, novice",N2,N2_Group_5
張り切る,はりきる,"to be in high spirits, to be full of vigor",N2,N2_Group_5
真空,しんくう,vacuum,N2,N2_Group_5
申請,しんせい,"application, request, petition",N2,N2_Group_5
人造,じんぞう,"man-made, synthetic, artificial",N2,N2_Group_5
寝台,しんだい,bed,N2,N2_Group_5
診断,しんだん,diagnosis,N2,N2_Group_5
侵入,しんにゅう,"invasion, raid, trespass",N2,N2_Group_5
引き返す,ひきかえす,"to turn back, to go back, reverse",N2,N2_Group_5
深夜,しんや,late at night,N2,N2_Group_5
森林,しんりん,"forest, woods",N2,N2_Group_5
親類,しんるい,relative(s) (same as 親戚 (しんせき)),N2,N2_Group_5
針路,しんろ,"course, direction",N2,N2_Group_5
水産,すいさん,"marine products, fisheries",N2,N2_Group_5
炊事,すいじ,cooking,N2,N2_Group_5
引き出す,ひきだす,"to pull out, to take out, to withdraw",N2,N2_Group_5
水素,すいそ,hydrogen,N2,N2_Group_5
推定,すいてい,"presumption, assumption, estimation",N2,N2_Group_5
水分,すいぶん,moisture,N2,N2_Group_5
水平,すいへい,"level, horizontal",N2,N2_Group_5
図鑑,ずかん,picture book,N2,N2_Group_5
スクール,スクール,school,N2,N2_Group_5
引き止める,ひきとめる,"to keep back, to prevent, to hold back",N2,N2_Group_5
図形,ずけい,figure,N2,N2_Group_5
ストップ,ストップ,stop,N2,N2_Group_5
スピーカー,スピーカー,speaker,N2,N2_Group_5
図表,ずひょう,"chart, diagram, graph",N2,N2_Group_5
相撲,すもう,sumo wrestling,N2,N2_Group_5
狡い,ずるい,"sly, cunning",N2,N2_Group_5
ぶらさげる,ぶらさげる,"to hang, to suspend, to swing",N2,N2_Group_5
寸法,すんぽう,"measurement, size, dimension",N2,N2_Group_5
税関,ぜいかん,customs,N2,N2_Group_6
クリーニング,クリーニング,"cleaning, dry cleaning, laundry service",N2,N2_Group_6
製作,せいさく,"manufacture, production",N2,N2_Group_6
どっと,どっと,suddenly,N2,N2_Group_6
整数,せいすう,integer,N2,N2_Group_6
厳重,げんじゅう,"strict, severe, firm",N2,N2_Group_6
待ち合わせる,まちあわせる,"to rendezvous, to meet at a prearranged place and time",N2,N2_Group_6
生存,せいぞん,"existence, being, survival",N2,N2_Group_6
～下,～か,under ~,N2,N2_Group_6
政党,せいとう,(member of) political party,N2,N2_Group_6
臨時,りんじ,"temporary, special, extraordinary",N2,N2_Group_6
性能,せいのう,"ability, capability",N2,N2_Group_6
残らず,のこらず,"completely, without exception",N2,N2_Group_6
見下ろす,みおろす,"to overlook, to look down on something",N2,N2_Group_6
整備,せいび,"maintenance, overhaul",N2,N2_Group_6
荒い,あらい,"rough, rude, wild",N2,N2_Group_6
正門,せいもん,"main gate, main entrance",N2,N2_Group_6
～化,～か,action of making something,N2,N2_Group_6
成立,せいりつ,"formation, establishment, completion",N2,N2_Group_6
粗い,あらい,"coarse, rough",N2,N2_Group_6
見慣れる,みなれる,"to become used to seeing, to be familiar with",N2,N2_Group_6
赤道,せきどう,equator,N2,N2_Group_6
思いっ切り,おもいっきり,"very, much, fully",N2,N2_Group_6
台詞,せりふ,"speech, words, one's lines, remarks",N2,N2_Group_6
特殊,とくしゅ,"special, unique",N2,N2_Group_6
前後,ぜんご,"front and back, before and after",N2,N2_Group_6
～歌,～か,song of ~,N2,N2_Group_6
やっつける,やっつける,"to attack (an enemy), to beat, to finish off",N2,N2_Group_6
専制,せんせい,"despotism, autocracy",N2,N2_Group_6
特定,とくてい,"specific, special, particular",N2,N2_Group_6
先祖,せんぞ,ancestor,N2,N2_Group_6
全般,ぜんぱん,"(the) whole, general",N2,N2_Group_6
洗面,せんめん,"wash up (one's face), have a wash",N2,N2_Group_6
特売,とくばい,special sale,N2,N2_Group_6
呼び掛ける,よびかける,"to call out to, to accost, to address (crowd), to appeal",N2,N2_Group_6
線路,せんろ,"line, track, roadbed",N2,N2_Group_6
～画,～が,"picture, painting",N2,N2_Group_6
相違,そうい,"difference, discrepancy, variation",N2,N2_Group_6
平気,へいき,"coolness, calmness, unconcern",N2,N2_Group_6
増減,ぞうげん,"increase and decrease, fluctuation",N2,N2_Group_6
相互,そうご,"mutual, reciprocal",N2,N2_Group_6
呼び出す,よびだす,"to summon, to call (e.g., phone)",N2,N2_Group_6
葬式,そうしき,funeral,N2,N2_Group_6
醜い,みにくい,ugly,N2,N2_Group_6
造船,ぞうせん,shipbuilding,N2,N2_Group_6
外～,がい～,"foreign ~, outside ~",N2,N2_Group_6
送料,そうりょう,"postage, carriage",N2,N2_Group_6
続々,ぞくぞく,"successively, one after another",N2,N2_Group_6
近付ける,ちかづける,"to bring near, to put close, to let come near",N2,N2_Group_6
測定,そくてい,measurement,N2,N2_Group_6
測量,そくりょう,"measurement, surveying",N2,N2_Group_6
速力,そくりょく,speed,N2,N2_Group_6
素質,そしつ,"talent, capability",N2,N2_Group_6
祖先,そせん,ancestor(s),N2,N2_Group_6
～外,～がい,out of ~,N2,N2_Group_6
散らかす,ちらかす,"to scatter around, to leave untidy",N2,N2_Group_6
算盤,そろばん,abacus,N2,N2_Group_6
田ぼ,たんぼ,"paddy field, farm",N2,N2_Group_6
体系,たいけい,"system, organization",N2,N2_Group_6
太鼓,たいこ,"drum, tambourine",N2,N2_Group_6
対策,たいさく,"counter-plan, counter-measure",N2,N2_Group_6
大小,だいしょう,size,N2,N2_Group_6
突き当たる,つきあたる,"to run into, to collide with",N2,N2_Group_6
体制,たいせい,"order, system, structure",N2,N2_Group_6
～間,～かん,"between, during",N2,N2_Group_6
体操,たいそう,"gymnastics, physical exercises, calisthenics",N2,N2_Group_6
大木,たいぼく,large tree,N2,N2_Group_6
楕円,だえん,ellipse,N2,N2_Group_6
但し,ただし,"but, however, provided that",N2,N2_Group_6
出来上がる,できあがる,"to be finished, to be ready",N2,N2_Group_6
脱線,だっせん,"derailment, digression",N2,N2_Group_6
溜息,ためいき,a sigh,N2,N2_Group_6
大凡,おおよそ,"about, approximately",N2,N2_Group_6
～巻,～かん,volume,N2,N2_Group_6
親指,おやゆび,thumb,N2,N2_Group_6
恩恵,おんけい,"blessing, benefit",N2,N2_Group_6
涼む,すずむ,"to cool oneself, to cool off",N2,N2_Group_6
温帯,おんたい,temperate zone,N2,N2_Group_6
御中,おんちゅう,Messrs.,N2,N2_Group_6
改札,かいさつ,examination of tickets,N2,N2_Group_6
解説,かいせつ,"explanation, commentary",N2,N2_Group_6
改造,かいぞう,remodeling,N2,N2_Group_6
～期,～き,"~age, ~period",N2,N2_Group_6
迫る,せまる,"to draw near, to press",N2,N2_Group_6
回転,かいてん,"rotation, turning",N2,N2_Group_6
外部,がいぶ,"the outside, external",N2,N2_Group_6
解放,かいほう,"release, liberation, emancipation",N2,N2_Group_6
海洋,かいよう,ocean,N2,N2_Group_6
概論,がいろん,"introduction, general remark",N2,N2_Group_6
書取,かきとり,dictation,N2,N2_Group_6
剃る,そる,to shave,N2,N2_Group_6
垣根,かきね,hedge,N2,N2_Group_6
～器,～き,"device, equipment",N2,N2_Group_6
限り,かぎり,"limit(s), as far as possible",N2,N2_Group_6
架空,かくう,"imaginary, fiction, fanciful",N2,N2_Group_6
各自,かくじ,"individual, each",N2,N2_Group_6
拡充,かくじゅう,expansion,N2,N2_Group_6
足る,たる,"to be sufficient, to be enough",N2,N2_Group_6
拡張,かくちょう,"expansion, extension",N2,N2_Group_6
角度,かくど,angle,N2,N2_Group_6
格別,かくべつ,exceptional,N2,N2_Group_6
～機,～き,machine,N2,N2_Group_6
確率,かくりつ,probability,N2,N2_Group_6
火口,かこう,crater (of a volcano),N2,N2_Group_6
拝む,おがむ,"to worship, to pray",N2,N2_Group_6
火山,かざん,volcano,N2,N2_Group_6
果実,かじつ,fruit,N2,N2_Group_6
貸間,かしま,room to let,N2,N2_Group_6
過剰,かじょう,"excess, over-",N2,N2_Group_6
課税,かぜい,taxation,N2,N2_Group_6
～教,～きょう,religion,N2,N2_Group_6
補う,おぎなう,to compensate for,N2,N2_Group_6
下線,かせん,"underline, underscore",N2,N2_Group_6
加速,かそく,acceleration,N2,N2_Group_6
学科,がっか,"study subject, course of study",N2,N2_Group_6
学会,がっかい,academic conference,N2,N2_Group_6
学級,がっきゅう,class,N2,N2_Group_6
括弧,かっこ,"parenthesis, brackets",N2,N2_Group_6
怠る,おこたる,"to neglect, to fail",N2,N2_Group_6
活字,かつじ,printing type,N2,N2_Group_6
活力,かつりょく,"vitality, energy",N2,N2_Group_6
仮名,かな,kana,N2,N2_Group_6
紙屑,かみくず,wastepaper,N2,N2_Group_6
剃刀,かみそり,razor,N2,N2_Group_6
換気,かんき,ventilation,N2,N2_Group_6
傾く,かたむく,"to incline toward, to slant, to lurch",N2,N2_Group_6
感激,かんげき,"deep emotion, impression, inspiration",N2,N2_Group_6
関西,かんさい,"south-western half of Japan, including Osaka",N2,N2_Group_6
鑑賞,かんしょう,appreciation,N2,N2_Group_6
間接,かんせつ,"indirect, indirectness",N2,N2_Group_6
観測,かんそく,observation,N2,N2_Group_6
寒帯,かんたい,frigid zone,N2,N2_Group_6
刻む,きざむ,"to mince, to carve, to engrave",N2,N2_Group_6
関東,かんとう,"eastern half of Japan, including Tokyo",N2,N2_Group_6
観念,かんねん,"idea, notion; sense",N2,N2_Group_6
乾杯,かんぱい,Cheers! (a toast),N2,N2_Group_6
看板,かんばん,"sign, signboard",N2,N2_Group_6
看病,かんびょう,nursing (a patient),N2,N2_Group_6
漢和,かんわ,"Chinese Character-Japanese (e.g., dictionary)",N2,N2_Group_6
擦る,こする,"to rub, to chafe, to file, to frost (glass), to strike (match)",N2,N2_Group_6
気圧,きあつ,atmospheric pressure,N2,N2_Group_6
飢饉,ききん,famine,N2,N2_Group_6
器具,きぐ,instrument,N2,N2_Group_6
記号,きごう,"symbol, code",N2,N2_Group_6
儀式,ぎしき,"ceremony, rite, ritual",N2,N2_Group_6
起床,きしょう,"rising, getting out of bed",N2,N2_Group_6
探る,さぐる,"to search, to look for, investigate",N2,N2_Group_6
基礎,きそ,"foundation, basis",N2,N2_Group_6
基地,きち,base,N2,N2_Group_7
名物,めいぶつ,"famous product, special product, speciality",N2,N2_Group_7
基盤,きばん,"foundation, basis",N2,N2_Group_7
かしこまりました,かしこまりました,Certainly,N2,N2_Group_7
客間,きゃくま,"parlor, guest room",N2,N2_Group_7
余計,よけい,"too much, unnecessary, abundance, surplus, excess, superfluity",N2,N2_Group_7
囁く,ささやく,"to whisper, to murmur",N2,N2_Group_7
休講,きゅうこう,lecture canceled,N2,N2_Group_7
～行,～ぎょう,"line, row",N2,N2_Group_7
給与,きゅうよ,salary,N2,N2_Group_7
乱暴,らんぼう,"rude, violent, rough",N2,N2_Group_7
強化,きょうか,"strengthen, intensify, reinforce",N2,N2_Group_7
～きる,～きる,"nevertheless, to carry through",N2,N2_Group_7
縛る,しばる,"to tie, to bind",N2,N2_Group_7
境界,きょうかい,boundary,N2,N2_Group_7
団地,だんち,housing complex,N2,N2_Group_7
行事,ぎょうじ,"event, function",N2,N2_Group_7
～業,～ぎょう,type of business,N2,N2_Group_7
恐縮,きょうしゅく,sorry to trouble,N2,N2_Group_7
～色,～しょく,kind of color,N2,N2_Group_7
絞る,しぼる,"to press, to wring, to squeeze",N2,N2_Group_7
行列,ぎょうれつ,"line, procession; matrix (math)",N2,N2_Group_7
さっさと,さっさと,quickly,N2,N2_Group_7
漁業,ぎょぎょう,fishing (industry),N2,N2_Group_7
惜しい,おしい,"regrettable, disappointing",N2,N2_Group_7
曲線,きょくせん,curve,N2,N2_Group_7
空～,くう～,empty ~,N2,N2_Group_7
略す,りゃくす,to abbreviate,N2,N2_Group_7
偶数,ぐうすう,even number,N2,N2_Group_7
落し物,おとしもの,lost property,N2,N2_Group_7
空中,くうちゅう,"sky, air",N2,N2_Group_7
クーラー,クーラー,air conditioner,N2,N2_Group_7
苦情,くじょう,"complaint, grievance, grumble",N2,N2_Group_7
重たい,おもたい,"heavy, massive, serious",N2,N2_Group_7
扇ぐ,あおぐ,"to fan, to flap",N2,N2_Group_7
苦心,くしん,"pain, trouble",N2,N2_Group_7
～形,～けい,shape of ~,N2,N2_Group_7
薬指,くすりゆび,ring finger,N2,N2_Group_7
くどい,くどい,"verbose, importunate, heavy (taste)",N2,N2_Group_7
口紅,くちべに,lipstick,N2,N2_Group_7
工夫,くふう,"device, artifice, ingenuity",N2,N2_Group_7
余る,あまる,"to be left over, to be in excess",N2,N2_Group_7
区分,くぶん,"division, section, classification",N2,N2_Group_7
険しい,けわしい,"steep, rugged; severe",N2,N2_Group_7
敬語,けいご,"honorific language (lit., respect language)",N2,N2_Group_7
～系,～けい,"~ system, ~ lineage, ~ group",N2,N2_Group_7
形式,けいしき,"form, formality, format",N2,N2_Group_7
継続,けいぞく,continuation,N2,N2_Group_7
編む,あむ,to knit,N2,N2_Group_7
毛糸,けいと,knitting wool,N2,N2_Group_7
系統,けいとう,"system, genealogy",N2,N2_Group_7
競馬,けいば,horse racing,N2,N2_Group_7
警備,けいび,"defense, guard, policing, security",N2,N2_Group_7
外科,げか,surgical department,N2,N2_Group_7
～圏,～けん,"bloc, sphere, area",N2,N2_Group_7
煎る,いる,to roast,N2,N2_Group_7
毛皮,けがわ,"fur, skin, pelt",N2,N2_Group_7
激増,げきぞう,sudden increase,N2,N2_Group_7
下車,げしゃ,"alighting, getting off",N2,N2_Group_7
血圧,けつあつ,blood pressure,N2,N2_Group_7
気配,けはい,"indication, sign, hint",N2,N2_Group_7
下品,げひん,"vulgar, indecent, coarse",N2,N2_Group_7
炒る,いる,"to parch, to roast",N2,N2_Group_7
煙い,けむい,smoky,N2,N2_Group_7
現～,げん～,"present, incumbent",N2,N2_Group_7
見学,けんがく,"tour, study by observation",N2,N2_Group_7
謙虚,けんきょ,"modesty, humble",N2,N2_Group_7
原稿,げんこう,"manuscript, copy",N2,N2_Group_7
原始,げんし,"origin, primeval",N2,N2_Group_7
浮く,うく,to float,N2,N2_Group_7
謙遜,けんそん,"humble, humility, modesty",N2,N2_Group_7
県庁,けんちょう,prefectural office,N2,N2_Group_7
限度,げんど,"limit, bounds",N2,N2_Group_7
～港,～こう,~ port,N2,N2_Group_7
懸命,けんめい,"eagerness, strenuous",N2,N2_Group_7
原理,げんり,"principle, theory, fundamental truth",N2,N2_Group_7
敬う,うやまう,"to show respect, to honor",N2,N2_Group_7
原料,げんりょう,raw materials,N2,N2_Group_7
強引,ごういん,"forcible, assertive, pushy",N2,N2_Group_7
公害,こうがい,"public nuisance, pollution",N2,N2_Group_7
公共,こうきょう,"public, community, communal",N2,N2_Group_7
工芸,こうげい,industrial arts,N2,N2_Group_7
～国,～こく,nation of ~,N2,N2_Group_7
恨む,うらむ,"to curse, to feel bitter",N2,N2_Group_7
孝行,こうこう,filial piety,N2,N2_Group_7
交差,こうさ,cross,N2,N2_Group_7
講師,こうし,lecturer,N2,N2_Group_7
公式,こうしき,"formula, formality, official",N2,N2_Group_7
公衆,こうしゅう,the public,N2,N2_Group_7
香水,こうすい,perfume,N2,N2_Group_7
羨む,うらやむ,to envy,N2,N2_Group_7
功績,こうせき,"achievements, merit",N2,N2_Group_7
今～,こん～,"this, current",N2,N2_Group_7
光線,こうせん,"beam, light ray",N2,N2_Group_7
構造,こうぞう,"structure, construction",N2,N2_Group_7
耕地,こうち,arable land,N2,N2_Group_7
高度,こうど,"altitude, height; advanced",N2,N2_Group_7
匂う,におう,"to be fragrant, to smell",N2,N2_Group_7
合同,ごうどう,"combination, incorporation",N2,N2_Group_7
公表,こうひょう,"official announcement, proclamation",N2,N2_Group_7
鉱物,こうぶつ,mineral,N2,N2_Group_7
再～,さい～,re ~,N2,N2_Group_7
公務,こうむ,"official business, public business",N2,N2_Group_7
項目,こうもく,item,N2,N2_Group_7
憎む,にくむ,"to hate, to detest",N2,N2_Group_7
合理,ごうり,rational,N2,N2_Group_7
合流,ごうりゅう,"confluence, merge, join",N2,N2_Group_7
効力,こうりょく,"effect, efficacy",N2,N2_Group_7
国王,こくおう,king,N2,N2_Group_7
国立,こくりつ,national,N2,N2_Group_7
最～,さい～,the most ~,N2,N2_Group_7
縫う,ぬう,to sew,N2,N2_Group_7
個体,こたい,an individual,N2,N2_Group_7
古典,こてん,"classics, classic",N2,N2_Group_7
小指,こゆび,little finger,N2,N2_Group_7
御覧,ごらん,"(hon.) look, inspection, try",N2,N2_Group_7
混合,こんごう,"mixing, mixture",N2,N2_Group_7
コンセント,コンセント,consent; power outlet,N2,N2_Group_7
捩る,ねじる,to twist,N2,N2_Group_7
献立,こんだて,menu,N2,N2_Group_7
サークル,サークル,"circle, sports club (e.g., at a company)",N2,N2_Group_7
催促,さいそく,"demand, urge (action), press for",N2,N2_Group_7
採点,さいてん,"marking, grading",N2,N2_Group_7
災難,さいなん,"calamity, misfortune",N2,N2_Group_7
材木,ざいもく,"lumber, timber",N2,N2_Group_7
狙う,ねらう,to aim at,N2,N2_Group_7
酒場,さかば,"bar, bar-room",N2,N2_Group_7
索引,さくいん,"index, indices",N2,N2_Group_7
作者,さくしゃ,"author, artist",N2,N2_Group_7
削除,さくじょ,"elimination, deletion",N2,N2_Group_7
作製,さくせい,"manufacture, production",N2,N2_Group_7
座敷,ざしき,tatami room,N2,N2_Group_7
這う,はう,"to creep, to crawl",N2,N2_Group_7
刺身,さしみ,sliced raw fish,N2,N2_Group_7
流石,さすが,"indeed, truly, as one would expect",N2,N2_Group_7
雑音,ざつおん,"noise (jarring, grating)",N2,N2_Group_7
サラリーマン,サラリーマン,salaryman; company employee,N2,N2_Group_7
三角,さんかく,"triangle, triangular",N2,N2_Group_7
算数,さんすう,arithmetic,N2,N2_Group_7
剥す,はがす,"to tear off, to peel off, to rip off",N2,N2_Group_7
産地,さんち,producing area,N2,N2_Group_7
山林,さんりん,mountain forest,N2,N2_Group_7
寺院,じいん,temple,N2,N2_Group_7
自衛,じえい,self-defense,N2,N2_Group_7
磁石,じしゃく,magnet,N2,N2_Group_7
自習,じしゅう,self-study,N2,N2_Group_7
捻る,ひねる,"to twist, to turn",N2,N2_Group_7
姿勢,しせい,attitude; posture,N2,N2_Group_7
時速,じそく,speed (per hour),N2,N2_Group_8
しいんと (する),しいんと (する),"silent (as the grave), (deathly) quiet",N2,N2_Group_8
死体,したい,corpse,N2,N2_Group_8
なんとも,なんとも,"nothing (with neg. verb), quite, not a bit",N2,N2_Group_8
湿気,しっき,"moisture, humidity, dampness",N2,N2_Group_8
塩辛い,しおからい,salty (taste),N2,N2_Group_8
響く,ひびく,to resound; to affect,N2,N2_Group_8
執筆,しっぴつ,writing,N2,N2_Group_8
～産,～さん,made in ~,N2,N2_Group_8
実物,じつぶつ,an actual thing,N2,N2_Group_8
四角い,しかくい,square,N2,N2_Group_8
実例,じつれい,"example, instance",N2,N2_Group_8
もしかしたら,もしかしたら,"perhaps, maybe, by some chance",N2,N2_Group_8
凹む,へこむ,"to be dented, to be indented",N2,N2_Group_8
指定,してい,"designation, specification, assignment",N2,N2_Group_8
青白い,あおじろい,pale,N2,N2_Group_8
地盤,じばん,(the) ground,N2,N2_Group_8
～史,～し,history of ~,N2,N2_Group_8
締切,しめきり,deadline,N2,N2_Group_8
有難い,ありがたい,"grateful, thankful, appreciated",N2,N2_Group_8
掘る,ほる,"to dig, to excavate",N2,N2_Group_8
地面,じめん,"ground, earth's surface",N2,N2_Group_8
各～,かく～,"every ~, each ~",N2,N2_Group_8
蛇口,じゃぐち,"faucet, tap",N2,N2_Group_8
薄暗い,うすぐらい,"dim, gloomy",N2,N2_Group_8
車庫,しゃこ,"garage, car shed",N2,N2_Group_8
室～,しつ～,room,N2,N2_Group_8
彫る,ほる,"to carve, to chisel",N2,N2_Group_8
社説,しゃせつ,editorial,N2,N2_Group_8
～園,～えん,~ garden (especially man made),N2,N2_Group_8
車輪,しゃりん,(car) wheel,N2,N2_Group_8
洒落,しゃれ,"joke, pun, witticism",N2,N2_Group_8
集合,しゅうごう,"gathering, assembly",N2,N2_Group_8
話合い,はなしあい,"discussion, talk",N2,N2_Group_8
祭る,まつる,"to deify, to enshrine",N2,N2_Group_8
習字,しゅうじ,penmanship,N2,N2_Group_8
～室,～しつ,counter for room,N2,N2_Group_8
流域,りゅういき,(river) basin,N2,N2_Group_8
めまい,めまい,"dizziness, giddiness",N2,N2_Group_8
両側,りょうがわ,both sides,N2,N2_Group_8
漁師,りょうし,fisherman,N2,N2_Group_8
実る,みのる,"to bear fruit, to ripen",N2,N2_Group_8
領事,りょうじ,consul,N2,N2_Group_8
幼稚園,ようちえん,kindergarten,N2,N2_Group_8
領収,りょうしゅう,"receipt, voucher",N2,N2_Group_8
～車,～しゃ,~ car,N2,N2_Group_8
零点,れいてん,"zero, no marks",N2,N2_Group_8
レインコート,レインコート,raincoat,N2,N2_Group_8
潜る,もぐる,"to drive, to pass through; to evade, to hide",N2,N2_Group_8
レクリェーション,レクリェーション,recreation,N2,N2_Group_8
列島,れっとう,chain of islands,N2,N2_Group_8
煉瓦,れんが,brick,N2,N2_Group_8
録音,ろくおん,(audio) recording,N2,N2_Group_8
和英,わえい,Japanese-English,N2,N2_Group_8
～集,～しゅう,collection of ~,N2,N2_Group_8
揉む,もむ,"to rub, to crumple (up), to wrinkle",N2,N2_Group_8
和服,わふく,Japanese clothes,N2,N2_Group_8
割算,わりざん,division (math),N2,N2_Group_8
割と,わりと,"relatively, comparatively",N2,N2_Group_8
割引,わりびき,discount,N2,N2_Group_8
足跡,あしあと,footprint,N2,N2_Group_8
足元,あしもと,at one's feet,N2,N2_Group_8
破く,やぶく,to tear,N2,N2_Group_8
圧縮,あっしゅく,"compression, condensation, pressure",N2,N2_Group_8
重～,じゅう～,heavy ~,N2,N2_Group_8
宛名,あてな,"address, direction",N2,N2_Group_8
粗筋,あらすじ,"outline, synopsis",N2,N2_Group_8
幾分,いくぶん,somewhat,N2,N2_Group_8
以後,いご,after this; from now on; hereafter,N2,N2_Group_8
蘇る,よみがえる,"to be resurrected, to be revived",N2,N2_Group_8
以降,いこう,"on and after, hereafter",N2,N2_Group_8
一流,いちりゅう,"first class, leading",N2,N2_Group_8
一旦,いったん,"once, for a moment",N2,N2_Group_8
両～,りょう～,both ~,N2,N2_Group_8
一定,いってい,"fixed, settled, regular",N2,N2_Group_8
移転,いてん,"moving, transfer",N2,N2_Group_8
慶ぶ,よろこぶ,"to be delighted, to be glad",N2,N2_Group_8
緯度,いど,latitude (navigation),N2,N2_Group_8
引力,いんりょく,gravity,N2,N2_Group_8
ウエートレス,ウエートレス,waitress,N2,N2_Group_8
植木,うえき,"garden shrubs, trees, potted plant",N2,N2_Group_8
受取,うけとり,receipt,N2,N2_Group_8
～料,～りょう,"fare, charge",N2,N2_Group_8
縮む,ちぢむ,"to shrink, to be contracted",N2,N2_Group_8
恨み,うらみ,resentment,N2,N2_Group_8
英文,えいぶん,sentence in English,N2,N2_Group_8
英和,えいわ,"English-Japanese (e.g., dictionary)",N2,N2_Group_8
液体,えきたい,"liquid, fluid",N2,N2_Group_8
宴会,えんかい,"party, banquet",N2,N2_Group_8
円周,えんしゅう,circumference,N2,N2_Group_8
潰す,つぶす,"to smash, to waste",N2,N2_Group_8
遠足,えんそく,"trip, hike, picnic",N2,N2_Group_8
～領,～りょう,territory,N2,N2_Group_8
煙突,えんとつ,chimney,N2,N2_Group_8
王女,おうじょ,princess,N2,N2_Group_8
応接,おうせつ,reception,N2,N2_Group_8
応対,おうたい,"receiving, dealing with",N2,N2_Group_8
吊る,つる,to hang,N2,N2_Group_8
欧米,おうべい,"Europe and America, the West",N2,N2_Group_8
電波,でんぱ,electro-magnetic wave,N2,N2_Group_8
電流,でんりゅう,electric current,N2,N2_Group_8
～論,～ろん,theory,N2,N2_Group_8
統一,とういつ,"unity, consolidation, uniformity",N2,N2_Group_8
統計,とうけい,"scattering, a scatter, dispersion",N2,N2_Group_8
吊す,つるす,to hang,N2,N2_Group_8
動作,どうさ,"action, movements, motions",N2,N2_Group_8
登場,とうじょう,entry (on stage),N2,N2_Group_8
盗難,とうなん,"theft, robbery",N2,N2_Group_8
当番,とうばん,being on duty,N2,N2_Group_8
等分,とうぶん,division into equal parts,N2,N2_Group_8
和～,わ～,Japanese style,N2,N2_Group_8
照る,てる,to shine,N2,N2_Group_8
灯油,とうゆ,"lamp oil, kerosene",N2,N2_Group_8
童話,どうわ,fairy tale,N2,N2_Group_8
所々,ところどころ,"here and there, some parts (of something)",N2,N2_Group_8
戸棚,とだな,"cupboard, cabinet",N2,N2_Group_8
内科,ないか,"internist clinic, internal medicine",N2,N2_Group_8
内線,ないせん,phone extension,N2,N2_Group_8
信ずる,しんずる,to believe,N2,N2_Group_8
中指,なかゆび,middle finger,N2,N2_Group_8
謎謎,なぞなぞ,riddle,N2,N2_Group_8
何々,なになに,"such and such, What?",N2,N2_Group_8
並木,なみき,"roadside tree, row of trees",N2,N2_Group_8
南極,なんきょく,"south pole, Antarctic",N2,N2_Group_8
南米,なんべい,South America,N2,N2_Group_8
蓄える,たくわえる,"to save, to store, to lay in stock",N2,N2_Group_8
南北,なんぼく,south and north,N2,N2_Group_8
憎い,にくい,"hateful, abominable, detestable",N2,N2_Group_8
日程,にってい,schedule,N2,N2_Group_8
女房,にょうぼう,wife,N2,N2_Group_8
ねじ,ねじ,(a) screw,N2,N2_Group_8
狙い,ねらい,aim,N2,N2_Group_8
係わる,かかわる,"to concern oneself in, to be involved in",N2,N2_Group_8
農村,のうそん,agricultural community,N2,N2_Group_8
農薬,のうやく,agricultural chemicals,N2,N2_Group_8
能率,のうりつ,efficiency,N2,N2_Group_8
灰色,はいいろ,"grey, ashen",N2,N2_Group_8
俳句,はいく,haiku poetry,N2,N2_Group_8
歯車,はぐるま,"gear, cog-wheel",N2,N2_Group_8
かじる,かじる,"to chew, to bite (at)",N2,N2_Group_8
梯子,はしご,"ladder, stairs",N2,N2_Group_8
発売,はつばい,sale,N2,N2_Group_8
花嫁,はなよめ,bride,N2,N2_Group_8
ばね,ばね,"spring (e.g., coil, leaf)",N2,N2_Group_8
破片,はへん,"fragment, broken piece",N2,N2_Group_8
針金,はりがね,wire,N2,N2_Group_8
片寄る,かたよる,"to be one-sided, to incline, to be partial",N2,N2_Group_8
反映,はんえい,"reflection, influence",N2,N2_Group_8
半径,はんけい,radius,N2,N2_Group_9
茶色い,ちゃいろい,brown,N2,N2_Group_9
判事,はんじ,"judge, justice",N2,N2_Group_9
～毎,～ごと,"every ~, each ~",N2,N2_Group_9
半島,はんとう,peninsula,N2,N2_Group_9
手洗い,てあらい,"restroom, lavatory",N2,N2_Group_9
兼ねる,かねる,to simultaneously serve two or more functions,N2,N2_Group_9
ハンドル,ハンドル,"handle, steering wheel",N2,N2_Group_9
～羽,～わ,counter for rabbits; birds,N2,N2_Group_9
引算,ひきざん,subtraction,N2,N2_Group_9
しょうがない,しょうがない,It is not worth ~,N2,N2_Group_9
卑怯,ひきょう,"cowardice, meanness, unfairness",N2,N2_Group_9
毎～,まい～,every ~,N2,N2_Group_9
被せる,かぶせる,to cover (with something),N2,N2_Group_9
陽射,ひざし,"sunlight, rays of the sun",N2,N2_Group_9
図々しい,ずうずうしい,"impudent, shameless",N2,N2_Group_9
筆記,ひっき,"note taking, writing",N2,N2_Group_9
我～,わが～,our ~,N2,N2_Group_9
皮肉,ひにく,"cynicism, sarcasm",N2,N2_Group_9
すまない,すまない,sorry (phrase),N2,N2_Group_9
感ずる,かんずる,"to feel, to sense",N2,N2_Group_9
日日,ひにち,date,N2,N2_Group_9
未～,み～,not yet ~,N2,N2_Group_9
響き,ひびき,"echo, sound",N2,N2_Group_9
～沿い,～そい,along,N2,N2_Group_9
皮膚,ひふ,skin,N2,N2_Group_9
幾～,いく～,several ~,N2,N2_Group_9
区切る,くぎる,"to punctuate, to cut off, to mark off",N2,N2_Group_9
美容,びよう,beauty of figure or form,N2,N2_Group_9
騒々しい,そうぞうしい,"noisy, boisterous",N2,N2_Group_9
表紙,ひょうし,"front cover, binding",N2,N2_Group_9
標識,ひょうしき,"sign, mark",N2,N2_Group_9
標本,ひょうほん,"example, specimen",N2,N2_Group_9
そそっかしい,そそっかしい,"careless, thoughtless",N2,N2_Group_9
崩れる,くずれる,"to collapse, to crumble",N2,N2_Group_9
評論,ひょうろん,"criticism, critique",N2,N2_Group_9
上～,うわ～,upper ~,N2,N2_Group_9
広さ,ひろさ,extent,N2,N2_Group_9
頼もしい,たのもしい,"reliable, promising",N2,N2_Group_9
広場,ひろば,plaza,N2,N2_Group_9
広々,ひろびろ,"extensive, spacious",N2,N2_Group_9
悔やむ,くやむ,"to regret, to mourn",N2,N2_Group_9
便箋,びんせん,"writing paper, stationery",N2,N2_Group_9
思い掛けない,おもいがけない,"unexpected, casual",N2,N2_Group_9
瓶詰,びんづめ,"bottling, bottled",N2,N2_Group_9
御～,おん～,honorific ~,N2,N2_Group_9
ファスナー,ファスナー,"fastener, zipper",N2,N2_Group_9
付近,ふきん,"neighborhood, vicinity",N2,N2_Group_9
くるむ,くるむ,"to be enveloped by, to wrap up",N2,N2_Group_9
副詞,ふくし,adverb,N2,N2_Group_9
複写,ふくしゃ,"copy, duplicate",N2,N2_Group_9
複数,ふくすう,"plural, multiple",N2,N2_Group_9
符号,ふごう,"sign, mark, symbol",N2,N2_Group_9
夫妻,ふさい,"man and wife, married couple",N2,N2_Group_9
～頭,～とう,counter for animals,N2,N2_Group_9
焦がす,こがす,"to burn, to scorch",N2,N2_Group_9
武士,ぶし,"warrior, samurai",N2,N2_Group_9
部首,ぶしゅ,radical (of a kanji character),N2,N2_Group_9
船便,ふなびん,surface mail (ship),N2,N2_Group_9
部品,ぶひん,"parts, accessories",N2,N2_Group_9
吹雪,ふぶき,snow storm,N2,N2_Group_9
父母,ふぼ,"father and mother, parents",N2,N2_Group_9
焦げる,こげる,"to burn, to be burned",N2,N2_Group_9
ブラウス,ブラウス,blouse,N2,N2_Group_9
同～,どう～,same ~,N2,N2_Group_9
プリント,プリント,"print, handout",N2,N2_Group_9
噴火,ふんか,eruption,N2,N2_Group_9
分解,ぶんかい,"analysis, disassembly",N2,N2_Group_9
文芸,ぶんげい,"literature, art and literature",N2,N2_Group_9
転がす,ころがす,to roll,N2,N2_Group_9
文献,ぶんけん,"literature, books (reference)",N2,N2_Group_9
分数,ぶんすう,fraction (in math),N2,N2_Group_9
文体,ぶんたい,literary style,N2,N2_Group_9
～内,～ない,inside ~,N2,N2_Group_9
分布,ぶんぷ,distribution,N2,N2_Group_9
文脈,ぶんみゃく,context,N2,N2_Group_9
転がる,ころがる,"to roll, to tumble",N2,N2_Group_9
分量,ぶんりょう,"amount, quantity",N2,N2_Group_9
分類,ぶんるい,classification,N2,N2_Group_9
閉会,へいかい,closure,N2,N2_Group_9
平凡,へいぼん,"common, ordinary",N2,N2_Group_9
へそ,へそ,"navel, belly-button",N2,N2_Group_9
～泊,～はく,"counter for staying (e.g., 2 nights)",N2,N2_Group_9
(かさを～) さす,(かさを～) さす,to open; hold (an umbrella),N2,N2_Group_9
編集,へんしゅう,"editing, compilation, editorial (e.g., committee)",N2,N2_Group_9
便所,べんじょ,"toilet, lavatory",N2,N2_Group_9
方言,ほうげん,dialect,N2,N2_Group_9
防止,ぼうし,"prevention, check",N2,N2_Group_9
方針,ほうしん,"objective, plan, policy",N2,N2_Group_9
包帯,ほうたい,bandage,N2,N2_Group_9
妨げる,さまたげる,"to disturb, to prevent",N2,N2_Group_9
膨大,ぼうだい,"enormous, extensive",N2,N2_Group_9
～発,～はつ,counter for bullets,N2,N2_Group_9
包丁,ほうちょう,"kitchen knife, carving knife",N2,N2_Group_9
防犯,ぼうはん,prevention of crime,N2,N2_Group_9
方面,ほうめん,direction; area,N2,N2_Group_9
坊や,ぼうや,boy,N2,N2_Group_9
しぼむ,しぼむ,"to wither, to shrivel",N2,N2_Group_9
牧畜,ぼくちく,stock-farming,N2,N2_Group_9
募集,ぼしゅう,recruitment,N2,N2_Group_9
北極,ほっきょく,North Pole,N2,N2_Group_9
反～,はん～,"anti ~, counter ~",N2,N2_Group_9
盆地,ぼんち,"basin (e.g., between mountains)",N2,N2_Group_9
枚数,まいすう,the number of flat things,N2,N2_Group_9
論ずる,ろんずる,"to argue, to discuss",N2,N2_Group_9
摩擦,まさつ,friction; rubbing; chafe,N2,N2_Group_9
街角,まちかど,street corner,N2,N2_Group_9
マフラー,マフラー,a winter scarf,N2,N2_Group_9
マンション,マンション,"multistory apartment house, condominium",N2,N2_Group_9
満点,まんてん,perfect score,N2,N2_Group_9
非～,ひ～,"anti~, counter~, an~, non~",N2,N2_Group_9
詫びる,わびる,to apologize,N2,N2_Group_9
水着,みずぎ,bathing suit (woman's),N2,N2_Group_9
店屋,みせや,"store, shop",N2,N2_Group_9
道順,みちじゅん,"itinerary, route",N2,N2_Group_9
見本,みほん,sample,N2,N2_Group_9
未満,みまん,"less than, insufficient",N2,N2_Group_9
民間,みんかん,"private, civilian",N2,N2_Group_9
味わう,あじわう,"to taste, to savor",N2,N2_Group_9
民謡,みんよう,"folk song, popular song",N2,N2_Group_9
無限,むげん,infinite,N2,N2_Group_9
無地,むじ,plain,N2,N2_Group_9
矛盾,むじゅん,"contradiction, inconsistency",N2,N2_Group_9
無数,むすう,"countless number, infinite number",N2,N2_Group_9
群れ,むれ,"crowd, flock, herd",N2,N2_Group_9
暴れる,あばれる,"to act violently, to rage",N2,N2_Group_9
名作,めいさく,masterpiece,N2,N2_Group_9
迷信,めいしん,superstition,N2,N2_Group_9
銘々,めいめい,"each, individual",N2,N2_Group_9
目下,めした,"at present, now",N2,N2_Group_9
目印,めじるし,"mark, sign, landmark",N2,N2_Group_9
目安,めやす,"criterion, aim",N2,N2_Group_9
あぶる,あぶる,"to scorch, to roast",N2,N2_Group_9
免税,めんぜい,tax exemption,N2,N2_Group_9
面積,めんせき,area,N2,N2_Group_9
木材,もくざい,"lumber, timber, wood",N2,N2_Group_9
目次,もくじ,table of contents,N2,N2_Group_9
物置,ものおき,storage room,N2,N2_Group_9
紅葉,もみじ,(Japanese) maple,N2,N2_Group_9
荒れる,あれる,"to be stormy, to be rough, to be ruined",N2,N2_Group_9
催し,もよおし,"event, festivities, function",N2,N2_Group_9
役者,やくしゃ,actor,N2,N2_Group_9
薬品,やくひん,"medicine(s), chemical(s)",N2,N2_Group_9
役目,やくめ,"duty, business",N2,N2_Group_9
火傷,やけど,"burn, scald",N2,N2_Group_9
矢印,やじるし,directing arrow,N2,N2_Group_9
威張る,いばる,"to be proud, to swagger",N2,N2_Group_9
薬局,やっきょく,"pharmacy, drugstore",N2,N2_Group_9
家主,やぬし,landlord,N2,N2_Group_10
仮名遣い,かなづかい,"kana orthography, syllabary spelling",N2,N2_Group_10
郵送,ゆうそう,mailing,N2,N2_Group_10
有料,ゆうりょう,"admission-paid, toll",N2,N2_Group_10
浴衣,ゆかた,"bathrobe, informal summer kimono",N2,N2_Group_10
飢える,うえる,to starve,N2,N2_Group_10
言葉遣い,ことばづかい,"speech, expression, wording",N2,N2_Group_10
行方,ゆくえ,one's whereabouts,N2,N2_Group_10
～費,～ひ,cost of ~,N2,N2_Group_10
湯気,ゆげ,steam,N2,N2_Group_10
騒がしい,さわがしい,noisy,N2,N2_Group_10
裏返す,うらがえす,"to turn inside out, to turn (something) over",N2,N2_Group_10
輸血,ゆけつ,blood transfusion,N2,N2_Group_10
輸送,ゆそう,"transport, transportation",N2,N2_Group_10
溶岩,ようがん,lava,N2,N2_Group_10
しつこい,しつこい,"insistent, obstinate",N2,N2_Group_10
用語,ようご,"term, terminology",N2,N2_Group_10
応ずる,おうずる,"to respond, to comply with",N2,N2_Group_10
一～,ひと～,one ~,N2,N2_Group_10
要旨,ようし,"gist, essentials, summary",N2,N2_Group_10
厚かましい,あつかましい,"impudent, shameless,",N2,N2_Group_10
養分,ようぶん,"nourishment, nutrient",N2,N2_Group_10
羊毛,ようもう,wool,N2,N2_Group_10
溶かす,とかす,"to melt, to dissolve",N2,N2_Group_10
要領,ようりょう,"gist, essentials, outline",N2,N2_Group_10
勇ましい,いさましい,"brave, valiant",N2,N2_Group_10
予備,よび,"preparation, spare",N2,N2_Group_10
～部,～ぶ,~ part,N2,N2_Group_10
落第,らくだい,"failure, dropping out of a class",N2,N2_Group_10
怒鳴る,どなる,"to shout, to yell",N2,N2_Group_10
～難い,～がたい,hard (difficult) to do ~,N2,N2_Group_10
ランニング,ランニング,running; tank top,N2,N2_Group_10
理科,りか,science,N2,N2_Group_10
段階,だんかい,"gradation, grade, stage",N2,N2_Group_10
憎らしい,にくらしい,"odious, hateful",N2,N2_Group_10
捕える,とらえる,"to seize, to capture, to arrest",N2,N2_Group_10
炭鉱,たんこう,"coal mine, coal pit",N2,N2_Group_10
～風,～ふう,~ style,N2,N2_Group_10
単数,たんすう,singular (number),N2,N2_Group_10
ばからしい,ばからしい,absurd,N2,N2_Group_10
断定,だんてい,"conclusion, decision",N2,N2_Group_10
慰める,なぐさめる,"to comfort, to console",N2,N2_Group_10
地帯,ちたい,"area, zone",N2,N2_Group_10
着々,ちゃくちゃく,steadily,N2,N2_Group_10
甚だしい,はなはだしい,"extreme, excessive, terrible",N2,N2_Group_10
抽象,ちゅうしょう,abstract,N2,N2_Group_10
副～,ふく～,vice ~,N2,N2_Group_10
撫でる,なでる,"to brush gently, to stroke",N2,N2_Group_10
中年,ちゅうねん,middle-aged,N2,N2_Group_10
超過,ちょうか,"excess, being more than",N2,N2_Group_10
彫刻,ちょうこく,"carving, engraving, sculpture",N2,N2_Group_10
長女,ちょうじょ,eldest daughter,N2,N2_Group_10
調整,ちょうせい,"regulation, adjustment, tuning",N2,N2_Group_10
挟まる,はさまる,"to get between, to be caught in",N2,N2_Group_10
調節,ちょうせつ,"regulation, adjustment, control",N2,N2_Group_10
頂点,ちょうてん,"top, summit",N2,N2_Group_10
～弁,～べん,"speech, dialect",N2,N2_Group_10
長男,ちょうなん,eldest son,N2,N2_Group_10
直線,ちょくせん,straight line,N2,N2_Group_10
跳ねる,はねる,"to jump, to leap",N2,N2_Group_10
直前,ちょくぜん,just before,N2,N2_Group_10
直通,ちょくつう,direct connection,N2,N2_Group_10
直流,ちょくりゅう,direct current,N2,N2_Group_10
貯蔵,ちょぞう,"storage, preservation",N2,N2_Group_10
直角,ちょっかく,right angle,N2,N2_Group_10
塞がる,ふさがる,"to be plugged up, to be shut up",N2,N2_Group_10
～歩,～ほ,"step, pace",N2,N2_Group_10
直径,ちょっけい,diameter,N2,N2_Group_10
塵紙,ちりがみ,"tissue paper, toilet paper",N2,N2_Group_10
通知,つうち,"notice, notification",N2,N2_Group_10
通帳,つうちょう,bankbook,N2,N2_Group_10
振舞う,ふるまう,"to behave, to conduct",N2,N2_Group_10
的確,てきかく,"precise, accurate",N2,N2_Group_10
適確,てきかく,"precise, accurate",N2,N2_Group_10
手首,てくび,wrist,N2,N2_Group_10
防～,ぼう～,~ prevention,N2,N2_Group_10
凸凹,でこぼこ,"unevenness, roughness, ruggedness",N2,N2_Group_10
隔てる,へだてる,to be shut out,N2,N2_Group_10
弟子,でし,"pupil, disciple, apprentice",N2,N2_Group_10
手帳,てちょう,notebook,N2,N2_Group_10
鉄橋,てっきょう,iron bridge,N2,N2_Group_10
鉄砲,てっぽう,gun,N2,N2_Group_10
手前,てまえ,"before, this side",N2,N2_Group_10
またぐ,またぐ,to straddle,N2,N2_Group_10
電球,でんきゅう,light bulb,N2,N2_Group_10
～問,～もん,counter for questions,N2,N2_Group_10
点数,てんすう,"marks, points, score",N2,N2_Group_10
伝染,でんせん,contagion,N2,N2_Group_10
電池,でんち,battery,N2,N2_Group_10
真似る,まねる,"to mimic, to imitate",N2,N2_Group_10
点々,てんてん,"here and there, little by little",N2,N2_Group_10
転々,てんてん,from one to another,N2,N2_Group_10
電柱,でんちゅう,"telephone pole, telegraph pole, light pole",N2,N2_Group_10
天皇,てんのう,Emperor of Japan,N2,N2_Group_10
～夜,～や,counter for nights,N2,N2_Group_10
見直す,みなおす,"to look over again, to review",N2,N2_Group_10
消極的,しょうきょくてき,passive,N2,N2_Group_10
消防署,しょうぼうしょ,fire station,N2,N2_Group_10
助教授,じょきょうじゅ,assistant professor,N2,N2_Group_10
水平線,すいへいせん,horizon,N2,N2_Group_10
ずらり,ずらり,"in a line, in a row",N2,N2_Group_10
命ずる,めいずる,"to command, to appoint",N2,N2_Group_10
正方形,せいほうけい,square,N2,N2_Group_10
瀬戸物,せともの,"earthenware, crockery, china",N2,N2_Group_10
翌～,よく～,next ~,N2,N2_Group_10
ゼミ,ゼミ,seminar,N2,N2_Group_10
せめて,せめて,at least,N2,N2_Group_10
儲かる,もうかる,"to be profitable, to yield a profit",N2,N2_Group_10
先々週,せんせんしゅう,2 weeks before,N2,N2_Group_10
扇風機,せんぷうき,electric fan,N2,N2_Group_10
その他,そのほか,besides,N2,N2_Group_10
代名詞,だいめいし,pronoun,N2,N2_Group_10
田植え,たうえ,rice planting,N2,N2_Group_10
物語る,ものがたる,"to tell, to indicate",N2,N2_Group_10
～庁,～ちょう,"office, agency",N2,N2_Group_10
絶えず,たえず,constantly,N2,N2_Group_10
ダム,ダム,dam,N2,N2_Group_10
大通り,おおどおり,main street,N2,N2_Group_10
おかず,おかず,"side dish, accompaniment for rice dishes",N2,N2_Group_10
近寄る,ちかよる,"to approach, to draw near",N2,N2_Group_10
お先に,おさきに,"before, after you",N2,N2_Group_10
おやつ,おやつ,"between meal snack, afternoon refreshment",N2,N2_Group_10
女の人,おんなのひと,woman,N2,N2_Group_10
回数券,かいすうけん,book of tickets,N2,N2_Group_10
掛け算,かけざん,multiplication,N2,N2_Group_10
ちぎる,ちぎる,"to cut up fine, to pick (fruit)",N2,N2_Group_10
加速度,かそくど,acceleration,N2,N2_Group_10
勝手に,かってに,"arbitrarily,",N2,N2_Group_10
過半数,かはんすう,majority,N2,N2_Group_10
かび (～がはえる),かび (～がはえる),"mold, mildew",N2,N2_Group_10
乾電池,かんでんち,"dry cell, battery",N2,N2_Group_10
機関車,きかんしゃ,"locomotive, engine",N2,N2_Group_10
句読点,くとうてん,punctuation marks,N2,N2_Group_10
組合せ,くみあわせ,combination,N2,N2_Group_10
蛍光灯,けいこうとう,fluorescent lamp,N2,N2_Group_10
形容詞,けいようし,adjective,N2,N2_Group_10
顕微鏡,けんびきょう,microscope,N2,N2_Group_10
五十音,ごじゅうおん,the Japanese syllabary,N2,N2_Group_10
ゴム,ゴム,"gum, rubber",N2,N2_Group_10
座布団,ざぶとん,cushion (Japanese),N2,N2_Group_10
下書き,したがき,"rough copy, draft",N2,N2_Group_10
しっぽ,しっぽ,tail (animal),N2,N2_Group_10
割合に,わりあいに,"relatively, comparatively",N2,N2_Group_10
あくび,あくび,yawn,N2,N2_Group_10
明け方,あけがた,dawn,N2,N2_Group_10
編み物,あみもの,knitting,N2,N2_Group_11
みっともない,みっともない,"shameful, indecent",N2,N2_Group_11
入れ物,いれもの,"container, case",N2,N2_Group_11
売行き,うれゆき,sales,N2,N2_Group_11
どうせ,どうせ,"anyhow, in any case, at any rate",N2,N2_Group_11
縮れる,ちぢれる,"to be wavy, to be curled",N2,N2_Group_11
申し訳ない,もうしわけない,"inexcusable, I am sorry",N2,N2_Group_11
床の間,とこのま,alcove,N2,N2_Group_11
～兆,～ちょう,trillion,N2,N2_Group_11
傾らか,なだらか,"gradual, gentle",N2,N2_Group_11
～丁目,～ちょうめ,"~ district (of a town; city, block)",N2,N2_Group_11
務める,つとめる,"to serve, to act",N2,N2_Group_11
生意気,なまいき,"impertinent, impudent",N2,N2_Group_11
農産物,のうさんぶつ,agricultural produce,N2,N2_Group_11
歯磨き,はみがき,"toothbrushing, toothpaste",N2,N2_Group_11
～遣い,～づかい,use of ~,N2,N2_Group_11
比較的,ひかくてき,comparatively; relatively,N2,N2_Group_11
努める,つとめる,"to try, to aim",N2,N2_Group_11
～帳,～ちょう,"~ book, notebook",N2,N2_Group_11
引分け,ひきわけ,"a draw (in competition), tie game",N2,N2_Group_11
～辛い,～づらい,hard to do ~,N2,N2_Group_11
人差指,ひとさしゆび,index finger,N2,N2_Group_11
一通り,ひととおり,"general, briefly",N2,N2_Group_11
詰まる,つまる,"to be blocked, to be packed",N2,N2_Group_11
人通り,ひとどおり,pedestrian traffic,N2,N2_Group_11
～みたい,～みたい,looks like ~,N2,N2_Group_11
一休み,ひとやすみ,a rest,N2,N2_Group_11
～通,～つう,counter for letters,N2,N2_Group_11
不規則,ふきそく,"irregularity, unsteadiness",N2,N2_Group_11
照らす,てらす,"to shine on, to illuminate",N2,N2_Group_11
諸～,しょ～,various ~,N2,N2_Group_11
無沙汰,ぶさた,neglecting to stay in contact,N2,N2_Group_11
風呂敷,ふろしき,"wrapping cloth, cloth wrapper",N2,N2_Group_11
文房具,ぶんぼうぐ,stationery,N2,N2_Group_11
～省,～しょう,kind of ministry,N2,N2_Group_11
思い込む,おもいこむ,"to be under impression that, to be convinced that",N2,N2_Group_11
望遠鏡,ぼうえんきょう,telescope,N2,N2_Group_11
～付,～つき,with ~,N2,N2_Group_11
坊さん,ぼうさん,"Buddhist priest, monk",N2,N2_Group_11
～場,～じょう,"kind of field, ground",N2,N2_Group_11
方程式,ほうていしき,equation,N2,N2_Group_11
くっつける,くっつける,to attach,N2,N2_Group_11
朗らか,ほがらか,"bright, cheerful, melodious",N2,N2_Group_11
真っ暗,まっくら,total darkness,N2,N2_Group_11
～酒,～しゅ,kind of alcohol,N2,N2_Group_11
回り道,まわりみち,detour,N2,N2_Group_11
～滴,～てき,drop,N2,N2_Group_11
組み立てる,くみたてる,"to assemble, to set up, to construct",N2,N2_Group_11
見掛け,みかけ,outward appearance,N2,N2_Group_11
三日月,みかづき,crescent moon,N2,N2_Group_11
目覚し,めざまし,alarm-clock,N2,N2_Group_11
物差し,ものさし,"ruler, measure",N2,N2_Group_11
やかん,やかん,kettle,N2,N2_Group_11
仕上がる,しあがる,to be finished,N2,N2_Group_11
湯飲み,ゆのみ,teacup,N2,N2_Group_11
洋品店,ようひんてん,clothes store,N2,N2_Group_11
～点,～てん,counter for scores,N2,N2_Group_11
欲張り,よくばり,greedy,N2,N2_Group_11
四つ角,よつかど,"four corners, crossroads",N2,N2_Group_11
しゃがむ,しゃがむ,to squat,N2,N2_Group_11
たんす,たんす,chest of drawers,N2,N2_Group_11
調味料,ちょうみりょう,"condiment, seasoning",N2,N2_Group_11
ついで,ついで,"opportunity, occasion",N2,N2_Group_11
定期券,ていきけん,"commuter pass, season ticket",N2,N2_Group_11
出入口,でいりぐち,exit and entrance,N2,N2_Group_11
しゃぶる,しゃぶる,"to suck, to chew",N2,N2_Group_11
～気味,～ぎみ,slightly ~,N2,N2_Group_11
手入れ,ていれ,"repairs, maintenance",N2,N2_Group_11
手続き,てつづき,"procedure, (legal) process, formalities",N2,N2_Group_11
人文科学,じんぶんかがく,"social sciences, humanities",N2,N2_Group_11
好き好き,すきずき,matter of taste,N2,N2_Group_11
当てはめる,あてはめる,"to apply, to adapt",N2,N2_Group_11
そうっと,そうっと,"softly, cautiously, gently",N2,N2_Group_11
総理大臣,そうりだいじん,Prime Minister,N2,N2_Group_11
それなのに,それなのに,"though, although",N2,N2_Group_11
共産～,きょうさん～,communist ~,N2,N2_Group_11
それなら,それなら,"If that's the case..., If so..., That being the case...",N2,N2_Group_11
甘やかす,あまやかす,"to pamper, to spoil",N2,N2_Group_11
タイア,タイア,"tire, tyre",N2,N2_Group_11
おおざっぱ,おおざっぱ,"rough (not precise), broad, sketchy",N2,N2_Group_11
お気の毒に,おきのどくに,I'm sorry to hear that…,N2,N2_Group_11
送り仮名,おくりがな,part of word written in kana,N2,N2_Group_11
伯父さん,おじさん,"(hon.) middle-aged gentleman, uncle",N2,N2_Group_11
言い出す,いいだす,"to start talking, to suggest",N2,N2_Group_11
小父さん,おじさん,"(hon.) middle-aged gentleman, uncle",N2,N2_Group_11
～切れ,～きれ,out of ~,N2,N2_Group_11
叔父さん,おじさん,"(hon.) middle-aged gentleman, uncle",N2,N2_Group_11
お世話になりました,おせわになりました,I've been in your care,N2,N2_Group_11
お出掛け,おでかけ,outing,N2,N2_Group_11
言い付ける,いいつける,"to tell, to order",N2,N2_Group_11
お手伝いさん,おてつだいさん,maid,N2,N2_Group_11
お願いします,おねがいします,"Please (lit., I request)",N2,N2_Group_11
小母さん,おばさん,"lady, woman, ma'am",N2,N2_Group_11
カバー,カバー,"cover (e.g., book)",N2,N2_Group_11
～番目,～ばんめ,~th,N2,N2_Group_11
浮かべる,うかべる,to float; to express,N2,N2_Group_11
きっかけ,きっかけ,"prompt, trigger, cue",N2,N2_Group_11
ぎっしり,ぎっしり,"tightly, fully",N2,N2_Group_11
くしゃみ,くしゃみ,sneeze,N2,N2_Group_11
形容動詞,けいようどうし,"adjectival noun, quasi-adjective",N2,N2_Group_11
交通機関,こうつうきかん,transportation facilities,N2,N2_Group_11
打ち消す,うちけす,"to deny, to negate",N2,N2_Group_11
コース,コース,course,N2,N2_Group_11
ごちそうさま,ごちそうさま,Thank you for the meal,N2,N2_Group_11
～振り,～ぶり,after an interval of ~,N2,N2_Group_11
コック,コック,"cook; tap, cock",N2,N2_Group_11
こっそり,こっそり,"stealthily, secretly",N2,N2_Group_11
うなずく,うなずく,to nod,N2,N2_Group_11
御無沙汰,ごぶさた,not writing or contacting for a while,N2,N2_Group_11
差し支え,さしつかえ,"hindrance, impediment",N2,N2_Group_11
差し引き,さしひき,"deduction, balance",N2,N2_Group_11
さわやか,さわやか,"fresh, refreshing",N2,N2_Group_11
シーツ,シーツ,sheet,N2,N2_Group_11
追い越す,おいこす,"to pass (e.g., car), to outdistance, to outstrip",N2,N2_Group_11
民主～,みんしゅ～,democratic,N2,N2_Group_11
四捨五入,ししゃごにゅう,rounding up (fractions),N2,N2_Group_11
自然科学,しぜんかがく,natural science,N2,N2_Group_11
社会科学,しゃかいかがく,social science,N2,N2_Group_11
しゃっくり,しゃっくり,"hiccough, hiccup",N2,N2_Group_11
通り掛かる,とおりかかる,to happen to pass by,N2,N2_Group_11
じゃんけん,じゃんけん,rock-scissors-paper game,N2,N2_Group_11
リズム,リズム,rhythm,N2,N2_Group_11
リボン,リボン,ribbon,N2,N2_Group_11
レンズ,レンズ,lens,N2,N2_Group_11
ろうそく,ろうそく,candle,N2,N2_Group_11
飛び込む,とびこむ,"to jump in, to leap in, to plunge into",N2,N2_Group_11
ローマ字,ローマじ,"romanization, Roman letters (alphabet)",N2,N2_Group_11
ロビー,ロビー,lobby,N2,N2_Group_11
アイデア; アイディア,アイデア; アイディア,idea,N2,N2_Group_11
あちらこちら,あちらこちら,here and there,N2,N2_Group_11
あれこれ,あれこれ,"one thing or another, this and that",N2,N2_Group_11
いちいち,いちいち,"one by one, separately",N2,N2_Group_11
いよいよ,いよいよ,"more and more, increasingly, at last",N2,N2_Group_11
インキ,インキ,ink,N2,N2_Group_11
ウール,ウール,wool,N2,N2_Group_11
うろうろ,うろうろ,"loitering, aimless wandering",N2,N2_Group_11
オイル,オイル,oil,N2,N2_Group_11
テンポ,テンポ,tempo,N2,N2_Group_11
問い合わせ,といあわせ,inquiry,N2,N2_Group_11
なにしろ,なにしろ,"at any rate, in any case",N2,N2_Group_11
にこにこ,にこにこ,"smile sweetly, smiley",N2,N2_Group_11
のこぎり,のこぎり,saw,N2,N2_Group_11
乗り越し,のりこし,riding past (one's station),N2,N2_Group_11
はきはき,はきはき,clearly,N2,N2_Group_11
バケツ,バケツ,"bucket, pail",N2,N2_Group_11
バック,バック,back,N2,N2_Group_12
～島,～とう,kind of islands,N2,N2_Group_12
パンツ,パンツ,underpants,N2,N2_Group_12
バンド,バンド,band,N2,N2_Group_12
ぴかぴか,ぴかぴか,"glitter, sparkle",N2,N2_Group_12
～道,～どう,"kind of path, road",N2,N2_Group_12
取り消す,とりけす,to cancel,N2,N2_Group_12
日の入り,ひのいり,sunset,N2,N2_Group_12
～向け,～むけ,for ~,N2,N2_Group_12
ひゃっかじてん,ひゃっかじてん,encyclopedia,N2,N2_Group_12
～病,～びょう,kind of disease,N2,N2_Group_12
ピンク,ピンク,pink,N2,N2_Group_12
ブラシ,ブラシ,brush,N2,N2_Group_12
引っ掛かる,ひっかかる,"to be caught in, to be stuck in",N2,N2_Group_12
振り仮名,ふりがな,pronunciation key,N2,N2_Group_12
名～,めい～,famous ~,N2,N2_Group_12
ふわふわ,ふわふわ,"light, soft",N2,N2_Group_12
～過ぎる,～すぎる,too much ~,N2,N2_Group_12
ペンチ,ペンチ,pliers (lit: pinchers),N2,N2_Group_12
～ぽい,～ぽい,~ish,N2,N2_Group_12
引っ繰り返す,ひっくりかえす,"to turn over, to overturn, to knock over",N2,N2_Group_12
坊っちゃん,ぼっちゃん,son (of others),N2,N2_Group_12
まあまあ,まあまあ,okay; so-so; decent,N2,N2_Group_12
めちゃくちゃ,めちゃくちゃ,"absurd, messed up, wrecked",N2,N2_Group_12
めっきり,めっきり,remarkably,N2,N2_Group_12
モダン,モダン,modern,N2,N2_Group_12
～だらけ,～だらけ,"be full of ~, be filled with ~",N2,N2_Group_12
引っ繰り返る,ひっくりかえる,"to be overturned, to be upset, to topple over, to be reversed",N2,N2_Group_12
モデル,モデル,a fashion model,N2,N2_Group_12
ランチ,ランチ,lunch,N2,N2_Group_12
チップ,チップ,"gratuity, tip; chip",N2,N2_Group_12
テーマ,テーマ,"theme, project, topic (GER: Thema)",N2,N2_Group_12
ショップ,ショップ,a shop,N2,N2_Group_12
シリーズ,シリーズ,series,N2,N2_Group_12
引っ込む,ひっこむ,"to draw back, to sink, to cave in",N2,N2_Group_12
スカーフ,スカーフ,scarf,N2,N2_Group_12
〜 (まる) ごと,〜 (まる) ごと,"whole ~, all of ~",N2,N2_Group_12
スタート,スタート,start,N2,N2_Group_12
スチュワーデス,スチュワーデス,stewardess,N2,N2_Group_12
ステージ,ステージ,stage; performance,N2,N2_Group_12
ストッキング,ストッキング,stockings,N2,N2_Group_12
膨らます,ふくらます,"to swell, to expand, to inflate",N2,N2_Group_12
スマート,スマート,"smart, stylish, slim",N2,N2_Group_12
スライド,スライド,slide,N2,N2_Group_12
スリッパ,スリッパ,slippers,N2,N2_Group_12
～時間目,～じかんめ,"~th hour, ~th period",N2,N2_Group_12
セメント,セメント,cement,N2,N2_Group_12
それはいけませんね (かん),それはいけませんね (かん),that's not good,N2,N2_Group_12
ふざける,ふざける,"to romp, to gambol, to frolic",N2,N2_Group_12
ダイヤグラム,ダイヤグラム,diagram,N2,N2_Group_12
ダイヤモンド,ダイヤモンド,diamond,N2,N2_Group_12
ダイヤル,ダイヤル,dial,N2,N2_Group_12
オーケストラ,オーケストラ,orchestra,N2,N2_Group_12
オートメーション,オートメーション,automation,N2,N2_Group_12
～おしまい (おわり),～おしまい (おわり),end up ~,N2,N2_Group_12
振り向く,ふりむく,"to turn one's face, to turn around",N2,N2_Group_12
オルガン,オルガン,organ,N2,N2_Group_12
カセット,カセット,cassette (tape),N2,N2_Group_12
カロリー,カロリー,calorie,N2,N2_Group_12
ギャング,ギャング,gang,N2,N2_Group_12
キャンパス,キャンパス,campus,N2,N2_Group_12
コーラス,コーラス,chorus,N2,N2_Group_12
見上げる,みあげる,"to look up at, to admire",N2,N2_Group_12
コレクション,コレクション,collection; correction,N2,N2_Group_12
ほんの～,ほんの～,"mere, just",N2,N2_Group_12
コンクール,コンクール,contest (FRE: concours),N2,N2_Group_12
コンクリート,コンクリート,concrete,N2,N2_Group_12
サイレン,サイレン,siren,N2,N2_Group_12
サンプル,サンプル,sample,N2,N2_Group_12
見詰める,みつめる,"to stare at, to gaze at",N2,N2_Group_12
シーズン,シーズン,season (sporting),N2,N2_Group_12
しつれいしました (かん),しつれいしました (かん),"Excuse me., I'm sorry.",N2,N2_Group_12
しめた (かん),しめた (かん),"I've got it, all right, fine",N2,N2_Group_12
〜(日本) 式,～(にほん) しき,"custom,",N2,N2_Group_12
ジャーナリスト,ジャーナリスト,journalist,N2,N2_Group_12
シャッター,シャッター,shutter,N2,N2_Group_12
恵まれる,めぐまれる,"to be blessed with, to be rich in",N2,N2_Group_12
リットル,リットル,liter,N2,N2_Group_12
レジャー,レジャー,leisure,N2,N2_Group_12
リポート,リポート,"report, paper",N2,N2_Group_12
ロッカー,ロッカー,locker,N2,N2_Group_12
ワンピース,ワンピース,one-piece dress,N2,N2_Group_12
～いち (にほんいち),～いち (にほんいち),No. 1 ~ (in),N2,N2_Group_12
もたれる,もたれる,"to lean against, to lean on",N2,N2_Group_12
アクセント,アクセント,accent,N2,N2_Group_12
アンテナ,アンテナ,antenna,N2,N2_Group_12
イコール,イコール,equal,N2,N2_Group_12
ウーマン,ウーマン,woman,N2,N2_Group_12
エチケット,エチケット,etiquette,N2,N2_Group_12
エプロン,エプロン,apron,N2,N2_Group_12
やかましい,やかましい,"to be fussy, to be overly critical",N2,N2_Group_12
どういたしまして (かん),どういたしまして (かん),"you are welcome, don't mention it",N2,N2_Group_12
～ほう (ひかく),～ほう (ひかく),(in comparison),N2,N2_Group_12
ナイロン,ナイロン,nylon,N2,N2_Group_12
ナンバー,ナンバー,number,N2,N2_Group_12
ネックレス,ネックレス,necklace,N2,N2_Group_12
バイバイ,バイバイ,bye bye,N2,N2_Group_12
散らかる,ちらかる,to be in disorder,N2,N2_Group_12
パターン,パターン,pattern,N2,N2_Group_12
ピストル,ピストル,pistol,N2,N2_Group_12
ビタミン,ビタミン,vitamin,N2,N2_Group_12
ビニール,ビニール,vinyl,N2,N2_Group_12
ビルディング,ビルディング,building,N2,N2_Group_12
フライパン,フライパン,"fry pan, frying pan",N2,N2_Group_12
突っ込む,つっこむ,"to plunge into, to stick into",N2,N2_Group_12
プラットホーム,プラットホーム,platform,N2,N2_Group_12
ブローチ,ブローチ,brooch,N2,N2_Group_12
プログラム,プログラム,program,N2,N2_Group_12
ベテラン,ベテラン,veteran,N2,N2_Group_12
ヘリコプター,ヘリコプター,helicopter,N2,N2_Group_12
ボーナス,ボーナス,bonus,N2,N2_Group_12
つまずく,つまずく,"to stumble, to trip",N2,N2_Group_12
ポスター,ポスター,poster,N2,N2_Group_12
マラソン,マラソン,marathon,N2,N2_Group_12
メニュー,メニュー,menu,N2,N2_Group_12
モーター,モーター,motor,N2,N2_Group_12
モノレール,モノレール,monorail,N2,N2_Group_12
ラッシュアワー,ラッシュアワー,rush hour,N2,N2_Group_12
釣り合う,つりあう,"to balance, to be in harmony, to suit",N2,N2_Group_12
チョーク,チョーク,chalk,N2,N2_Group_12
テニスコート,テニスコート,tennis court,N2,N2_Group_12
しわ (かおの～),しわ (かおの～),"wrinkles, creases",N2,N2_Group_12
だいいち (とりわけ),だいいち (とりわけ),"first, foremost,&nbsp;&nbsp;#1",N2,N2_Group_12
じゅうたん (カーペット),じゅうたん (カーペット),carpet,N2,N2_Group_12
ミリ (メートル),ミリ (メートル),milli-,N2,N2_Group_12
はい (かん),はい (かん),yes,N2,N2_Group_12
暦,こよみ,"calendar, almanac",N1,N1_Group_1
副,とりわけ,"especially, above all",N1,N1_Group_1
杯,さかずき,wine cup,N1,N1_Group_1
粉々,こなごな,in very small pieces,N1,N1_Group_1
様,さま,state; way (a person does something); Mr. or Mrs.,N1,N1_Group_1
志す,こころざす,"to plan, to intend, to aspire to",N1,N1_Group_1
類,るい,"kind, class, family",N1,N1_Group_1
扉,とびら,"door, opening",N1,N1_Group_1
～営,～えい,~ run,N1,N1_Group_1
溝,どぶ,"ditch, drain, gap",N1,N1_Group_1
厳密,げんみつ,"strict, close",N1,N1_Group_1
悟る,さとる,"to attain enlightenment, to understand",N1,N1_Group_1
苗,なえ,rice seedling,N1,N1_Group_1
時折,ときおり,sometimes,N1,N1_Group_1
渚,なぎさ,"water's edge, beach, shore",N1,N1_Group_1
賢明,けんめい,"wisdom, intelligence, prudence",N1,N1_Group_1
荷,に,"load, baggage, cargo",N1,N1_Group_1
富む,とむ,"to be rich, to become rich",N1,N1_Group_1
～界,～かい,"world, circle, kingdom",N1,N1_Group_1
主,ぬし,"owner, master, god",N1,N1_Group_1
好況,こうきょう,"prosperous conditions, healthy economy",N1,N1_Group_1
念,ねん,"sense, feeling, desire",N1,N1_Group_1
突如,とつじょ,"suddenly, all of a sudden",N1,N1_Group_1
伴う,ともなう,"to accompany, to bring with",N1,N1_Group_1
俺,おれ,I (ego) (boastful first-person pronoun),N1,N1_Group_1
殊に,ことに,"especially, above all",N1,N1_Group_1
我,が～,ego,N1,N1_Group_1
掛～,かけ～,credit,N1,N1_Group_1
頭,かしら,"head, chief",N1,N1_Group_1
詰る,なじる,"to rebuke, to scold, to tell off",N1,N1_Group_1
特集,とくしゅう,"feature (e.g., newspaper, special edition, report)",N1,N1_Group_1
強,きょう,strong,N1,N1_Group_1
長々,ながなが,"long, drawn-out, very long",N1,N1_Group_1
蔵,くら,"warehouse, cellar",N1,N1_Group_1
特派,とくは,"send specially, special envoy",N1,N1_Group_1
懐く,なつく,to become emotionally attached,N1,N1_Group_1
胴,どう,"trunk, body, frame",N1,N1_Group_1
雫,しずく,drop (of water),N1,N1_Group_1
値,あたい,"value, price, worth",N1,N1_Group_1
拝借,はいしゃく,(humble) (polite) borrowing,N1,N1_Group_1
霰,あられ,"hail (e.g., falling ice balls)",N1,N1_Group_1
滲む,にじむ,"to run, to blur, to spread",N1,N1_Group_1
日夜,にちや,"day and night, always",N1,N1_Group_1
裾,すそ,"(trouser) cuff, (skirt) hem, cut edge of a hairdo",N1,N1_Group_1
各種,かくしゅ,"every kind, all sorts",N1,N1_Group_1
唾,つば,"saliva, spit, sputum",N1,N1_Group_1
蕾,つぼみ,"bud, flower bud",N1,N1_Group_1
担う,になう,"to carry on shoulder, to bear (burden), to shoulder (gun)",N1,N1_Group_1
我,われ,"me, oneself, self, ego",N1,N1_Group_1
活発,かっぱつ,"vigor, active",N1,N1_Group_1
実,じつ,"fruit, good result",N1,N1_Group_1
躾,しつけ,"discipline, training",N1,N1_Group_1
芝,しば,lawn,N1,N1_Group_1
鈍る,にぶる,"to become less capable, to grow dull, to become blunt, to weaken",N1,N1_Group_1
主,しゅ,"owner, master, god",N1,N1_Group_1
種,しゅ,seed; variety,N1,N1_Group_1
塾,じゅく,after-school (cram) school,N1,N1_Group_1
穂,ほ,"ear (of plant), head (of plant)",N1,N1_Group_1
眉,まゆ,eyebrow,N1,N1_Group_1
練る,ねる,"to knead, to work over, to polish up",N1,N1_Group_1
鞠,まり,ball,N1,N1_Group_1
幹,みき,(tree) trunk,N1,N1_Group_1
溝,みぞ,"ditch, drain, gutter, gap",N1,N1_Group_1
婿,むこ,son-in-law,N1,N1_Group_1
股,もも,"thigh, femur",N1,N1_Group_1
逃す,のがす,"to let loose, to set free, to let escape",N1,N1_Group_1
腿,もも,"thigh, femur",N1,N1_Group_1
奴,やつ,"(vulg.) fellow, guy, chap",N1,N1_Group_1
故,ゆえ,"reason, cause, circumstances",N1,N1_Group_1
欲,よく,"greed, wants",N1,N1_Group_1
雛,ひな,"young bird, chick, doll",N1,N1_Group_1
罵る,ののしる,"to speak ill of, to abuse",N1,N1_Group_1
現地,げんち,"actual place, local",N1,N1_Group_1
兼用,けんよう,"multi-use, combined use",N1,N1_Group_1
権力,けんりょく,"(political) power, authority, influence",N1,N1_Group_1
好意,こうい,"good will, favor, courtesy",N1,N1_Group_1
合意,ごうい,"agreement, consent, mutual understanding",N1,N1_Group_1
営む,いとなむ,"to carry on (e.g., in ceremony), to run a business",N1,N1_Group_1
工作,こうさく,"handicraft, maneuvering",N1,N1_Group_1
講習,こうしゅう,"short course, training",N1,N1_Group_1
交渉,こうしょう,negotiation,N1,N1_Group_1
高尚,こうしょう,"high, noble, refined",N1,N1_Group_1
向上,こうじょう,"rise, improvement, progress",N1,N1_Group_1
挑む,いどむ,to challenge,N1,N1_Group_1
降水,こうすい,"rainfall, precipitation",N1,N1_Group_1
公然,こうぜん,openly,N1,N1_Group_1
抗争,こうそう,"dispute, resistance",N1,N1_Group_1
後退,こうたい,"retreat, backspace",N1,N1_Group_1
光沢,こうたく,"luster, glossy finish (of photographs)",N1,N1_Group_1
脅す,おどす,"to threaten, to menace",N1,N1_Group_1
好調,こうちょう,"satisfactory, in good shape",N1,N1_Group_1
講読,こうどく,reading,N1,N1_Group_1
購入,こうにゅう,"purchase, buy",N1,N1_Group_1
購買,こうばい,"purchase, buy",N1,N1_Group_1
好評,こうひょう,"popularity, favorable reputation",N1,N1_Group_1
赴く,おもむく,"to go, to proceed",N1,N1_Group_1
交付,こうふ,"delivering, furnishing (with copies)",N1,N1_Group_1
公用,こうよう,"government business, public use, public expense",N1,N1_Group_1
小柄,こがら,"small, diminutive",N1,N1_Group_1
国産,こくさん,domestic products,N1,N1_Group_1
国定,こくてい,"state-sponsored, national",N1,N1_Group_1
及ぶ,およぶ,"to reach, to extend",N1,N1_Group_1
告白,こくはく,"confession, acknowledgment",N1,N1_Group_1
心地,ここち,"feeling, sensation, mood",N1,N1_Group_1
心得,こころえ,"knowledge, information",N1,N1_Group_1
個性,こせい,"individuality, personality, idiosyncrasy",N1,N1_Group_1
戸籍,こせき,"census, family register",N1,N1_Group_1
霞む,かすむ,"to grow hazy, to be misty",N1,N1_Group_1
古代,こだい,ancient times,N1,N1_Group_1
国交,こっこう,diplomatic relations,N1,N1_Group_1
碁盤,ごばん,Go board,N1,N1_Group_1
孤立,こりつ,"isolation, helplessness",N1,N1_Group_1
再会,さいかい,"meeting again, reunion",N1,N1_Group_1
叶う,かなう,to come true,N1,N1_Group_1
細工,さいく,"work, craftsmanship, trick",N1,N1_Group_1
採決,さいけつ,"vote, roll call",N1,N1_Group_1
再現,さいげん,"reproduction, return, revival",N1,N1_Group_1
再生,さいせい,"playback, regeneration, resuscitation",N1,N1_Group_1
採択,さいたく,"adoption, selection, choice",N1,N1_Group_1
絡む,からむ,"to entangle, to entwine",N1,N1_Group_1
再発,さいはつ,"return, relapse, reoccurrence",N1,N1_Group_1
採用,さいよう,"use, adopt",N1,N1_Group_1
詐欺,さぎ,"fraud, swindle",N1,N1_Group_1
削減,さくげん,"cut, reduction",N1,N1_Group_1
錯誤,さくご,mistake,N1,N1_Group_1
交す,かわす,to exchange,N1,N1_Group_1
雑貨,ざっか,"miscellaneous goods, general goods",N1,N1_Group_1
寒気,さむけ,"chill, shiver, cold",N1,N1_Group_1
産休,さんきゅう,maternity leave,N1,N1_Group_1
残金,ざんきん,remaining money,N1,N1_Group_1
産後,さんご,"postpartum, after childbirth",N1,N1_Group_1
来る,きたる,"to come, to approach,",N1,N1_Group_1
参上,さんじょう,"calling on, visiting",N1,N1_Group_1
賛美,さんび,"praise, adoration, glorification",N1,N1_Group_1
産物,さんぶつ,"product, result, fruit",N1,N1_Group_1
仕上,しあげ,"end, finishing touches",N1,N1_Group_1
自我,じが,"self, ego",N1,N1_Group_1
慕う,したう,to yearn to adore,N1,N1_Group_1
色彩,しきさい,color,N1,N1_Group_1
式場,しきじょう,"ceremonial hall, place of ceremony (e.g., marriage)",N1,N1_Group_1
事業,じぎょう,"project, enterprise, business",N1,N1_Group_1
経歴,けいれき,"personal history, career",N1,N1_Group_1
劇団,げきだん,"troupe, theatrical company",N1,N1_Group_1
仰ぐ,あおぐ,"to look up (to), to respect; to ask for",N1,N1_Group_1
月謝,げっしゃ,monthly tuition fee,N1,N1_Group_1
結晶,けっしょう,"crystal, crystallization",N1,N1_Group_1
月賦,げっぷ,monthly installment,N1,N1_Group_1
欠乏,けつぼう,shortage,N1,N1_Group_1
権威,けんい,"authority, power, influence",N1,N1_Group_1
誤る,あやまる,to make a mistake,N1,N1_Group_1
兼業,けんぎょう,holding two jobs at the same time,N1,N1_Group_1
権限,けんげん,"power, authority, jurisdiction",N1,N1_Group_1
健在,けんざい,"in good health, well",N1,N1_Group_1
原作,げんさく,original work,N1,N1_Group_1
原書,げんしょ,original document,N1,N1_Group_1
歩む,あゆむ,to walk,N1,N1_Group_1
懸賞,けんしょう,"offering prizes, winning, reward",N1,N1_Group_1
健全,けんぜん,"health, soundness, wholesome",N1,N1_Group_1
当人,とうにん,"the one concerned, the said person",N1,N1_Group_1
冬眠,とうみん,"hibernation, winter sleep",N1,N1_Group_1
同盟,どうめい,"alliance, union, league",N1,N1_Group_1
記す,しるす,"to note, to write down",N1,N1_Group_1
動力,どうりょく,"power, motive power, dynamic force",N1,N1_Group_1
年頃,としごろ,"age, marriageable age, adolescence",N1,N1_Group_1
途上,とじょう,"en/in route, half way",N1,N1_Group_1
突破,とっぱ,"breaking through, breakthrough, penetration",N1,N1_Group_1
徒歩,とほ,"walking, going on foot",N1,N1_Group_1
背く,そむく,"to run counter to, to go against",N1,N1_Group_1
土木,どぼく,public works,N1,N1_Group_1
取扱,とりあつかい,"treatment, handling, management",N1,N1_Group_1
鳥居,とりい,Shinto shrine archway,N1,N1_Group_1
鈍感,どんかん,"thickheadedness, stolidity",N1,N1_Group_1
内閣,ないかく,"cabinet, (government)",N1,N1_Group_1
奉る,たてまつる,"to offer, to do respectfully",N1,N1_Group_1
内心,ないしん,"innermost thoughts, real intention, inmost heart",N1,N1_Group_1
内乱,ないらん,"civil war, domestic conflict",N1,N1_Group_1
中程,なかほど,"middle, midway",N1,N1_Group_1
仲人,なこうど,"go-between, matchmaker",N1,N1_Group_1
名札,なふだ,"name plate, name tag",N1,N1_Group_1
辿る,たどる,"to follow (road, to pursue (course), to follow up",N1,N1_Group_1
慣れ,なれ,"practice, experience",N1,N1_Group_1
肉親,にくしん,"blood relationship, blood relative",N1,N1_Group_1
肉体,にくたい,"the body, the flesh",N1,N1_Group_1
入手,にゅうしゅ,"obtaining, coming to hand",N1,N1_Group_1
入賞,にゅうしょう,winning a prize or place (in a contest,N1,N1_Group_1
給う,たまう,"to receive, to grant",N1,N1_Group_1
任務,にんむ,"duty, mission, task",N1,N1_Group_1
音色,ねいろ,"tone color, timbre",N1,N1_Group_1
熱湯,ねっとう,boiling water,N1,N1_Group_1
粘り,ねばり,"stickiness, viscosity",N1,N1_Group_1
年賀,ねんが,"New Year's greetings, New Year's card",N1,N1_Group_1
司る,つかさどる,"to rule, to govern, to administer",N1,N1_Group_1
念願,ねんがん,"one's heart's desire, earnest petition",N1,N1_Group_1
年号,ねんごう,"name of an era, year number",N1,N1_Group_1
農耕,のうこう,"farming, agriculture",N1,N1_Group_1
納入,のうにゅう,"payment, supply",N1,N1_Group_1
軒並,のきなみ,row of houses; uniformly,N1,N1_Group_1
繕う,つくろう,"to mend, to repair",N1,N1_Group_1
延べ,のべ,"futures, credit (buying), stretching, total",N1,N1_Group_1
把握,はあく,"grasp, catch, understanding",N1,N1_Group_1
廃棄,はいき,"disposal, abandon, discarding",N1,N1_Group_1
拝啓,はいけい,-- a formal greeting used at the beginning of a letter --,N1,N1_Group_1
排水,はいすい,drainage,N1,N1_Group_1
募る,つのる,"to invite, to solicit help, participation, etc",N1,N1_Group_1
敗戦,はいせん,"defeat, losing a war",N1,N1_Group_1
配置,はいち,"arrangement (of resources), disposition",N1,N1_Group_1
配分,はいぶん,"distribution, allotment",N1,N1_Group_1
敗北,はいぼく,defeat (as a verb it means 'to be defeated'),N1,N1_Group_1
一同,いちどう,"all present, all concerned, all of us",N1,N1_Group_1
一面,いちめん,"one side, the other hand",N1,N1_Group_1
一括,いっかつ,"all together, batch",N1,N1_Group_1
一見,いっけん,"a look, a glimpse, glance; first meeting",N1,N1_Group_1
一心,いっしん,"one mind, with rapt attention",N1,N1_Group_1
一変,いっぺん,complete change,N1,N1_Group_1
威力,いりょく,"power, might, authority",N1,N1_Group_1
隠居,いんきょ,retirement; retired person,N1,N1_Group_1
動き,うごき,"movement, activity, trend",N1,N1_Group_1
内訳,うちわけ,"the items, breakdown, classification",N1,N1_Group_1
訴え,うったえ,"lawsuit, complaint",N1,N1_Group_1
空ろ,うつろ,"blank, hollow, empty",N1,N1_Group_1
雨天,うてん,rainy weather,N1,N1_Group_1
浮気,うわき,"affair, to cheat",N1,N1_Group_1
運用,うんよう,"making use of, application, practical use",N1,N1_Group_1
英雄,えいゆう,"hero, great man",N1,N1_Group_1
縁側,えんがわ,"veranda, porch, balcony, open corridor",N1,N1_Group_1
演出,えんしゅつ,"production (erg. play, direction)",N1,N1_Group_1
沿線,えんせん,along railway line,N1,N1_Group_2
自在,じざい,"freely, at will",N1,N1_Group_2
遠方,えんぽう,"long way, distant place",N1,N1_Group_2
大方,おおかた,"almost all, majority",N1,N1_Group_2
黄金,おうごん,gold,N1,N1_Group_2
貫く,つらぬく,to go through,N1,N1_Group_2
雑木,ぞうき,"various kinds of small trees, assorted trees",N1,N1_Group_2
往診,おうしん,"doctor's visit, house call",N1,N1_Group_2
当～,とう～,"Our ~ (e.g., Hotel, plane, etc.)",N1,N1_Group_2
落葉,おちば,fallen leaves,N1,N1_Group_2
束縛,そくばく,"restraint, restriction, confinement",N1,N1_Group_2
捗る,はかどる,"to make progress, to move right ahead (with the work), to advance",N1,N1_Group_2
お供,おとも,"attendant, companion",N1,N1_Group_2
予て,かねて,"previously, already, lately",N1,N1_Group_2
覚え,おぼえ,"memory, sense, experience",N1,N1_Group_2
多忙,たぼう,busy,N1,N1_Group_2
親父,おやじ,"one's father, old man, one's boss",N1,N1_Group_2
励む,はげむ,"to be zealous, to make an effort",N1,N1_Group_2
～嬢,～じょう,young woman,N1,N1_Group_2
外貨,がいか,foreign money,N1,N1_Group_2
重宝,ちょうほう,"convenient, useful",N1,N1_Group_2
開催,かいさい,"holding a meeting, open an exhibition",N1,N1_Group_2
伝達,でんたつ,"transmission (e.g., news, communication, delivery)",N1,N1_Group_2
弾く,はじく,"to play (piano, guitar)",N1,N1_Group_2
街道,かいどう,highway,N1,N1_Group_2
手軽,てがる,"easy, simple, cheap",N1,N1_Group_2
該当,がいとう,"corresponding, answering to, coming under",N1,N1_Group_2
～心,～しん,mind of ~,N1,N1_Group_2
学士,がくし,university graduate,N1,N1_Group_2
叩く,はたく,"to strike, to clap, to dust, to beat",N1,N1_Group_2
田園,でんえん,"country, rural districts",N1,N1_Group_2
獲得,かくとく,"acquisition, possession",N1,N1_Group_2
徐行,じょこう,going slowly,N1,N1_Group_2
家計,かけい,"household economy, family finances",N1,N1_Group_2
私物,しぶつ,"private property, personal effects",N1,N1_Group_2
凌ぐ,しのぐ,"to outdo, to surpass; to endure",N1,N1_Group_2
加工,かこう,"manufacturing, processing, treatment",N1,N1_Group_2
微か,かすか,"faint, dim, weak",N1,N1_Group_2
片言,かたこと,"broken (in reference to speaking style, e.g., Japanese)",N1,N1_Group_2
始末,しまつ,disposal; cleaning up afterwards,N1,N1_Group_2
花壇,かだん,flower bed,N1,N1_Group_2
耽る,ふける,"to indulge in, to give oneself up to, to be absorbed in",N1,N1_Group_2
静止,せいし,"stillness, repose, standing still",N1,N1_Group_2
家畜,かちく,"domestic animals, livestock, cattle",N1,N1_Group_2
封鎖,ふうさ,"blockade, freezing (funds)",N1,N1_Group_2
勝手,かって,"kitchen; one's way, selfishness",N1,N1_Group_2
貨幣,かへい,"money, currency, coinage",N1,N1_Group_2
施す,ほどこす,"to give, to conduct, to perform",N1,N1_Group_2
過労,かろう,"overwork, strain",N1,N1_Group_2
複合,ふくごう,"composite, complex",N1,N1_Group_2
簡易,かんい,"simplicity, easiness, quasi-",N1,N1_Group_2
眼球,がんきゅう,eyeball,N1,N1_Group_2
還元,かんげん,"resolution, reduction, return",N1,N1_Group_2
任す,まかす,"to entrust, to leave to a person",N1,N1_Group_2
頑固,がんこ,"stubbornness, obstinacy",N1,N1_Group_2
換算,かんさん,"conversion, change, exchange",N1,N1_Group_2
観衆,かんしゅう,"spectators, audience",N1,N1_Group_2
頑丈,がんじょう,"solid, firm, strong",N1,N1_Group_2
感触,かんしょく,"sense of touch, feeling, sensation",N1,N1_Group_2
賄う,まかなう,"to give board to, to provide meals, to pay",N1,N1_Group_2
幹線,かんせん,"main line, trunk line",N1,N1_Group_2
簡素,かんそ,"simplicity, plain",N1,N1_Group_2
感度,かんど,"sensitivity, severity (quake)",N1,N1_Group_2
元年,がんねん,first year (of a specific reign),N1,N1_Group_2
勘弁,かんべん,"pardon, forgiveness, forbearance",N1,N1_Group_2
召す,めす,"to call, to send for, to put on",N1,N1_Group_2
寛容,かんよう,"forbearance, tolerance, generosity, involvement",N1,N1_Group_2
元来,がんらい,"originally, naturally",N1,N1_Group_2
観覧,かんらん,viewing,N1,N1_Group_2
還暦,かんれき,60th birthday,N1,N1_Group_2
危害,きがい,"injury, harm, danger",N1,N1_Group_2
催す,もよおす,"to hold (a meeting), to give (a dinner)",N1,N1_Group_2
規格,きかく,"standard, norm",N1,N1_Group_2
気軽,きがる,"cheerful, buoyant, lighthearted",N1,N1_Group_2
帰京,ききょう,returning to Tokyo,N1,N1_Group_2
戯曲,ぎきょく,"play, drama",N1,N1_Group_2
喜劇,きげき,"comedy, funny show",N1,N1_Group_2
漏る,もる,"to leak, to run out",N1,N1_Group_2
気象,きしょう,"weather, climate",N1,N1_Group_2
寄贈,きぞう,"donation, presentation",N1,N1_Group_2
議題,ぎだい,"topic of discussion, agenda",N1,N1_Group_2
技能,ぎのう,"technical skill, ability, capacity",N1,N1_Group_2
規範,きはん,"model, standard, example",N1,N1_Group_2
病む,やむ,"to fall ill, to be ill",N1,N1_Group_2
期末,きまつ,(end of the season or term),N1,N1_Group_2
記名,きめい,"signature, register",N1,N1_Group_2
逆転,ぎゃくてん,"(sudden) change, reversal, turn-around",N1,N1_Group_2
華奢,きゃしゃ,"delicate, slender",N1,N1_Group_2
休学,きゅうがく,"temporary absence from school, suspension",N1,N1_Group_2
緩む,ゆるむ,"to become loose, to slacken",N1,N1_Group_2
給仕,きゅうじ,waiter,N1,N1_Group_2
給食,きゅうしょく,"school lunch, providing a meal",N1,N1_Group_2
旧知,きゅうち,"old friend, old friendship",N1,N1_Group_2
協会,きょうかい,"association, society, organization",N1,N1_Group_2
強硬,きょうこう,"firm, vigorous, stubborn",N1,N1_Group_2
弱る,よわる,"to weaken, to be troubled, to be emaciated",N1,N1_Group_2
教材,きょうざい,teaching materials,N1,N1_Group_2
凶作,きょうさく,"bad harvest, poor crop",N1,N1_Group_2
教習,きょうしゅう,"training, instruction",N1,N1_Group_2
郷愁,きょうしゅう,"nostalgia, homesickness",N1,N1_Group_2
教職,きょうしょく,teaching profession,N1,N1_Group_2
阻む,はばむ,"to keep someone from doing, to stop, to oppose",N1,N1_Group_2
業績,ぎょうせき,"achievement, work, contribution",N1,N1_Group_2
郷土,きょうど,homeland,N1,N1_Group_2
脅迫,きょうはく,"threat, coercion",N1,N1_Group_2
業務,ぎょうむ,"business, duties, work",N1,N1_Group_2
郷里,きょうり,"birth-place, home town",N1,N1_Group_2
恋する,こいする,"to fall in love with, to love",N1,N1_Group_2
強烈,きょうれつ,"strong, intense, severe",N1,N1_Group_2
許容,きょよう,"permission, pardon",N1,N1_Group_2
切替,きりかえ,"exchange, conversion, switchover",N1,N1_Group_2
疑惑,ぎわく,"doubt, misgivings, suspicion",N1,N1_Group_2
勤務,きんむ,"service, duty, work",N1,N1_Group_2
言付け,ことづけ,to leave a message,N1,N1_Group_2
屈折,くっせつ,"bending, indentation, refraction",N1,N1_Group_2
黒字,くろじ,balance (figure) in the black,N1,N1_Group_2
軽快,けいかい,"lively, casual, light",N1,N1_Group_2
敬具,けいぐ,Sincerely (used at the end of letter),N1,N1_Group_2
軽減,けいげん,"reduction, lessening",N1,N1_Group_2
込める,こめる,"to include, to put into",N1,N1_Group_2
形勢,けいせい,"condition, situation, prospects",N1,N1_Group_2
転勤,てんきん,transfer (to another office of a company),N1,N1_Group_2
電源,でんげん,"source of electricity, power (e.g., button on TV)",N1,N1_Group_2
天国,てんごく,"paradise, heaven, Kingdom of Heaven",N1,N1_Group_2
展示,てんじ,"exhibition, display",N1,N1_Group_2
懲りる,こりる,"to learn by experience, to be disgusted with",N1,N1_Group_2
伝説,でんせつ,"tradition, legend, folklore",N1,N1_Group_2
点線,てんせん,dotted line,N1,N1_Group_2
天体,てんたい,heavenly body,N1,N1_Group_2
転任,てんにん,change of post,N1,N1_Group_2
伝来,でんらい,"ancestral, hereditary, imported",N1,N1_Group_2
捧げる,ささげる,"to lift up, to give, to offer",N1,N1_Group_2
転落,てんらく,"fall, degradation",N1,N1_Group_2
同意,どうい,"agreement, consent; same meaning",N1,N1_Group_2
同感,どうかん,"agreement, same opinion, same feeling",N1,N1_Group_2
登校,とうこう,attendance (at school),N1,N1_Group_2
動向,どうこう,"trend, tendency, movement, attitude",N1,N1_Group_2
授ける,さずける,"to grant, to award, to teach",N1,N1_Group_2
道場,どうじょう,"(arch) dojo, hall used for martial arts training, mandala",N1,N1_Group_2
当選,とうせん,"being elected, winning the prize",N1,N1_Group_2
統治,とうち,"rule, reign, governing",N1,N1_Group_2
死刑,しけい,death penalty,N1,N1_Group_2
時差,じさ,time difference,N1,N1_Group_2
定まる,さだまる,"to become settled, to be fixed",N1,N1_Group_2
自主,じしゅ,"independence, autonomy",N1,N1_Group_2
自首,じしゅ,"surrender, give oneself up",N1,N1_Group_2
事前,じぜん,"prior, beforehand, in advance",N1,N1_Group_2
持続,じぞく,"continuation, endurance",N1,N1_Group_2
下地,したじ,"groundwork, foundation",N1,N1_Group_2
サボる,サボる,to cut (skip) classes; to loaf on the job; to idle away one's time,N1,N1_Group_2
間柄,あいだがら,relationship,N1,N1_Group_2
赤字,あかじ,"deficit, go in the red",N1,N1_Group_2
憧れ,あこがれ,"yearning, longing, aspiration",N1,N1_Group_2
扱い,あつかい,"treatment, service",N1,N1_Group_2
圧倒,あっとう,"overwhelm, overpower",N1,N1_Group_2
けなす,けなす,to speak ill of,N1,N1_Group_2
当て,あて,expectations; depend,N1,N1_Group_2
雨具,あまぐ,rain gear,N1,N1_Group_2
争い,あらそい,"dispute, quarrel, conflict",N1,N1_Group_2
家出,いえで,running away from home,N1,N1_Group_2
育成,いくせい,"rearing, training, cultivation",N1,N1_Group_2
遂げる,とげる,"to accomplish, to achieve, to carry out",N1,N1_Group_2
幾多,いくた,"many, numerous",N1,N1_Group_2
いざ,いざ,"now, come (now), crucial moment",N1,N1_Group_2
異性,いせい,the opposite sex,N1,N1_Group_2
依存,いぞん,"dependence, dependent, reliance",N1,N1_Group_2
委託,いたく,"consign (goods (for sale) to a firm), entrust",N1,N1_Group_2
整える,ととのえる,"to put in order, to arrange, to adjust; to get ready, to prepare; to raise money",N1,N1_Group_2
出品,しゅっぴん,"exhibit, display",N1,N1_Group_2
主任,しゅにん,"person in charge, responsible official",N1,N1_Group_2
首脳,しゅのう,"head, leader",N1,N1_Group_2
樹立,じゅりつ,"establish, create",N1,N1_Group_2
準急,じゅんきゅう,"local express (train, slower than an express)",N1,N1_Group_2
止める,とどめる,"to end, to stop, to cease, to resign",N1,N1_Group_2
上位,じょうい,"superior, higher order",N1,N1_Group_2
上空,じょうくう,"sky, high-altitude sky, upper air",N1,N1_Group_2
衝撃,しょうげき,"shock, crash, impact, ballistic",N1,N1_Group_2
上昇,じょうしょう,"rising, ascending, climbing",N1,N1_Group_2
情勢,じょうせい,"state of things, condition, situation",N1,N1_Group_2
唱える,となえる,"to recite, to chant, to call upon",N1,N1_Group_2
消息,しょうそく,"news, letter, circumstances",N1,N1_Group_2
情緒,じょうちょ,"emotion, feeling",N1,N1_Group_2
情緒,じょうしょ,"emotion, feeling",N1,N1_Group_2
条約,じょうやく,"treaty, pact",N1,N1_Group_2
勝利,しょうり,"victory, triumph, win",N1,N1_Group_2
嘗める,なめる,to lick; to experience; to make fun of,N1,N1_Group_2
職員,しょくいん,"staff member, personnel",N1,N1_Group_2
諸君,しょくん,"Gentlemen!, Ladies!",N1,N1_Group_2
所属,しょぞく,"attached to, belong to",N1,N1_Group_2
処置,しょち,treatment,N1,N1_Group_2
所得,しょとく,income,N1,N1_Group_2
似通う,にかよう,to resemble closely,N1,N1_Group_2
庶民,しょみん,"masses, common people",N1,N1_Group_2
自立,じりつ,"independence, self-reliance",N1,N1_Group_2
人格,じんかく,"personality, character",N1,N1_Group_2
新婚,しんこん,newly-wed,N1,N1_Group_2
新人,しんじん,"new face, newcomer",N1,N1_Group_2
賑わう,にぎわう,"to prosper, to flourish, to be crowded with people",N1,N1_Group_2
神聖,しんせい,"holiness, sacredness, dignity",N1,N1_Group_2
親善,しんぜん,friendship,N1,N1_Group_2
真相,しんそう,"truth, real situation",N1,N1_Group_2
迅速,じんそく,"quick, fast, prompt",N1,N1_Group_2
人体,じんたい,human body,N1,N1_Group_2
抜かす,ぬかす,"to omit, to leave out",N1,N1_Group_2
新築,しんちく,"new building, new construction",N1,N1_Group_2
心中,しんじゅう,double suicide,N1,N1_Group_2
神殿,しんでん,"temple, sacred place",N1,N1_Group_2
信任,しんにん,"trust, confidence, credence",N1,N1_Group_2
辛抱,しんぼう,"patience, endurance",N1,N1_Group_2
人民,じんみん,"people, public",N1,N1_Group_2
診療,しんりょう,medical examination and treatment,N1,N1_Group_2
吹奏,すいそう,playing wind instruments,N1,N1_Group_2
水田,すいでん,(water-filled) paddy field,N1,N1_Group_2
推理,すいり,"reasoning, inference, mystery or detective genre",N1,N1_Group_2
崇拝,すうはい,"worship, adoration",N1,N1_Group_2
救い,すくい,"help, aid, relief",N1,N1_Group_2
生育,せいいく,"growth, development, breeding",N1,N1_Group_2
成育,せいいく,"growth, raising",N1,N1_Group_2
成果,せいか,"results, fruits",N1,N1_Group_2
正解,せいかい,"correct, right answer, solution",N1,N1_Group_2
生計,せいけい,"livelihood, living",N1,N1_Group_2
政権,せいけん,"(political) administration, political power",N1,N1_Group_2
制裁,せいさい,"restraint, sanctions, punishment",N1,N1_Group_2
生死,せいし,life and death,N1,N1_Group_2
青春,せいしゅん,"youth, springtime of life, adolescent",N1,N1_Group_2
盛装,せいそう,"be dressed up, wear rich clothes",N1,N1_Group_2
清濁,せいだく,"good and evil, purity and impurity",N1,N1_Group_3
無難,ぶなん,"safety, security",N1,N1_Group_3
制定,せいてい,"enactment, establishment, creation",N1,N1_Group_3
全快,ぜんかい,complete recovery of health,N1,N1_Group_3
晴天,せいてん,fine weather,N1,N1_Group_3
演じる,えんじる,"to perform, to play (a part), to act",N1,N1_Group_3
法学,ほうがく,"law, jurisprudence",N1,N1_Group_3
制約,せいやく,"limitation, constraints",N1,N1_Group_3
～網,～もう,~ network,N1,N1_Group_3
勢力,せいりょく,"influence, power, might, strength",N1,N1_Group_3
保管,ほかん,"custody, safekeeping, storage",N1,N1_Group_3
演ずる,えんずる,"to perform, to play (a part), to act",N1,N1_Group_3
整列,せいれつ,"stand in a row, form a line",N1,N1_Group_3
大部,たいぶ,"most (e.g., most part, greater, fairly, a good deal, much)",N1,N1_Group_3
世帯,せたい,household,N1,N1_Group_3
誠に,まことに,"indeed, really (very polite), absolutely",N1,N1_Group_3
切開,せっかい,"opening up, cutting through",N1,N1_Group_3
老いる,おいる,"to age, to grow old",N1,N1_Group_3
～合せ,～あわせ,in all,N1,N1_Group_3
折衷,せっちゅう,"compromise, cross, blending, eclecticism",N1,N1_Group_3
心強い,こころづよい,"heartening, reassuring",N1,N1_Group_3
設定,せってい,"establishment, creation",N1,N1_Group_3
連日,れんじつ,every day,N1,N1_Group_3
治まる,おさまる,"to be at peace, to calm down",N1,N1_Group_3
先代,せんだい,"family predecessor, previous age, previous generation",N1,N1_Group_3
心細い,こころぼそい,"helpless, hopeless, discouraging",N1,N1_Group_3
前提,ぜんてい,"preamble, premise, prerequisite",N1,N1_Group_3
～まみれ,～まみれ,"covered with (by, in) ~",N1,N1_Group_3
前途,ぜんと,"future prospects, outlook, the journey ahead",N1,N1_Group_3
訪れる,おとずれる,to visit,N1,N1_Group_3
煙たい,けむたい,"smoky, feeling awkward",N1,N1_Group_3
専用,せんよう,"exclusive use, personal use",N1,N1_Group_3
発掘,はっくつ,"excavation, exhumation; discovery (e.g., new talent)",N1,N1_Group_3
善良,ぜんりょう,"goodness, excellence, virtue",N1,N1_Group_3
情深い,なさけぶかい,"tender-hearted, compassionate",N1,N1_Group_3
衰える,おとろえる,"to become weak, to decline",N1,N1_Group_3
総会,そうかい,general meeting,N1,N1_Group_3
創刊,そうかん,"launching (e.g., newspaper, first issue)",N1,N1_Group_3
送金,そうきん,"remittance, sending money",N1,N1_Group_3
名高い,なだかい,"famous, celebrated, well-known",N1,N1_Group_3
走行,そうこう,"running a wheeled vehicle (e.g., car, traveling)",N1,N1_Group_3
怯える,おびえる,to become frightened,N1,N1_Group_3
微量,びりょう,"minuscule amount, extremely small quantity",N1,N1_Group_3
装飾,そうしょく,ornament,N1,N1_Group_3
生臭い,なまぐさい,"smelling of fish or blood, fish or meat",N1,N1_Group_3
相場,そうば,"market price, speculation, estimation",N1,N1_Group_3
訴訟,そしょう,"litigation, lawsuit",N1,N1_Group_3
脅かす,おびやかす,"to threaten, to coerce",N1,N1_Group_3
育ち,そだち,"breeding, growth",N1,N1_Group_3
生温い,なまぬるい,"lukewarm, halfhearted",N1,N1_Group_3
外方,そっぽ,look (or turn) the other way,N1,N1_Group_3
素朴,そぼく,"simplicity, artlessness, naivety",N1,N1_Group_3
大家,たいか,"rich family, distinguished family",N1,N1_Group_3
帯びる,おびる,"to bear, to carry, to be entrusted",N1,N1_Group_3
大金,たいきん,large amount of money,N1,N1_Group_3
待遇,たいぐう,"treatment, reception",N1,N1_Group_3
対決,たいけつ,"confrontation, showdown",N1,N1_Group_3
体験,たいけん,personal experience,N1,N1_Group_3
対抗,たいこう,"opposition, antagonism",N1,N1_Group_3
害する,がいする,"to harm, to offend",N1,N1_Group_3
態勢,たいせい,"attitude, conditions, tendency",N1,N1_Group_3
大胆,だいたん,"bold, daring, audacious",N1,N1_Group_3
滞納,たいのう,"non-payment, default",N1,N1_Group_3
代弁,だいべん,speak for another,N1,N1_Group_3
待望,たいぼう,"long-expected, waiting",N1,N1_Group_3
傾ける,かたむける,"to incline, to tilt, to bend",N1,N1_Group_3
対面,たいめん,"interview, meeting",N1,N1_Group_3
打開,だかい,"solution, breakthrough",N1,N1_Group_3
焚火,たきび,(open) fire,N1,N1_Group_3
打撃,だげき,"blow, damage; batting (baseball)",N1,N1_Group_3
駄作,ださく,poor work,N1,N1_Group_3
固める,かためる,"to harden, to freeze, to fortify",N1,N1_Group_3
達者,たっしゃ,"skillful, in good health",N1,N1_Group_3
建前,たてまえ,position; stance one takes in public; principle,N1,N1_Group_3
他方,たほう,"another side, on the other hand",N1,N1_Group_3
多様,たよう,"diversity, variety",N1,N1_Group_3
短縮,たんしゅく,"shortening, abbreviation, reduction",N1,N1_Group_3
傷付く,きずつく,"to be hurt, to be wounded, to get injured",N1,N1_Group_3
旦那,だんな,"master (of house), husband (informal)",N1,N1_Group_3
短波,たんぱ,short wave,N1,N1_Group_3
弾力,だんりょく,"elasticity, flexibility",N1,N1_Group_3
地形,ちけい,"landform, geographical features, topography",N1,N1_Group_3
着色,ちゃくしょく,"coloring, coloring",N1,N1_Group_3
鍛える,きたえる,"to forge, to train, to discipline",N1,N1_Group_3
着席,ちゃくせき,"sit down, seat",N1,N1_Group_3
着陸,ちゃくりく,"landing, touch down",N1,N1_Group_3
着工,ちゃっこう,start of (construction) work,N1,N1_Group_3
中枢,ちゅうすう,"center, mainstay, nucleus",N1,N1_Group_3
抽選,ちゅうせん,"lottery, raffle, drawing (of lots)",N1,N1_Group_3
興じる,きょうじる,"to amuse oneself, to make merry",N1,N1_Group_3
中断,ちゅうだん,"interruption, suspension, break",N1,N1_Group_3
中腹,ちゅうふく,"mountain side, halfway up",N1,N1_Group_3
調印,ちょういん,"signature, sign, sealing",N1,N1_Group_3
長官,ちょうかん,"chief, (government) secretary",N1,N1_Group_3
聴講,ちょうこう,"lecture attendance, auditing",N1,N1_Group_3
くぐる,くぐる,to pass through; to go around,N1,N1_Group_3
重複,ちょうふく,"duplication, repetition, overlapping, redundancy, restoration",N1,N1_Group_3
長編,ちょうへん,"long (e.g., novel, film)",N1,N1_Group_3
著書,ちょしょ,"literary work, book",N1,N1_Group_3
著名,ちょめい,"well-known, noted, celebrated",N1,N1_Group_3
沈殿,ちんでん,"precipitation, deposition, settlement",N1,N1_Group_3
親しむ,したしむ,"to be intimate with, to befriend",N1,N1_Group_3
陳列,ちんれつ,"exhibition, display, show",N1,N1_Group_3
墜落,ついらく,"falling, crashing",N1,N1_Group_3
痛感,つうかん,"feeling keenly, fully realizing",N1,N1_Group_3
作り,つくり,"make up, structure, physique",N1,N1_Group_3
造り,つくり,"make up, structure, physique",N1,N1_Group_3
赤らむ,あからむ,"to become red, to blush",N1,N1_Group_3
手当,てあて,"allowance, compensation; treatment",N1,N1_Group_3
定食,ていしょく,"fixed-price lunch, set meal, dinner",N1,N1_Group_3
手数,てかず,"trouble, labor, handling",N1,N1_Group_3
手錠,てじょう,"handcuffs, manacles",N1,N1_Group_3
手数,てすう,"trouble, labor, handling",N1,N1_Group_3
甘える,あまえる,"to behave like a spoiled child, to fawn on",N1,N1_Group_3
手近,てぢか,"near, handy, familiar",N1,N1_Group_3
手元,てもと,"(money) on hand or at home, one's purse; usual skill",N1,N1_Group_3
天下,てんか,"the world, whole country",N1,N1_Group_3
連休,れんきゅう,consecutive holidays,N1,N1_Group_3
連中,れんちゅう,"colleagues, company, a lot",N1,N1_Group_3
危ぶむ,あやぶむ,"to fear, to have misgivings, to be doubtful",N1,N1_Group_3
連盟,れんめい,"league, union, alliance",N1,N1_Group_3
朗読,ろうどく,"reading aloud, recitation",N1,N1_Group_3
労力,ろうりょく,"labor, effort, trouble",N1,N1_Group_3
割当,わりあて,"allotment, allocation, quota",N1,N1_Group_3
悪者,わるもの,"bad fellow, rascal",N1,N1_Group_3
改まる,あらたまる,to be renewed; to be formal,N1,N1_Group_3
破棄,はき,"revocation, annulment, breaking (e.g., treaty)",N1,N1_Group_3
薄弱,はくじゃく,"feebleness, weakness, weak",N1,N1_Group_3
爆破,ばくは,"blast, explosion, blow up",N1,N1_Group_3
派遣,はけん,"dispatch, send",N1,N1_Group_3
発育,はついく,"(physical) growth, development",N1,N1_Group_3
生かす,いかす,to keep something alive; to make use of,N1,N1_Group_3
発生,はっせい,"outbreak, spring forth, occurrence",N1,N1_Group_3
下火,したび,"burning low, waning, declining",N1,N1_Group_3
実家,じっか,(one's parents') home,N1,N1_Group_3
失格,しっかく,"disqualification, elimination, incapacity (legal)",N1,N1_Group_3
失脚,しっきゃく,"losing one's standing, being overthrown, falling",N1,N1_Group_3
準じる,じゅんじる,"to follow, to conform, to apply to",N1,N1_Group_3
実践,じっせん,"practice, put into practice",N1,N1_Group_3
質素,しっそ,"simplicity, modesty, frugality",N1,N1_Group_3
実費,じっぴ,"actual expense, cost price",N1,N1_Group_3
始発,しはつ,first train,N1,N1_Group_3
社交,しゃこう,social life,N1,N1_Group_3
称する,しょうする,"to take the name of, to call oneself",N1,N1_Group_3
社宅,しゃたく,company owned house,N1,N1_Group_3
若干,じゃっかん,"some, few, number of",N1,N1_Group_3
砂利,じゃり,"gravel, ballast, pebbles",N1,N1_Group_3
収益,しゅうえき,"earnings, proceeds, returns",N1,N1_Group_3
修学,しゅうがく,learning,N1,N1_Group_3
据える,すえる,"to set, to lay, to place",N1,N1_Group_3
就業,しゅうぎょう,"employment, starting work",N1,N1_Group_3
収支,しゅうし,income and expenditure,N1,N1_Group_3
終始,しゅうし,from beginning to end; consistent(ly),N1,N1_Group_3
従事,じゅうじ,"engaging, pursuing, following",N1,N1_Group_3
終日,しゅうじつ,all day,N1,N1_Group_3
澄ます,すます,"to clear, to make clear, to listen for",N1,N1_Group_3
執着,しゅうじゃく,"attachment, adhesion, tenacity",N1,N1_Group_3
執着,しゅうちゃく,"attachment, adhesion, tenacity",N1,N1_Group_3
収容,しゅうよう,accommodation; seating; custody,N1,N1_Group_3
守衛,しゅえい,"security guard, doorkeeper",N1,N1_Group_3
主演,しゅえん,"starring, playing the leading part",N1,N1_Group_3
清ます,すます,"to clear, to make clear, to listen for",N1,N1_Group_3
主観,しゅかん,"subjectivity, subject, ego",N1,N1_Group_3
修行,しゅぎょう,"pursuit of knowledge, training, ascetic practice",N1,N1_Group_3
宿命,しゅくめい,"fate, destiny, predestination",N1,N1_Group_3
手芸,しゅげい,handicrafts,N1,N1_Group_3
趣旨,しゅし,"object, meaning",N1,N1_Group_3
済ます,すます,to finish; to settle; to do without,N1,N1_Group_3
主食,しゅしょく,staple food,N1,N1_Group_3
出産,しゅっさん,childbirth,N1,N1_Group_3
出社,しゅっしゃ,come to work,N1,N1_Group_3
昼飯,ひるめし,lunch (mid-day meal),N1,N1_Group_3
疲労,ひろう,"fatigue, weariness",N1,N1_Group_3
添える,そえる,"to add to, to attach, to accompany",N1,N1_Group_3
敏感,びんかん,"sensibility, susceptibility, sensitive (to)",N1,N1_Group_3
風車,ふうしゃ,windmill,N1,N1_Group_3
風土,ふうど,"natural features, climate",N1,N1_Group_3
不吉,ふきつ,"ominous, sinister, bad luck, ill omen",N1,N1_Group_3
覆面,ふくめん,"mask, veil, disguise",N1,N1_Group_3
聳える,そびえる,"to rise, to tower, to soar",N1,N1_Group_3
富豪,ふごう,"wealthy person, millionaire",N1,N1_Group_3
不審,ふしん,"suspicious, doubt, infidelity",N1,N1_Group_3
不調,ふちょう,"bad condition, disorder, slump",N1,N1_Group_3
物資,ぶっし,"goods, materials",N1,N1_Group_3
沸騰,ふっとう,"boiling, seething",N1,N1_Group_3
染める,そめる,"to dye, to color",N1,N1_Group_3
赴任,ふにん,(proceeding to) new appointment,N1,N1_Group_3
不評,ふひょう,"bad reputation, disgrace, unpopularity",N1,N1_Group_3
不明,ふめい,"unknown, ambiguous",N1,N1_Group_3
部門,ぶもん,"class, group, category, department, field, branch",N1,N1_Group_3
不良,ふりょう,"badness, delinquent, failure",N1,N1_Group_3
そらす,そらす,"to bend, to warp",N1,N1_Group_3
武力,ぶりょく,"armed might, military power, the sword, force",N1,N1_Group_3
付録,ふろく,"appendix, supplement",N1,N1_Group_3
噴出,ふんしゅつ,"spewing, gushing, spouting",N1,N1_Group_3
文書,ぶんしょ,"document, writing",N1,N1_Group_3
紛争,ふんそう,"dispute, trouble, strife",N1,N1_Group_3
耐える,たえる,"to endure, to put up with",N1,N1_Group_3
奮闘,ふんとう,"hard struggle, strenuous effort",N1,N1_Group_3
分裂,ぶんれつ,"split, division, break up",N1,N1_Group_3
閉鎖,へいさ,"closing, closure, shutdown",N1,N1_Group_3
兵士,へいし,soldier,N1,N1_Group_3
並列,へいれつ,"arrangement, parallel, abreast",N1,N1_Group_3
堪える,たえる,"to endure, to put up with",N1,N1_Group_3
辟易,へきえき,"wince, shrink back, succumbing to, being frightened",N1,N1_Group_3
弁解,べんかい,"explanation, justification, excuse",N1,N1_Group_3
変革,へんかく,"change, reform(the) Reformation",N1,N1_Group_3
返還,へんかん,"return, restoration",N1,N1_Group_3
返済,へんさい,repayment,N1,N1_Group_3
変遷,へんせん,"change, transition, vicissitudes",N1,N1_Group_3
変動,へんどう,"change, fluctuation",N1,N1_Group_3
法案,ほうあん,bill (law),N1,N1_Group_3
奉仕,ほうし,"attendance, service",N1,N1_Group_3
呆然,ぼうぜん,"dumbfounded, overcome with surprise",N1,N1_Group_3
放置,ほうち,"leave as is, leave alone, neglect",N1,N1_Group_3
冒頭,ぼうとう,"beginning, start, outset",N1,N1_Group_3
暴風,ぼうふう,"storm, windstorm, gale",N1,N1_Group_3
保温,ほおん,"retaining warmth, keeping heat in, heat insulation",N1,N1_Group_3
母国,ぼこく,one's home country (same as 自分の国 (じぶんのくに)),N1,N1_Group_3
没落,ぼつらく,"ruin, fall, collapse",N1,N1_Group_3
保養,ほよう,"health preservation, recuperation, recreation",N1,N1_Group_3
本国,ほんごく,one's own country,N1,N1_Group_3
本質,ほんしつ,"essence, true nature, reality",N1,N1_Group_3
本体,ほんたい,"substance, body, trunk",N1,N1_Group_3
本場,ほんば,"home, best place, genuine",N1,N1_Group_3
本文,ほんぶん,"text (of document), body (of letter)",N1,N1_Group_3
本名,ほんみょう,real name,N1,N1_Group_4
のどか,のどか,"tranquil, calm, quiet",N1,N1_Group_4
真上,まうえ,"just above, right overhead",N1,N1_Group_4
未知,みち,not yet known,N1,N1_Group_4
真下,ました,"right under, directly below",N1,N1_Group_4
絶える,たえる,"to die out, to become extinct",N1,N1_Group_4
気立て,きだて,"good-natured, kind-hearted",N1,N1_Group_4
末期,まっき,"deathbed, hour of death",N1,N1_Group_4
故～,こ～,"deceased, late",N1,N1_Group_4
瞬き,まばたき,"wink, twinkling (of stars), flicker (of light)",N1,N1_Group_4
清らか,きよらか,"clean, pure, chaste",N1,N1_Group_4
断える,たえる,"to cease, to become extinct",N1,N1_Group_4
満場,まんじょう,"unanimous, whole audience",N1,N1_Group_4
未定,みてい,"not yet fixed, undecided, pending",N1,N1_Group_4
未熟,みじゅく,"inexperience, unskilled, immature",N1,N1_Group_4
健やか,すこやか,"vigorous, healthy, sound",N1,N1_Group_4
身近,みぢか,"near oneself, close to one, familiar",N1,N1_Group_4
違える,ちがえる,to change,N1,N1_Group_4
～光,～こう,light,N1,N1_Group_4
密集,みっしゅう,"crowd, close formation, dense",N1,N1_Group_4
素早い,すばやい,"fast, quick",N1,N1_Group_4
密接,みっせつ,"connected, close, intimate",N1,N1_Group_4
勇敢,ゆうかん,"bravery, heroism, gallantry",N1,N1_Group_4
縮まる,ちぢまる,"to be shortened, to be contracted, to shrink",N1,N1_Group_4
密度,みつど,density,N1,N1_Group_4
切ない,せつない,"painful, trying, sad",N1,N1_Group_4
民宿,みんしゅく,private house providing lodging and meals to tourists,N1,N1_Group_4
～派,～は,"group, party, section (mil)",N1,N1_Group_4
民族,みんぞく,"people, race",N1,N1_Group_4
費やす,ついやす,"to spend, to devote, to waste",N1,N1_Group_4
だるい,だるい,"sluggish, feel heavy (tired), languid",N1,N1_Group_4
結び,むすび,"ending, conclusion, union",N1,N1_Group_4
甚だ,はなはだ,"very, greatly, exceedingly",N1,N1_Group_4
無茶,むちゃ,"absurd, unreasonable",N1,N1_Group_4
無邪気,むじゃき,"innocence, simple-mindedness",N1,N1_Group_4
仕える,つかえる,"to serve, to work for",N1,N1_Group_4
無用,むよう,"useless, needlessness, unnecessariness",N1,N1_Group_4
無論,むろん,"of course, naturally",N1,N1_Group_4
名称,めいしょう,name,N1,N1_Group_4
久しい,ひさしい,"long, long-continued, old (story)",N1,N1_Group_4
名簿,めいぼ,register of names,N1,N1_Group_4
尽きる,つきる,"to be used up, to be run out",N1,N1_Group_4
万人,ばんにん,"all people, everybody, 10000 people",N1,N1_Group_4
名誉,めいよ,"honor, credit, prestige",N1,N1_Group_4
雑,ざつ,"rough, crude",N1,N1_Group_4
滅亡,めつぼう,"downfall, collapse, destruction",N1,N1_Group_4
目途,めど,"goal, outlook",N1,N1_Group_4
尽くす,つくす,"to exhaust, to run out; to devote, to serve",N1,N1_Group_4
面目,めんぼく,"face, honor, reputation",N1,N1_Group_4
なにとぞ,なにとぞ,"please, kindly, by all means",N1,N1_Group_4
面目,めんもく,"face, honor, reputation",N1,N1_Group_4
脆い,もろい,"brittle, fragile, tender-hearted",N1,N1_Group_4
野外,やがい,"fields, outskirts, open air, suburbs",N1,N1_Group_4
連なる,つらなる,"to extend, to stretch out, to stand in a row",N1,N1_Group_4
役職,やくしょく,"post, managerial position, official position",N1,N1_Group_4
役場,やくば,town hall,N1,N1_Group_4
優位,ゆうい,"predominance, ascendancy, superiority",N1,N1_Group_4
優越,ゆうえつ,"supremacy, predominance, being superior to",N1,N1_Group_4
優勢,ゆうせい,"superiority, superior power, predominance",N1,N1_Group_4
連ねる,つらねる,"to link, to join, to put together",N1,N1_Group_4
有望,ゆうぼう,"good prospects, full of hope, promising",N1,N1_Group_4
誘惑,ゆうわく,"temptation, allurement, lure",N1,N1_Group_4
要因,よういん,"primary factor, main cause",N1,N1_Group_4
用法,ようほう,"directions, rules of use",N1,N1_Group_4
余暇,よか,"leisure, leisure time, spare time",N1,N1_Group_4
剥げる,はげる,"to come off, to be worn off, to fade, to discolor",N1,N1_Group_4
予感,よかん,"presentiment, premonition",N1,N1_Group_4
余興,よきょう,"side show, entertainment",N1,N1_Group_4
預金,よきん,"deposit, bank account",N1,N1_Group_4
抑圧,よくあつ,"restraint, oppression, suppression",N1,N1_Group_4
抑制,よくせい,"control, restraint, suppression",N1,N1_Group_4
化ける,ばける,"to disguise, to take the form of",N1,N1_Group_4
予言,よげん,"prediction, promise, prognostication",N1,N1_Group_4
良し,よし,all right!,N1,N1_Group_4
余地,よち,"place, room, margin",N1,N1_Group_4
与党,よとう,"government party, (ruling) party in power, government",N1,N1_Group_4
来場,らいじょう,attendance,N1,N1_Group_4
果たす,はたす,"to accomplish, to fulfill, to carry out, to achieve",N1,N1_Group_4
落下,らっか,"fall, drop, come down",N1,N1_Group_4
濫用,らんよう,"abuse, misuse, using to excess",N1,N1_Group_4
理屈,りくつ,"theory, reason",N1,N1_Group_4
利潤,りじゅん,"profit, returns",N1,N1_Group_4
理性,りせい,"reason, sense",N1,N1_Group_4
躾ける,しつける,"to discipline, to teach manners",N1,N1_Group_4
立体,りったい,solid body,N1,N1_Group_4
立法,りっぽう,"legislation, lawmaking",N1,N1_Group_4
流通,りゅうつう,"circulation of money or goods, distribution",N1,N1_Group_4
了解,りょうかい,"comprehension, consent, understanding",N1,N1_Group_4
領海,りょうかい,territorial waters,N1,N1_Group_4
洒落る,しゃれる,"to joke, to play on words; stylish",N1,N1_Group_4
良識,りょうしき,good sense,N1,N1_Group_4
良質,りょうしつ,"good quality, superior quality",N1,N1_Group_4
了承,りょうしょう,"acknowledgment, understanding",N1,N1_Group_4
両立,りょうりつ,"compatibility, coexistence, standing together",N1,N1_Group_4
履歴,りれき,"personal history, background, log",N1,N1_Group_4
惚ける,ぼける,"to grow senile, to fade",N1,N1_Group_4
類似,るいじ,analogous,N1,N1_Group_4
冷酷,れいこく,"cruelty, coldheartedness, ruthless",N1,N1_Group_4
恋愛,れんあい,"love, romance",N1,N1_Group_4
発病,はつびょう,"attack, to become sick",N1,N1_Group_4
初耳,はつみみ,something heard for the first time,N1,N1_Group_4
綻びる,ほころびる,"to come apart at the seams, to smile broadly",N1,N1_Group_4
果て,はて,"the end, the extremity, the limit(s)",N1,N1_Group_4
遥か,はるか,"far, far-away, distant",N1,N1_Group_4
破裂,はれつ,"explosion, rupture, break off",N1,N1_Group_4
反感,はんかん,"antipathy, revolt, animosity",N1,N1_Group_4
反撃,はんげき,"counterattack, counteroffensive, counterblow",N1,N1_Group_4
解ける,ほどける,"to come untied, to come apart",N1,N1_Group_4
晩年,ばんねん,(one's) last years,N1,N1_Group_4
万能,ばんのう,"all-purpose, almighty, omnipotent",N1,N1_Group_4
氾濫,はんらん,"overflowing, flood",N1,N1_Group_4
控室,ひかえしつ,waiting room,N1,N1_Group_4
否決,ひけつ,"rejection, negation, voting down",N1,N1_Group_4
負かす,まかす,to defeat,N1,N1_Group_4
日頃,ひごろ,"normally, habitually",N1,N1_Group_4
必修,ひっしゅう,required (subject),N1,N1_Group_4
一息,ひといき,"a breath, a pause, an effort",N1,N1_Group_4
人影,ひとかげ,"man's shadow, soul",N1,N1_Group_4
人柄,ひとがら,"personality, character",N1,N1_Group_4
丸める,まるめる,"to make round, to round off, to roll up",N1,N1_Group_4
人気,ひとけ,sign of life,N1,N1_Group_4
一頃,ひところ,"once, some time ago",N1,N1_Group_4
雛祭,ひなまつり,Girls' (dolls') Festival,N1,N1_Group_4
日向,ひなた,"sunny place, in the sun",N1,N1_Group_4
びら,びら,"handout, leaflet",N1,N1_Group_4
乱れる,みだれる,"to get confused, to be disordered, to be disturbed",N1,N1_Group_4
心掛け,こころがけ,"readiness, intention, aim",N1,N1_Group_4
こたつ,こたつ,"table with heater, (originally) charcoal brazier in a floor well",N1,N1_Group_4
逆立ち,さかだち,"handstand, headstand",N1,N1_Group_4
参議院,さんぎいん,House of Councilors,N1,N1_Group_4
遠回り,とおまわり,"detour, roundabout way",N1,N1_Group_4
見習う,みならう,to follow another's example,N1,N1_Group_4
とかく,とかく,"anyhow, anyway, in any case",N1,N1_Group_4
戸締り,とじまり,"closing up, locking the doors",N1,N1_Group_4
とって,とって,"handle, grip, knob",N1,N1_Group_4
共稼ぎ,ともかせぎ,"working together, (husband and wife) earning a living together",N1,N1_Group_4
共働き,ともばたらき,dual income (husband and wife both working),N1,N1_Group_4
見逃す,みのがす,"to miss, to overlook, to leave at large",N1,N1_Group_4
取締り,とりしまり,"control, crackdown, supervision",N1,N1_Group_4
憎しみ,にくしみ,hatred,N1,N1_Group_4
値打ち,ねうち,"value, worth, price",N1,N1_Group_4
ネガ,ネガ,(photographic) negative,N1,N1_Group_4
捩れる,ねじれる,"twist, strain",N1,N1_Group_4
見渡す,みわたす,"to look out over, to survey (scene), to take an extensive view of",N1,N1_Group_4
値引き,ねびき,"price reduction, discount",N1,N1_Group_4
配偶者,はいぐうしゃ,spouse,N1,N1_Group_4
一概に,いちがいに,"unconditionally, necessarily",N1,N1_Group_4
おんぶ,おんぶ,carrying on one's back (erg. Baby),N1,N1_Group_4
駆け足,かけあし,"running fast, double time",N1,N1_Group_4
設ける,もうける,"to create, to establish",N1,N1_Group_4
体付き,からだつき,"body build, figure",N1,N1_Group_4
完ぺき,かんぺき,"perfection, completeness, flawless",N1,N1_Group_4
感無量,かんむりょう,"deep feeling, filled with emotion",N1,N1_Group_4
気兼ね,きがね,"hesitance, diffidence, feeling constraint",N1,N1_Group_4
議事堂,ぎじどう,Diet building,N1,N1_Group_4
もてる,もてる,"to be well liked, to be popular",N1,N1_Group_4
切れ目,きれめ,"break, pause, gap",N1,N1_Group_4
区切り,くぎり,"an end, a stop, punctuation",N1,N1_Group_4
ぐっと,ぐっと,"firmly, fast, more",N1,N1_Group_4
時刻表,じこくひょう,"timetable, (train) schedule",N1,N1_Group_4
敢えて,あえて,"dare (to do), venture (to do), challenge (to do)",N1,N1_Group_4
もめる,もめる,"to disagree, to dispute",N1,N1_Group_4
上がり,あがり,"ascent; income; completion, stop",N1,N1_Group_4
後回し,あとまわし,"putting off, postponing",N1,N1_Group_4
有り様,ありさま,"state, condition",N1,N1_Group_4
言い訳,いいわけ,"excuse, explanation",N1,N1_Group_4
いかに,いかに,"how, in what way",N1,N1_Group_4
休める,やすめる,"to rest, to suspend, to give relief",N1,N1_Group_4
新入生,しんにゅうせい,"new student, first-year student, freshman",N1,N1_Group_4
先天的,せんてんてき,"inherent, congenital, hereditary",N1,N1_Group_4
台無し,だいなし,"mess, spoiled, (come to) nothing",N1,N1_Group_4
抱っこ,だっこ,(child's) hug,N1,N1_Group_4
他動詞,たどうし,transitive verb (direct object),N1,N1_Group_4
有する,ゆうする,"to own, to be endowed with",N1,N1_Group_4
溜まり,たまり,"collected things, gathering place, arrears",N1,N1_Group_4
使い道,つかいみち,use,N1,N1_Group_4
勤め先,つとめさき,place of work,N1,N1_Group_4
努めて,つとめて,"make an effort!, work hard!",N1,N1_Group_4
手遅れ,ておくれ,being (too); belated treatment,N1,N1_Group_4
揺らぐ,ゆらぐ,"to swing, to sway, to shake",N1,N1_Group_4
下取り,したどり,"trade in, part exchange",N1,N1_Group_4
耳鼻科,じびか,otolaryngology,N1,N1_Group_4
衆議院,しゅうぎいん,"Lower House, House of Representatives",N1,N1_Group_4
従業員,じゅうぎょういん,"employee, worker",N1,N1_Group_4
主人公,しゅじんこう,protagonist,N1,N1_Group_4
緩める,ゆるめる,"to loosen, to slow down",N1,N1_Group_4
不景気,ふけいき,"business recession, hard times, depression",N1,N1_Group_4
身なり,みなり,personal appearance,N1,N1_Group_4
身の上,みのうえ,"one's future, one's welfare, one's personal history",N1,N1_Group_4
無意味,むいみ,"nonsense, no meaning",N1,N1_Group_4
無闇に,むやみに,"unreasonably, absurdly, at random",N1,N1_Group_4
要する,ようする,"to demand, to require, to take",N1,N1_Group_4
目付き,めつき,"look, expression of the eyes, eyes",N1,N1_Group_4
申し分,もうしぶん,"objection, shortcomings",N1,N1_Group_4
物好き,ものずき,(idle) curiosity,N1,N1_Group_4
夕暮れ,ゆうぐれ,"evening, (evening) twilight",N1,N1_Group_4
ゆとり,ゆとり,"reserve, affluence, time (to spare)",N1,N1_Group_4
果てる,はてる,"to end, to be finished, to be exhausted",N1,N1_Group_4
余所見,よそみ,"looking away, looking aside",N1,N1_Group_4
花びら,はなびら,(flower) petal,N1,N1_Group_4
華やか,はなやか,"brilliant, gorgeous, florid",N1,N1_Group_4
原っぱ,はらっぱ,"open field, empty lot, plain",N1,N1_Group_4
左利き,ひだりきき,"left-handedness, sake drinker, left-hander",N1,N1_Group_4
はまる,はまる,"to get into, to go into, to fit, to be fit for, to suit",N1,N1_Group_4
日取り,ひどり,"fixed date, appointed day",N1,N1_Group_4
甲,こう,1st in rank; shell,N1,N1_Group_4
志,こころざし,"will, intention, motive",N1,N1_Group_4
梢,こずえ,treetop,N1,N1_Group_4
財,ざい,"fortune, riches",N1,N1_Group_4
竿,さお,"rod, pole (e.g., for drying laundry)",N1,N1_Group_4
侍,さむらい,samurai,N1,N1_Group_4
酸,さん,acid,N1,N1_Group_4
仕上がり,しあがり,"finish, end, completion",N1,N1_Group_4
シート,シート,seat; sheet,N1,N1_Group_4
潮,しお,tide,N1,N1_Group_4
獣,けだもの,"beast, brute",N1,N1_Group_4
決,けつ,"decision, vote",N1,N1_Group_4
げっそり,げっそり,"being disheartened, losing weight",N1,N1_Group_4
獣,けもの,"beast, brute",N1,N1_Group_4
どうにか,どうにか,"in some way or other, one way or another",N1,N1_Group_4
どうやら,どうやら,"it seems like, somehow or other",N1,N1_Group_4
届,とどけ,"report, notification, registration",N1,N1_Group_4
富,とみ,"wealth, fortune",N1,N1_Group_4
とりあえず,とりあえず,"at once, first of all, for the time being",N1,N1_Group_4
取り替え,とりかえ,"swap, exchange",N1,N1_Group_4
鉛,なまり,lead (the metal),N1,N1_Group_4
ニュー,ニュー,new,N1,N1_Group_5
馴々しい,なれなれしい,"familiar, make free with",N1,N1_Group_5
尿,にょう,urine,N1,N1_Group_5
てんで,てんで,"(not) at all, altogether, entirely",N1,N1_Group_5
沼,ぬま,"swamp, bog, pond",N1,N1_Group_5
腫れる,はれる,"to swell (from inflammation, to become swollen)",N1,N1_Group_5
うっとうしい,うっとうしい,"weary, annoying",N1,N1_Group_5
刃,は,"blade, sword",N1,N1_Group_5
～街,～がい,town,N1,N1_Group_5
パート,パート,part-time job,N1,N1_Group_5
かなわない,かなわない,"be beyond one's power, be unable",N1,N1_Group_5
控える,ひかえる,to hold back; to make notes,N1,N1_Group_5
うたた寝,うたたね,"dozing, napping",N1,N1_Group_5
即座に,そくざに,"immediately, right away",N1,N1_Group_5
器,うつわ,"bowl, vessel, container",N1,N1_Group_5
きまりわるい,きまりわるい,"feeling awkward, being ashamed",N1,N1_Group_5
生まれつき,うまれつき,"by nature, by birth, native",N1,N1_Group_5
率いる,ひきいる,"to lead, to spearhead (a group), to command (troops)",N1,N1_Group_5
～画,～かく,~ strokes,N1,N1_Group_5
液,えき,"liquid, fluid",N1,N1_Group_5
呆気ない,あっけない,"not enough, too quick (short, long, etc.)",N1,N1_Group_5
襟,えり,"neck, collar",N1,N1_Group_5
まして,まして,"still more, still less (with neg. verb), to say nothing of",N1,N1_Group_5
引取る,ひきとる,to take back; to adopt; to leave,N1,N1_Group_5
公,おおやけ,public,N1,N1_Group_5
生き甲斐,いきがい,"something one lives for, very important",N1,N1_Group_5
雄,おす,male (animal),N1,N1_Group_5
片～,かた～,single ~,N1,N1_Group_5
乙,おつ,2nd in rank,N1,N1_Group_5
心掛ける,こころがける,"to bear in mind, to aim to do",N1,N1_Group_5
行き違い,いきちがい,"misunderstanding, disagreement",N1,N1_Group_5
お手上げ,おてあげ,"given in, given up hope",N1,N1_Group_5
もはや,もはや,"already, now",N1,N1_Group_5
おどおど,おどおど,"coweringly, hesitantly",N1,N1_Group_5
素っ気無い,そっけない,"cold, short, curt, blunt",N1,N1_Group_5
こじれる,こじれる,"to get complicated, to grow worse",N1,N1_Group_5
自ずから,おのずから,"naturally, as a matter of course",N1,N1_Group_5
趣,おもむき,"flavor, appearance, quaint",N1,N1_Group_5
折,おり,"chance, occasion",N1,N1_Group_5
ぞんざい,ぞんざい,"rude, careless, slovenly",N1,N1_Group_5
檻,おり,"cage, pen, jail cell",N1,N1_Group_5
差し掛かる,さしかかる,"to come near to, to approach",N1,N1_Group_5
なおさら,なおさら,"all the more, still less",N1,N1_Group_5
賭,かけ,"betting, gambling, a gamble",N1,N1_Group_5
たくましい,たくましい,"burly, strong, sturdy",N1,N1_Group_5
崖,がけ,cliff,N1,N1_Group_5
がっくり,がっくり,heartbroken,N1,N1_Group_5
差し出す,さしだす,"to present, to submit, to hold out",N1,N1_Group_5
粥,かゆ,rice porridge,N1,N1_Group_5
たやすい,たやすい,"easy, simple, light",N1,N1_Group_5
兆,きざし,"sign, omen, indication",N1,N1_Group_5
気まぐれ,きまぐれ,"whim, caprice, uneven temper",N1,N1_Group_5
きらびやか,きらびやか,"gorgeous, gaudy, dazzling",N1,N1_Group_5
蹴飛ばす,けとばす,"to kick away, to kick (someone)",N1,N1_Group_5
茎,くき,stalk,N1,N1_Group_5
嘴,くちばし,"beak, bill",N1,N1_Group_5
くっきり,くっきり,"distinctly, clearly, boldly",N1,N1_Group_5
芸,げい,"art, accomplishment, performance",N1,N1_Group_5
軸,じく,"axis, stem, shaft",N1,N1_Group_5
遠ざかる,とおざかる,to go far off,N1,N1_Group_5
垢,あか,"dirt, filth",N1,N1_Group_5
顎,あご,chin,N1,N1_Group_5
麻,あさ,hemp,N1,N1_Group_5
悪しからず,あしからず,"don't take me wrong, but..., I'm sorry",N1,N1_Group_5
あべこべ,あべこべ,"contrary, opposite, inverse",N1,N1_Group_5
とぎれる,とぎれる,"to pause, to be interrupted",N1,N1_Group_5
網,あみ,net,N1,N1_Group_5
あやふや,あやふや,"uncertain, vague, ambiguous",N1,N1_Group_5
いい加減,いいかげん,"random, irresponsible",N1,N1_Group_5
陣,じん,"battle formation, camp, encampment",N1,N1_Group_5
粋,すい,essence,N1,N1_Group_5
途絶える,とだえる,"to stop, to cease, to come to an end",N1,N1_Group_5
すんなり,すんなり,"pass with no objection, slim, slender",N1,N1_Group_5
伜,せがれ,"son, my son",N1,N1_Group_5
先,せん,"priority, precedence, previous",N1,N1_Group_5
それゆえ,それゆえ,"therefore, for that reason, so",N1,N1_Group_5
ダース,ダース,dozen,N1,N1_Group_5
とぼける,とぼける,"to play dumb, to feign ignorance, to play innocent, to have a blank facial expression; to play the fool; to be in one's dotage",N1,N1_Group_5
タイム,タイム,time,N1,N1_Group_5
丈,たけ,"length, height",N1,N1_Group_5
魂,たましい,"soul, spirit",N1,N1_Group_5
乳,ちち,"milk, breast, loop",N1,N1_Group_5
ちやほや,ちやほや,"pamper, make a fuss of, spoil",N1,N1_Group_5
取り扱う,とりあつかう,"to treat, to handle, to deal in",N1,N1_Group_5
腸,ちょう,"bowels, intestines",N1,N1_Group_5
蝶,ちょう,butterfly,N1,N1_Group_5
超,ちょう,"super-, ultra-, hyper-",N1,N1_Group_5
塵,ちり,"dust, dirt",N1,N1_Group_5
杖,つえ,cane,N1,N1_Group_5
取り組む,とりくむ,"to tackle, to engage in a bout, to come to grips with",N1,N1_Group_5
つかの間,つかのま,"moment, brief time,",N1,N1_Group_5
筒,つつ,"pipe, tube",N1,N1_Group_5
角,つの,horn,N1,N1_Group_5
壷,つぼ,"jar, pot, vase",N1,N1_Group_5
掌,てのひら,the palm,N1,N1_Group_5
取り締まる,とりしまる,"to crack down, to control, to supervise",N1,N1_Group_5
天,てん,"heaven, sky",N1,N1_Group_5
技,わざ,"art, technique",N1,N1_Group_5
藁,わら,straw,N1,N1_Group_5
恥,はじ,"shame, embarrassment",N1,N1_Group_5
罰,ばつ,"punishment, penalty",N1,N1_Group_5
取り付ける,とりつける,"to furnish, to install; to get someone's agreement",N1,N1_Group_5
バッジ,バッジ,badge,N1,N1_Group_5
弱,じゃく,"delicate, supple",N1,N1_Group_5
封,ふう,seal,N1,N1_Group_5
ぶかぶか,ぶかぶか,"too big, baggy",N1,N1_Group_5
札,ふだ,"token, label; ticket, card; charm, talisman",N1,N1_Group_5
取り除く,とりのぞく,"to remove, to take away, to set apart",N1,N1_Group_5
ぶらぶら,ぶらぶら,"dangle heavily, sway to and fro, stroll idly",N1,N1_Group_5
振り出し,ふりだし,"outset, starting point, drawing or issuing (draft)",N1,N1_Group_5
縁,へり,edge,N1,N1_Group_5
ポーズ,ポーズ,pause,N1,N1_Group_5
ホール,ホール,hall; hole,N1,N1_Group_5
取り巻く,とりまく,"to surround, to circle, to enclose",N1,N1_Group_5
誠,まこと,"truth, faith, fidelity",N1,N1_Group_5
まさしく,まさしく,"surely, no doubt, evidently",N1,N1_Group_5
源,みなもと,"source, origin",N1,N1_Group_5
峰,みね,"peak, ridge",N1,N1_Group_5
身の回り,みのまわり,"one's personal appearance, personal belongings",N1,N1_Group_5
取り混ぜる,とりまぜる,"to mix, to put together",N1,N1_Group_5
脈,みゃく,pulse,N1,N1_Group_5
結び付き,むすびつき,"connection, relation",N1,N1_Group_5
無茶苦茶,むちゃくちゃ,"confused, jumbled, mixed up, unreasonable",N1,N1_Group_5
斑,むら,"unevenness, inconsistency, irregularity",N1,N1_Group_5
雌,めす,female (animal),N1,N1_Group_5
取り戻す,とりもどす,"to take back, to regain",N1,N1_Group_5
持ち切り,もちきり,"hot topic, talk of the town",N1,N1_Group_5
矢,や,arrow,N1,N1_Group_5
闇,やみ,"darkness, shady, illegal",N1,N1_Group_5
ヤング,ヤング,young,N1,N1_Group_5
弓,ゆみ,bow,N1,N1_Group_5
取り寄せる,とりよせる,"to order, to send away for",N1,N1_Group_5
善し悪し,よしあし,"good or bad, merits or demerits, quality",N1,N1_Group_5
レバー,レバー,lever; liver,N1,N1_Group_5
浜,はま,"beach, seashore",N1,N1_Group_5
美,び,beauty,N1,N1_Group_5
ひょっと,ひょっと,"possibly, accidentally",N1,N1_Group_5
投げ出す,なげだす,"to abandon, to throw out",N1,N1_Group_5
現像,げんぞう,developing (film),N1,N1_Group_5
原則,げんそく,"principle, general rule",N1,N1_Group_5
見地,けんち,point of view,N1,N1_Group_5
原点,げんてん,"origin (coordinates, starting point)",N1,N1_Group_5
原典,げんてん,"original, source",N1,N1_Group_5
名付ける,なづける,to name,N1,N1_Group_5
原爆,げんばく,atomic bomb,N1,N1_Group_5
原文,げんぶん,"the text, original",N1,N1_Group_5
倹約,けんやく,"thrift, economy, frugality",N1,N1_Group_5
言論,げんろん,"discussion, speech",N1,N1_Group_5
語彙,ごい,"vocabulary, glossary",N1,N1_Group_5
成り立つ,なりたつ,"to consist of; to be practical (logical, feasible, viable), to be concluded, to hold true",N1,N1_Group_5
行為,こうい,"act, deed, conduct",N1,N1_Group_5
工学,こうがく,engineering,N1,N1_Group_5
抗議,こうぎ,"protest, objection",N1,N1_Group_5
合議,ごうぎ,"consultation, conference",N1,N1_Group_5
皇居,こうきょ,Imperial Palace,N1,N1_Group_5
逃げ出す,にげだす,"to run away, to escape from",N1,N1_Group_5
鉱業,こうぎょう,mining industry,N1,N1_Group_5
興業,こうぎょう,starting a business; industry,N1,N1_Group_5
高原,こうげん,"tableland, plateau",N1,N1_Group_5
交互,こうご,"mutual, reciprocal, alternate",N1,N1_Group_5
耕作,こうさく,"cultivation, farming",N1,N1_Group_5
抜け出す,ぬけだす,"to slip out, to sneak away, to excel",N1,N1_Group_5
鉱山,こうざん,mine,N1,N1_Group_5
口述,こうじゅつ,verbal statement,N1,N1_Group_5
控除,こうじょ,"subsidy, deduction",N1,N1_Group_5
行進,こうしん,"march, parade",N1,N1_Group_5
洪水,こうずい,flood,N1,N1_Group_5
寝かせる,ねかせる,"to put to bed, to lay down, to ferment",N1,N1_Group_5
合成,ごうせい,"synthetic, mixed",N1,N1_Group_5
構想,こうそう,"plan, plot, idea, conception",N1,N1_Group_5
公団,こうだん,public corporation,N1,N1_Group_5
口頭,こうとう,oral,N1,N1_Group_5
購読,こうどく,subscription,N1,N1_Group_5
乗っ取る,のっとる,"to capture, to occupy, to take over",N1,N1_Group_5
公認,こうにん,"official recognition, authorization",N1,N1_Group_5
公募,こうぼ,"public appeal, public contribution",N1,N1_Group_5
巧妙,こうみょう,"ingenious, skillful, clever",N1,N1_Group_5
小売,こうり,retail,N1,N1_Group_5
効率,こうりつ,efficiency,N1,N1_Group_5
飲み込む,のみこむ,"to gulp down, to swallow deeply, to understand",N1,N1_Group_5
公立,こうりつ,public institution,N1,N1_Group_5
護衛,ごえい,"guard, convoy, escort",N1,N1_Group_5
国防,こくぼう,national defense,N1,N1_Group_5
国有,こくゆう,national ownership,N1,N1_Group_5
極楽,ごくらく,paradise,N1,N1_Group_5
乗り込む,のりこむ,"to board, to get into (a car); to march into, to enter",N1,N1_Group_5
国連,こくれん,"U.N., United Nations",N1,N1_Group_5
語源,ごげん,"word root, word derivation, etymology",N1,N1_Group_5
試み,こころみ,"trial, experiment",N1,N1_Group_5
誤差,ごさ,error,N1,N1_Group_5
孤児,こじ,orphan,N1,N1_Group_5
受け入れる,うけいれる,"to accept, to receive",N1,N1_Group_5
誇張,こちょう,exaggeration,N1,N1_Group_5
滑稽,こっけい,"funny, humorous, comical",N1,N1_Group_5
固定,こてい,"fixation, fixing (e.g., salary, capital)",N1,N1_Group_5
事柄,ことがら,"matter, thing, affair, circumstance",N1,N1_Group_5
孤独,こどく,"isolation, loneliness, solitude",N1,N1_Group_5
受け付ける,うけつける,"to be accepted, to receive (an application)",N1,N1_Group_5
個別,こべつ,particular case,N1,N1_Group_5
固有,こゆう,"characteristic, tradition, peculiar",N1,N1_Group_5
根気,こんき,"patience; perseverance, energy",N1,N1_Group_5
根拠,こんきょ,"basis, foundation",N1,N1_Group_5
混血,こんけつ,"mixed race, mixed parentage",N1,N1_Group_5
受け止める,うけとめる,"to catch, to react to, to take",N1,N1_Group_5
昆虫,こんちゅう,"insect, bug",N1,N1_Group_5
根底,こんてい,"root, basis, foundation",N1,N1_Group_5
混同,こんどう,"confusion, mixing, merger",N1,N1_Group_5
根本,こんぽん,"foundation, root, base",N1,N1_Group_5
災害,さいがい,"calamity, disaster, misfortune",N1,N1_Group_5
細菌,さいきん,"bacillus, bacterium, germ",N1,N1_Group_5
採掘,さいくつ,mining,N1,N1_Group_5
再建,さいけん,(temple or shrine) rebuilding,N1,N1_Group_5
財源,ざいげん,"source of funds, resources, finances",N1,N1_Group_5
在庫,ざいこ,"stockpile, stock",N1,N1_Group_5
採算,さいさん,profit,N1,N1_Group_5
財政,ざいせい,"economy, financial affairs",N1,N1_Group_5
栽培,さいばい,cultivation,N1,N1_Group_5
細胞,さいぼう,cell,N1,N1_Group_5
差額,さがく,"balance, difference, margin",N1,N1_Group_5
作戦,さくせん,"military operations, tactics, strategy",N1,N1_Group_5
叫び,さけび,"shout, scream, outcry",N1,N1_Group_5
指図,さしず,"instruction, mandate",N1,N1_Group_5
殺人,さつじん,murder,N1,N1_Group_5
雑談,ざつだん,"chatting, idle talk",N1,N1_Group_5
最中,さなか,"in the middle of, midst",N1,N1_Group_5
座標,ざひょう,coordinates,N1,N1_Group_5
さも,さも,"with gusto, with satisfaction",N1,N1_Group_6
わざわざ,わざわざ,"take the trouble (to do), doing something especially rather than incidentally",N1,N1_Group_6
作用,さよう,"operation, effect, function",N1,N1_Group_6
あっさり,あっさり,"easily, readily, quickly",N1,N1_Group_6
山岳,さんがく,mountains,N1,N1_Group_6
打ち明ける,うちあける,"to confess, to be open",N1,N1_Group_6
はかない,はかない,"short-lived, momentary, ephemeral",N1,N1_Group_6
残酷,ざんこく,"cruelty, harshness",N1,N1_Group_6
～狂,～きょう,"maniac, fan, freak",N1,N1_Group_6
産出,さんしゅつ,"yield, produce",N1,N1_Group_6
しぶとい,しぶとい,"tenacious, stubborn",N1,N1_Group_6
打ち切る,うちきる,"to stop, to abort, to discontinue, to close",N1,N1_Group_6
参照,さんしょう,"reference, consultation, consultation",N1,N1_Group_6
しょっちゅう,しょっちゅう,"always, constantly",N1,N1_Group_6
残高,ざんだか,"(bank) balance, remainder",N1,N1_Group_6
紛らわしい,まぎらわしい,"confusing, misleading, ambiguous",N1,N1_Group_6
桟橋,さんばし,"wharf, jetty, pier",N1,N1_Group_6
うつむく,うつむく,"to look downward, to stoop",N1,N1_Group_6
～宛,～あて,"for…(e.g., In a letter)",N1,N1_Group_6
山腹,さんぷく,"hillside, mountainside",N1,N1_Group_6
みすぼらしい,みすぼらしい,"shabby, seedy",N1,N1_Group_6
山脈,さんみゃく,mountain range,N1,N1_Group_6
先だって,せんだって,"recently, the other day",N1,N1_Group_6
売り出す,うりだす,"to put on sale, to market",N1,N1_Group_6
飼育,しいく,"breeding, raising, rearing",N1,N1_Group_6
無駄遣い,むだづかい,"waste money on, squander money on",N1,N1_Group_6
歯科,しか,dentistry,N1,N1_Group_6
～署,～しょ,department,N1,N1_Group_6
自覚,じかく,self-conscious,N1,N1_Group_6
押し切る,おしきる,to have one's own way,N1,N1_Group_6
限定,げんてい,"limit, restriction",N1,N1_Group_6
仕掛,しかけ,"device, trick, mechanism",N1,N1_Group_6
ちょくちょく,ちょくちょく,"often, frequently, now and then, occasionally",N1,N1_Group_6
軽蔑,けいべつ,"scorn, disdain",N1,N1_Group_6
原油,げんゆ,crude oil,N1,N1_Group_6
恐れ入る,おそれいる,"to be filled with awe, to feel small",N1,N1_Group_6
経路,けいろ,"course, route, channel",N1,N1_Group_6
激励,げきれい,encouragement,N1,N1_Group_6
決意,けつい,"decision, determination",N1,N1_Group_6
快い,こころよい,"pleasant, agreeable",N1,N1_Group_6
結核,けっかく,tuberculosis,N1,N1_Group_6
折り返す,おりかえす,"to turn up, to fold back",N1,N1_Group_6
つくづく,つくづく,"completely, really",N1,N1_Group_6
決議,けつぎ,"resolution, vote, decision",N1,N1_Group_6
特技,とくぎ,special talent; skill,N1,N1_Group_6
結合,けつごう,"combination, union",N1,N1_Group_6
決算,けっさん,"balance sheet, settlement of accounts",N1,N1_Group_6
書き取る,かきとる,"to write down, to take dictation",N1,N1_Group_6
決勝,けっしょう,finals (in sports),N1,N1_Group_6
特産,とくさん,"specialty, special product",N1,N1_Group_6
結成,けっせい,formation,N1,N1_Group_6
結束,けっそく,"union, unity",N1,N1_Group_6
決断,けつだん,"decision, determination",N1,N1_Group_6
傷付ける,きずつける,"to wound, to hurt someone's feelings",N1,N1_Group_6
家来,けらい,"retainer, retinue, servant",N1,N1_Group_6
下痢,げり,diarrhea,N1,N1_Group_6
原形,げんけい,"original form, base form",N1,N1_Group_6
原型,げんけい,"prototype, model, archetypal",N1,N1_Group_6
現行,げんこう,"present, current, in operation",N1,N1_Group_6
問い合わせる,といあわせる,"to inquire, to seek information",N1,N1_Group_6
検事,けんじ,public prosecutor,N1,N1_Group_6
原子,げんし,atom,N1,N1_Group_6
元首,げんしゅ,"ruler, sovereign",N1,N1_Group_6
元素,げんそ,element,N1,N1_Group_6
同調,どうちょう,"sympathy, agree with, alignment",N1,N1_Group_6
しくじる,しくじる,"to fail, to fall through, to blunder",N1,N1_Group_6
到底,とうてい,(cannot) possibly,N1,N1_Group_6
動的,どうてき,"dynamic, kinetic",N1,N1_Group_6
尊い,とうとい,"precious, valuable, noble",N1,N1_Group_6
貴い,とうとい,"precious, valuable, noble",N1,N1_Group_6
同等,どうとう,"equality, equal, same rank",N1,N1_Group_6
あつらえる,あつらえる,"to give an order, to place an order",N1,N1_Group_6
堂々,どうどう,"magnificent, grand, impressive",N1,N1_Group_6
投入,とうにゅう,"throw, investment, making (an electrical circuit)",N1,N1_Group_6
導入,どうにゅう,"introduction, bringing in, leading in",N1,N1_Group_6
同封,どうふう,"enclosure (e.g., in a letter)",N1,N1_Group_6
逃亡,とうぼう,escape,N1,N1_Group_6
据え付ける,すえつける,"to install, to equip, to mount",N1,N1_Group_6
登録,とうろく,"registration, register, record",N1,N1_Group_6
討論,とうろん,discussion; debate,N1,N1_Group_6
独裁,どくさい,"dictatorship, despotism",N1,N1_Group_6
独自,どくじ,"original, peculiar, characteristic",N1,N1_Group_6
独占,どくせん,monopoly,N1,N1_Group_6
備え付ける,そなえつける,"to provide, to equip, to install",N1,N1_Group_6
独創,どくそう,originality,N1,N1_Group_6
得点,とくてん,"score, points made",N1,N1_Group_6
特有,とくゆう,"characteristic (of, peculiar (to))",N1,N1_Group_6
土台,どだい,"foundation, base, basis",N1,N1_Group_6
土手,どて,"embankment, bank",N1,N1_Group_6
立ち去る,たちさる,"to leave, to depart",N1,N1_Group_6
殿様,とのさま,feudal lord,N1,N1_Group_6
土俵,どひょう,arena,N1,N1_Group_6
取引,とりひき,"transactions, dealings, business",N1,N1_Group_6
問屋,とんや,wholesale store,N1,N1_Group_6
乃至,ないし,"from...to, between...and, or",N1,N1_Group_6
立ち寄る,たちよる,"to stop by, to drop in for a short visit",N1,N1_Group_6
内緒,ないしょ,"secrecy, privacy, secret",N1,N1_Group_6
内蔵,ないぞう,internal organ; built-in,N1,N1_Group_6
ナイター,ナイター,"game under lights (e.g., baseball), night game",N1,N1_Group_6
内部,ないぶ,"interior, inside, internal",N1,N1_Group_6
内陸,ないりく,inland,N1,N1_Group_6
立て替える,たてかえる,"to pay in advance, to pay for another",N1,N1_Group_6
流し,ながし,sink,N1,N1_Group_6
名残,なごり,"remains, traces, memory",N1,N1_Group_6
情け,なさけ,"sympathy, compassion",N1,N1_Group_6
雪崩,なだれ,avalanche,N1,N1_Group_6
生身,なまみ,"living flesh, flesh and blood, the quick",N1,N1_Group_6
辿り着く,たどりつく,"to reach, to make it somehow",N1,N1_Group_6
悩み,なやみ,"trouble(s), worry, distress",N1,N1_Group_6
西日,にしび,westering sun,N1,N1_Group_6
入浴,にゅうよく,"bathe, bathing",N1,N1_Group_6
認識,にんしき,"recognition, cognizance",N1,N1_Group_6
妊娠,にんしん,"conception, pregnancy",N1,N1_Group_6
突っ張る,つっぱる,"to support, to become stiff; to thrust (ones opponent), to stick to (ones opinion), to insist on",N1,N1_Group_6
任命,にんめい,"appointment, nomination, ordination",N1,N1_Group_6
熱意,ねつい,"zeal, enthusiasm",N1,N1_Group_6
熱量,ねつりょう,calorific value,N1,N1_Group_6
燃焼,ねんしょう,"burning, combustion",N1,N1_Group_6
年長,ねんちょう,seniority,N1,N1_Group_6
手掛ける,てがける,"to handle, to manage, to work with",N1,N1_Group_6
燃料,ねんりょう,fuel,N1,N1_Group_6
年輪,ねんりん,annual tree ring,N1,N1_Group_6
農場,のうじょう,farm,N1,N1_Group_6
農地,のうち,agricultural land,N1,N1_Group_6
配給,はいきゅう,"distribution (e.g., films, rice",N1,N1_Group_6
出くわす,でくわす,"to happen to meet, to come across",N1,N1_Group_6
背景,はいけい,"background, scenery, setting",N1,N1_Group_6
背後,はいご,"back, rear",N1,N1_Group_6
廃止,はいし,"abolition, repeal",N1,N1_Group_6
排除,はいじょ,"exclusion, removal, rejection",N1,N1_Group_6
賠償,ばいしょう,"reparations, indemnity, compensation",N1,N1_Group_6
仕立てる,したてる,"to tailor, to make, to prepare",N1,N1_Group_6
配布,はいふ,distribution,N1,N1_Group_6
倍率,ばいりつ,"diameter, magnification",N1,N1_Group_6
配慮,はいりょ,"consideration, concern, forethought",N1,N1_Group_6
配列,はいれつ,"arrangement, array (programming)",N1,N1_Group_6
破壊,はかい,destruction,N1,N1_Group_6
踏み込む,ふみこむ,"to step into (someone else's territory, to break into, to raid",N1,N1_Group_6
一別,いちべつ,parting,N1,N1_Group_6
一目,いちもく,"a glance, a look, a glimpse",N1,N1_Group_6
一様,いちよう,"uniform, similar, equal",N1,N1_Group_6
一律,いちりつ,"even, uniform, equal",N1,N1_Group_6
一連,いちれん,"a series, a chain, a ream (of paper)",N1,N1_Group_6
振り返る,ふりかえる,"to turn head, to turn around, to look back",N1,N1_Group_6
一気,いっき,"at one push, in one gulp",N1,N1_Group_6
一切,いっさい,"without exception, the whole",N1,N1_Group_6
意図,いと,"intention, aim, design",N1,N1_Group_6
稲光,いなびかり,(flash of) lightning,N1,N1_Group_6
祈り,いのり,"prayer, supplication",N1,N1_Group_6
放り出す,ほうりだす,"to throw out, to give up, to abandon",N1,N1_Group_6
今更,いまさら,"now, again",N1,N1_Group_6
移民,いみん,"emigrant, immigrant",N1,N1_Group_6
嫌々,いやいや,"reluctantly, by no means, unwillingly",N1,N1_Group_6
意欲,いよく,"will, desire, ambition",N1,N1_Group_6
衣類,いるい,"clothes, clothing, garments",N1,N1_Group_6
ぼやける,ぼやける,"to become dim, to become blurred",N1,N1_Group_6
異論,いろん,"different opinion, objection",N1,N1_Group_6
印鑑,いんかん,"stamp, seal",N1,N1_Group_6
陰気,いんき,"gloom, melancholy",N1,N1_Group_6
インターチェンジ,インターチェンジ,interchange,N1,N1_Group_6
インテリ,インテリ,"(abbr.) egghead, intelligentsia",N1,N1_Group_6
まごつく,まごつく,"to be confused, to be flustered",N1,N1_Group_6
受身,うけみ,"passive, passive voice",N1,N1_Group_6
団扇,うちわ,fan,N1,N1_Group_6
写し,うつし,"copy, duplicate",N1,N1_Group_6
腕前,うでまえ,"ability, skill, facility",N1,N1_Group_6
運営,うんえい,"management, administration, operation",N1,N1_Group_6
待ち望む,まちのぞむ,"to look anxiously for, to wait eagerly for",N1,N1_Group_6
運送,うんそう,"shipping, freight",N1,N1_Group_6
運賃,うんちん,"freight rates, shipping expenses, (passenger) fare",N1,N1_Group_6
云々,うんぬん,"and so on, and so forth",N1,N1_Group_6
運搬,うんぱん,"transport, carriage",N1,N1_Group_6
運命,うんめい,fate,N1,N1_Group_6
見合わせる,みあわせる,to exchange glances; to postpone,N1,N1_Group_6
運輸,うんゆ,transportation,N1,N1_Group_6
英字,えいじ,English letter (character),N1,N1_Group_6
映写,えいしゃ,projection,N1,N1_Group_6
映像,えいぞう,"reflection, image",N1,N1_Group_6
閲覧,えつらん,"inspection, reference, browse",N1,N1_Group_6
もたらす,もたらす,"to bring, to take, to bring about",N1,N1_Group_6
獲物,えもの,"game, spoils, trophy",N1,N1_Group_6
円滑,えんかつ,"harmony, smoothness",N1,N1_Group_6
沿岸,えんがん,"coast, shore",N1,N1_Group_6
婉曲,えんきょく,"euphemistic, indirect, insinuating",N1,N1_Group_6
縁談,えんだん,marriage proposal,N1,N1_Group_6
もてなす,もてなす,"to entertain, to make welcome",N1,N1_Group_6
円満,えんまん,"harmony, peace, smoothness",N1,N1_Group_6
応急,おうきゅう,emergency,N1,N1_Group_6
応募,おうぼ,"subscription, application",N1,N1_Group_6
大柄,おおがら,"large build, large pattern",N1,N1_Group_6
大筋,おおすじ,"outline, summary",N1,N1_Group_6
盛り上がる,もりあがる,"to rouse, to swell, to rise",N1,N1_Group_6
大空,おおぞら,"heaven, the sky",N1,N1_Group_6
大幅,おおはば,"full width, large scale, drastic",N1,N1_Group_6
大水,おおみず,flood,N1,N1_Group_6
臆病,おくびょう,"cowardice, timidity",N1,N1_Group_6
厳か,おごそか,"majestic, dignified",N1,N1_Group_6
やりとおす,やりとおす,"to carry through, to achieve, to complete",N1,N1_Group_6
行い,おこない,"conduct, behavior, action",N1,N1_Group_6
お産,おさん,(giving) birth,N1,N1_Group_6
恐れ,おそれ,"fear, horror",N1,N1_Group_6
お袋,おふくろ,mother,N1,N1_Group_6
お宮,おみや,Shinto shrine,N1,N1_Group_6
揺さぶる,ゆさぶる,"to shake, to jolt, to rock, to swing",N1,N1_Group_6
及び,および,"and, as well as",N1,N1_Group_6
織物,おりもの,"textile, fabric",N1,N1_Group_6
愚か,おろか,"foolish, stupid",N1,N1_Group_6
温和,おんわ,"gentle, mild, moderate",N1,N1_Group_6
改悪,かいあく,"deterioration, changing for the worse",N1,N1_Group_6
海運,かいうん,marine transportation,N1,N1_Group_6
改革,かいかく,"reform, reformation, innovation",N1,N1_Group_6
貝殻,かいがら,shell,N1,N1_Group_6
外観,がいかん,"appearance, exterior, facade",N1,N1_Group_6
階級,かいきゅう,"class, rank, grade",N1,N1_Group_6
海峡,かいきょう,channel,N1,N1_Group_6
会見,かいけん,"interview, conference",N1,N1_Group_6
介護,かいご,nursing,N1,N1_Group_6
改修,かいしゅう,"repair, improvement",N1,N1_Group_6
怪獣,かいじゅう,monster,N1,N1_Group_6
解除,かいじょ,"cancellation, release, cancel",N1,N1_Group_6
外相,がいしょう,Foreign Minister,N1,N1_Group_6
概説,がいせつ,"general statement, outline",N1,N1_Group_6
回送,かいそう,forwarding,N1,N1_Group_6
階層,かいそう,"class, level, stratum, hierarchy",N1,N1_Group_6
開拓,かいたく,"cultivation, pioneer",N1,N1_Group_6
会談,かいだん,"conversation, interview",N1,N1_Group_6
改定,かいてい,reform,N1,N1_Group_7
特許,とっきょ,"special permission, patent",N1,N1_Group_7
改訂,かいてい,revision,N1,N1_Group_7
てっきり,てっきり,"surely, certainly, beyond doubt",N1,N1_Group_7
街頭,がいとう,in the street,N1,N1_Group_7
呼び止める,よびとめる,to flag down,N1,N1_Group_7
特権,とっけん,"privilege, special right",N1,N1_Group_7
介入,かいにゅう,intervention,N1,N1_Group_7
～症,～しょう,disease,N1,N1_Group_7
概念,がいねん,"general idea, concept, notion",N1,N1_Group_7
ドライクリーニング,ドライクリーニング,dry cleaning,N1,N1_Group_7
読み上げる,よみあげる,"to read out loud (and clearly), to call a roll",N1,N1_Group_7
開発,かいはつ,"development, exploitation",N1,N1_Group_7
ぼつぼつ,ぼつぼつ,"gradually, here and there, spots",N1,N1_Group_7
海抜,かいばつ,height above sea level,N1,N1_Group_7
簡潔,かんけつ,"brevity, concise, simple",N1,N1_Group_7
介抱,かいほう,"nursing, looking after",N1,N1_Group_7
引き上げる,ひきあげる,"to withdraw, to leave, to pull out",N1,N1_Group_7
～証,～しょう,"proof, certificate",N1,N1_Group_7
解剖,かいぼう,"dissection, autopsy",N1,N1_Group_7
緊急,きんきゅう,"urgent, pressing, emergency",N1,N1_Group_7
外来,がいらい,"(abbr.) imported, outpatient clinic",N1,N1_Group_7
最善,さいぜん,the very best,N1,N1_Group_7
引き起こす,ひきおこす,to cause,N1,N1_Group_7
回覧,かいらん,circulation,N1,N1_Group_7
資産,しさん,"property, fortune, assets",N1,N1_Group_7
概略,がいりゃく,"outline, summary, gist",N1,N1_Group_7
～著,～ちょ,written by ~,N1,N1_Group_7
海流,かいりゅう,ocean current,N1,N1_Group_7
引下げる,ひきさげる,"to pull down, to lower, to reduce, to withdraw",N1,N1_Group_7
斡旋,あっせん,"kind offices, mediation",N1,N1_Group_7
改良,かいりょう,"improvement, reform",N1,N1_Group_7
トラブル,トラブル,trouble (sometimes used as a verb),N1,N1_Group_7
回路,かいろ,circuit (electric),N1,N1_Group_7
誠実,せいじつ,"sincere, honest, faithful",N1,N1_Group_7
引きずる,ひきずる,"to drag along, to pull, to prolong",N1,N1_Group_7
海路,かいろ,sea route,N1,N1_Group_7
課外,かがい,extracurricular,N1,N1_Group_7
学芸,がくげい,"arts and sciences, liberal arts",N1,N1_Group_7
正当,せいとう,"just, due, proper",N1,N1_Group_7
格差,かくさ,"difference, disparity",N1,N1_Group_7
冷やかす,ひやかす,"to banter, to make fun of, to jeer at, to cool, to refrigerate",N1,N1_Group_7
未だ,いまだ,"yet, still",N1,N1_Group_7
拡散,かくさん,"scattering, diffusion",N1,N1_Group_7
専修,せんしゅう,specialization,N1,N1_Group_7
確信,かくしん,"conviction, confidence",N1,N1_Group_7
革新,かくしん,"reform, innovation",N1,N1_Group_7
凝る,こる,"to stiffen, to harden",N1,N1_Group_7
学説,がくせつ,theory,N1,N1_Group_7
早急,そうきゅう,urgent,N1,N1_Group_7
確定,かくてい,"fixed, decision",N1,N1_Group_7
楽譜,がくふ,"score (music, sheet music)",N1,N1_Group_7
確保,かくほ,"guarantee, insure, secure",N1,N1_Group_7
遮る,さえぎる,"to interrupt, to intercept, to obstruct",N1,N1_Group_7
革命,かくめい,revolution,N1,N1_Group_7
確立,かくりつ,establishment,N1,N1_Group_7
化合,かごう,chemical combination,N1,N1_Group_7
火星,かせい,Mars,N1,N1_Group_7
化石,かせき,"fossil, petrifaction, fossilization",N1,N1_Group_7
障る,さわる,"to hinder, to interfere with, to affect",N1,N1_Group_7
河川,かせん,rivers,N1,N1_Group_7
化繊,かせん,synthetic fibers,N1,N1_Group_7
過疎,かそ,depopulation,N1,N1_Group_7
傍ら,かたわら,"beside(s, while, nearby",N1,N1_Group_7
合唱,がっしょう,"chorus, singing in a chorus",N1,N1_Group_7
煙る,けむる,"to smoke (e.g., fire)",N1,N1_Group_7
合致,がっち,"agreement, concurrence, conforming to",N1,N1_Group_7
合併,がっぺい,"combination, amalgamation, merger",N1,N1_Group_7
カテゴリー,カテゴリー,category,N1,N1_Group_7
金槌,かなづち,(iron) hammer,N1,N1_Group_7
加入,かにゅう,"becoming a member, admission",N1,N1_Group_7
尊ぶ,とうとぶ,"to value, to prize, to esteem",N1,N1_Group_7
株式,かぶしき,stock,N1,N1_Group_7
花粉,かふん,pollen,N1,N1_Group_7
過密,かみつ,crowded,N1,N1_Group_7
カムバック,カムバック,comeback,N1,N1_Group_7
ガレージ,ガレージ,garage (at house),N1,N1_Group_7
研ぐ,とぐ,"to sharpen, to grind, to polish",N1,N1_Group_7
灌漑,かんがい,irrigation,N1,N1_Group_7
眼科,がんか,ophthalmology,N1,N1_Group_7
玩具,がんぐ,toy,N1,N1_Group_7
看護,かんご,nursing,N1,N1_Group_7
漢語,かんご,"Chinese word, Sino-Japanese word",N1,N1_Group_7
滞る,とどこおる,"to stagnate, to be delayed",N1,N1_Group_7
勧告,かんこく,"advice, counsel",N1,N1_Group_7
監視,かんし,"observation, guarding, surveillance",N1,N1_Group_7
慣習,かんしゅう,usual (historical) custom,N1,N1_Group_7
願書,がんしょ,application form,N1,N1_Group_7
干渉,かんしょう,"interference, intervention",N1,N1_Group_7
嘆く,なげく,"to sigh, to lament, to grieve",N1,N1_Group_7
肝心,かんじん,"essential, fundamental, crucial",N1,N1_Group_7
肝腎,かんじん,"essential, fundamental, crucial",N1,N1_Group_7
関税,かんぜい,"customs, duty, tariff",N1,N1_Group_7
岩石,がんせき,rock,N1,N1_Group_7
感染,かんせん,"infection, contagion",N1,N1_Group_7
妬む,ねたむ,"to be jealous, to be envious",N1,N1_Group_7
観点,かんてん,point of view,N1,N1_Group_7
カンニング,カンニング,"cunning, cheat",N1,N1_Group_7
幹部,かんぶ,"management, executive",N1,N1_Group_7
勧誘,かんゆう,"invitation, canvassing, inducement",N1,N1_Group_7
関与,かんよ,"participation, taking part in",N1,N1_Group_7
粘る,ねばる,"to be sticky, to be adhesive, to persist, to stick to",N1,N1_Group_7
慣例,かんれい,"custom, precedent, of convention",N1,N1_Group_7
貫禄,かんろく,"presence, dignity",N1,N1_Group_7
緩和,かんわ,"relief, mitigation",N1,N1_Group_7
議案,ぎあん,legislative bill,N1,N1_Group_7
企画,きかく,"planning, project",N1,N1_Group_7
促す,うながす,"to urge, to suggest, to demand",N1,N1_Group_7
危機,きき,crisis,N1,N1_Group_7
基金,ききん,"fund, foundation",N1,N1_Group_7
議決,ぎけつ,"resolution, decision, vote",N1,N1_Group_7
棄権,きけん,"abstain from voting, renunciation of a right",N1,N1_Group_7
既婚,きこん,married,N1,N1_Group_7
潤う,うるおう,to be moist; to profit by,N1,N1_Group_7
気障,きざ,"affectation, conceit, snobbery",N1,N1_Group_7
記載,きさい,"mention, entry",N1,N1_Group_7
気質,きしつ,"character, trait, temperament",N1,N1_Group_7
期日,きじつ,"fixed date, settlement date",N1,N1_Group_7
記述,きじゅつ,"describing, descriptor",N1,N1_Group_7
犯す,おかす,"to perpetrate, to violate",N1,N1_Group_7
犠牲,ぎせい,sacrifice,N1,N1_Group_7
汽船,きせん,steamship,N1,N1_Group_7
偽造,ぎぞう,"forgery, fabrication, counterfeiting",N1,N1_Group_7
貴族,きぞく,"noble, aristocrat",N1,N1_Group_7
規定,きてい,"regulation, provisions",N1,N1_Group_7
侵す,おかす,"to invade, to raid, to trespass",N1,N1_Group_7
起点,きてん,starting point,N1,N1_Group_7
軌道,きどう,orbit; track,N1,N1_Group_7
気品,きひん,"grace, elegance",N1,N1_Group_7
気風,きふう,"character, traits, ethos",N1,N1_Group_7
起伏,きふく,undulation,N1,N1_Group_7
襲う,おそう,to attack,N1,N1_Group_7
規模,きぼ,"scale, scope, plan, structure",N1,N1_Group_7
規約,きやく,"agreement, rules, code",N1,N1_Group_7
脚色,きゃくしょく,"dramatization (e.g., film",N1,N1_Group_7
脚本,きゃくほん,scenario,N1,N1_Group_7
客観,きゃっかん,objective,N1,N1_Group_7
擦る,かする,"to rub, to chafe",N1,N1_Group_7
キャリア,キャリア,"career, career government employee",N1,N1_Group_7
救援,きゅうえん,"relief, rescue, reinforcement",N1,N1_Group_7
究極,きゅうきょく,"ultimate, final, eventual",N1,N1_Group_7
窮屈,きゅうくつ,"narrow, tight, formal",N1,N1_Group_7
球根,きゅうこん,(plant) bulb,N1,N1_Group_7
庇う,かばう,"to protect someone, to&nbsp;&nbsp;cover up for someone",N1,N1_Group_7
救済,きゅうさい,"relief, aid, rescue",N1,N1_Group_7
休戦,きゅうせん,"truce, armistice",N1,N1_Group_7
宮殿,きゅうでん,palace,N1,N1_Group_7
窮乏,きゅうぼう,poverty,N1,N1_Group_7
寄与,きよ,"contribution, service",N1,N1_Group_7
覆す,くつがえす,"to overturn, to upset, to overthrow",N1,N1_Group_7
驚異,きょうい,"wonder, miracle",N1,N1_Group_7
教科,きょうか,"subject, curriculum",N1,N1_Group_7
共学,きょうがく,coeducation,N1,N1_Group_7
共感,きょうかん,"sympathy, response",N1,N1_Group_7
境遇,きょうぐう,"environment, circumstances",N1,N1_Group_7
欺く,あざむく,to deceive,N1,N1_Group_7
教訓,きょうくん,"lesson, precept, moral instruction",N1,N1_Group_7
強行,きょうこう,"forcing, enforcement",N1,N1_Group_7
業者,ぎょうしゃ,"trader, merchant",N1,N1_Group_7
強制,きょうせい,"obligation, compulsion, enforcement",N1,N1_Group_7
行政,ぎょうせい,administration,N1,N1_Group_7
焦る,あせる,"to be in a hurry, to be impatient",N1,N1_Group_7
共存,きょうぞん,coexistence,N1,N1_Group_7
協定,きょうてい,"arrangement, pact, agreement",N1,N1_Group_7
共鳴,きょうめい,"resonance, sympathy",N1,N1_Group_7
共和,きょうわ,"republicanism, cooperation",N1,N1_Group_7
局限,きょくげん,"limit, localize",N1,N1_Group_7
操る,あやつる,"to manipulate, to operate, to pull strings",N1,N1_Group_7
極端,きょくたん,"extreme, extremity",N1,N1_Group_7
居住,きょじゅう,residence,N1,N1_Group_7
拒絶,きょぜつ,"refusal, rejection",N1,N1_Group_7
漁船,ぎょせん,fishing boat,N1,N1_Group_7
漁村,ぎょそん,fishing village,N1,N1_Group_7
濯ぐ,すすぐ,"to rinse, to wash out",N1,N1_Group_7
拒否,きょひ,"denial, rejection, refusal",N1,N1_Group_7
義理,ぎり,"debt of gratitude, obligation",N1,N1_Group_7
気流,きりゅう,atmospheric current,N1,N1_Group_7
近眼,きんがん,nearsightedness,N1,N1_Group_7
近郊,きんこう,"suburbs, outskirts",N1,N1_Group_7
損う,そこなう,"to harm, to hurt",N1,N1_Group_7
均衡,きんこう,"equilibrium, balance",N1,N1_Group_7
勤勉,きんべん,"industry, diligence",N1,N1_Group_7
吟味,ぎんみ,"examination, careful investigation",N1,N1_Group_7
禁物,きんもつ,"taboo, forbidden thing",N1,N1_Group_7
勤労,きんろう,"labor, exertion, diligent service",N1,N1_Group_7
反る,そる,"to warp, to be warped, to curve",N1,N1_Group_7
空間,くうかん,"space, room, airspace",N1,N1_Group_7
空腹,くうふく,hunger,N1,N1_Group_7
区画,くかく,"division, section, area",N1,N1_Group_7
区間,くかん,section,N1,N1_Group_7
愚痴,ぐち,"idle complaint, grumble",N1,N1_Group_7
漂う,ただよう,"to drift about, to float, to hang in air",N1,N1_Group_7
首輪,くびわ,"necklace, choker",N1,N1_Group_7
玄人,くろうと,"expert, professional",N1,N1_Group_7
軍艦,ぐんかん,"warship, battleship",N1,N1_Group_7
軍事,ぐんじ,military affairs,N1,N1_Group_7
君主,くんしゅ,"ruler, monarch",N1,N1_Group_7
賜る,たまわる,"to grant, to bestow",N1,N1_Group_7
群集,ぐんしゅう,"(social) group, crowd, mob",N1,N1_Group_7
群衆,ぐんしゅう,"(social) group, crowd, mob",N1,N1_Group_7
軍備,ぐんび,"armaments, military preparations",N1,N1_Group_7
軍服,ぐんぷく,military or naval uniform,N1,N1_Group_7
経過,けいか,"passage, progress",N1,N1_Group_7
保つ,たもつ,"to keep, to preserve, to sustain",N1,N1_Group_7
警戒,けいかい,"warning, admonition, vigilance",N1,N1_Group_7
掲載,けいさい,"appearance (e.g., article in paper)",N1,N1_Group_7
傾斜,けいしゃ,"inclination, slope, dip",N1,N1_Group_7
形成,けいせい,formation,N1,N1_Group_7
軽率,けいそつ,"thoughtless, careless, hasty",N1,N1_Group_7
刑罰,けいばつ,"judgment, penalty, punishment",N1,N1_Group_7
経費,けいひ,"expenses, cost, outlay",N1,N1_Group_7
警部,けいぶ,police inspector,N1,N1_Group_7
転換,てんかん,"convert, divert",N1,N1_Group_7
転居,てんきょ,"moving, changing residence",N1,N1_Group_7
点検,てんけん,"inspection, examination, checking",N1,N1_Group_7
天才,てんさい,a genius,N1,N1_Group_7
天災,てんさい,"natural calamity, disaster",N1,N1_Group_7
天地,てんち,"heaven and earth, the universe",N1,N1_Group_7
展望,てんぼう,"view, outlook, prospect",N1,N1_Group_7
動員,どういん,mobilization,N1,N1_Group_7
陶器,とうき,"pottery, ceramics",N1,N1_Group_7
討議,とうぎ,"debate, discussion",N1,N1_Group_7
動機,どうき,"motive, incentive",N1,N1_Group_7
等級,とうきゅう,"grade, class",N1,N1_Group_7
同級,どうきゅう,"the same grade, same class",N1,N1_Group_7
同居,どうきょ,living together,N1,N1_Group_7
統合,とうごう,"integration, unification, synthesis",N1,N1_Group_8
早急,さっきゅう,urgent,N1,N1_Group_8
投資,とうし,investment,N1,N1_Group_8
回収,かいしゅう,"collection, recovery",N1,N1_Group_8
同情,どうじょう,"sympathy, compassion, sympathize",N1,N1_Group_8
弛む,たるむ,"to slacken, to loosen, to relax",N1,N1_Group_8
単一,たんいつ,"single, simple, sole",N1,N1_Group_8
統制,とうせい,"regulation, control",N1,N1_Group_8
～割,～わり,~ percent,N1,N1_Group_8
逃走,とうそう,"flight, desertion, escape",N1,N1_Group_8
無礼,ぶれい,"impolite, rude",N1,N1_Group_8
突く,つつく,"to thrust, to strike, to attack; to poke, to nudge, to pick at",N1,N1_Group_8
統率,とうそつ,"command, generalship, leadership",N1,N1_Group_8
隔週,かくしゅう,every other week,N1,N1_Group_8
到達,とうたつ,"reaching, attaining, arrival",N1,N1_Group_8
分業,ぶんぎょう,"division of labor, specialization, assembly-line production",N1,N1_Group_8
資金,しきん,"funds, capital",N1,N1_Group_8
謹む,つつしむ,"to be careful, to be chaste or discreet",N1,N1_Group_8
～宗,～しゅう,sect,N1,N1_Group_8
仕組,しくみ,"structure, mechanism",N1,N1_Group_8
埋蔵,まいぞう,"buried property, treasure trove",N1,N1_Group_8
施行,しこう,"enforcement, operation",N1,N1_Group_8
且つ,かつ,"yet, and",N1,N1_Group_8
呟く,つぶやく,"to mutter, to murmur",N1,N1_Group_8
思考,しこう,thought,N1,N1_Group_8
必然,ひつぜん,"inevitable, necessary",N1,N1_Group_8
志向,しこう,"intention, aim",N1,N1_Group_8
～味,～み,~ cast (sense of taste),N1,N1_Group_8
嗜好,しこう,"taste, liking, preference",N1,N1_Group_8
剥ぐ,はぐ,"to tear off, to peel off, to rip off",N1,N1_Group_8
乏しい,とぼしい,"meager, scarce, hard up, poor",N1,N1_Group_8
事項,じこう,"matter(s), item(s), facts",N1,N1_Group_8
蒸溜,じょうりゅう,distillation,N1,N1_Group_8
地獄,じごく,hell,N1,N1_Group_8
和やか,なごやか,"mild, calm, harmonious",N1,N1_Group_8
弾む,はずむ,"to bounce, to be encouraged, to splurge on",N1,N1_Group_8
視察,しさつ,"inspection, observation",N1,N1_Group_8
支持,しじ,support,N1,N1_Group_8
刺繍,ししゅう,embroidery,N1,N1_Group_8
情無い,なさけない,"miserable, pitiable, shameful",N1,N1_Group_8
市場,しじょう,(the) market (as a concept),N1,N1_Group_8
葬る,ほうむる,"to bury, to entomb",N1,N1_Group_8
断然,だんぜん,"firmly, absolutely, definitely",N1,N1_Group_8
辞職,じしょく,resignation,N1,N1_Group_8
根回し,ねまわし,making necessary arrangements,N1,N1_Group_8
施設,しせつ,"establishment, facility",N1,N1_Group_8
子息,しそく,(hon.) son,N1,N1_Group_8
誇る,ほこる,"to boast of, to be proud of",N1,N1_Group_8
下心,したごころ,"secret intention, motive",N1,N1_Group_8
眠たい,ねむたい,sleepy,N1,N1_Group_8
愛想,あいそう,sociability,N1,N1_Group_8
合間,あいま,interval,N1,N1_Group_8
諦め,あきらめ,"resignation, reconciliation, consolation",N1,N1_Group_8
舞う,まう,"to dance, to flutter about, to revolve",N1,N1_Group_8
あざ,あざ,"birthmark, bruise",N1,N1_Group_8
悪化,あっか,"deterioration, worsen",N1,N1_Group_8
圧迫,あっぱく,"pressure, coercion, oppression",N1,N1_Group_8
圧力,あつりょく,"stress, pressure",N1,N1_Group_8
油絵,あぶらえ,oil painting,N1,N1_Group_8
勝る,まさる,"to excel, to surpass, to out-rival",N1,N1_Group_8
アプローチ,アプローチ,approach (in golf),N1,N1_Group_8
甘口,あまくち,sweet flavor,N1,N1_Group_8
過ち,あやまち,"fault, error, indiscretion",N1,N1_Group_8
歩み,あゆみ,"step, progress, history",N1,N1_Group_8
予め,あらかじめ,"in advance, previously",N1,N1_Group_8
乱す,みだす,"to throw out of order, to disarrange, to disturb",N1,N1_Group_8
暗殺,あんさつ,assassination,N1,N1_Group_8
暗算,あんざん,mental arithmetic,N1,N1_Group_8
暗示,あんじ,"hint, suggestion",N1,N1_Group_8
安静,あんせい,rest,N1,N1_Group_8
異議,いぎ,"objection, dissent, protest",N1,N1_Group_8
導く,みちびく,"to be guided, to be shown",N1,N1_Group_8
異見,いけん,"different opinion, objection",N1,N1_Group_8
意向,いこう,"intention, idea, inclination",N1,N1_Group_8
移行,いこう,switching over to,N1,N1_Group_8
移住,いじゅう,"migration, immigration",N1,N1_Group_8
衣装,いしょう,"clothing, costume, outfit",N1,N1_Group_8
恵む,めぐむ,"to bless, to show mercy to",N1,N1_Group_8
遺跡,いせき,historic ruins,N1,N1_Group_8
出世,しゅっせ,"promotion, successful career, eminence",N1,N1_Group_8
出題,しゅつだい,proposing a question,N1,N1_Group_8
出動,しゅつどう,"mobilization, action",N1,N1_Group_8
出費,しゅっぴ,"expenses, disbursements",N1,N1_Group_8
養う,やしなう,"to rear, to maintain, to cultivate",N1,N1_Group_8
主導,しゅどう,main leadership,N1,N1_Group_8
守備,しゅび,defense,N1,N1_Group_8
手法,しゅほう,technique,N1,N1_Group_8
樹木,じゅもく,"trees and shrubs, arbor",N1,N1_Group_8
上演,じょうえん,art performance,N1,N1_Group_8
歪む,ゆがむ,"to warp, to be crooked, to be distorted",N1,N1_Group_8
城下,じょうか,land near the castle,N1,N1_Group_8
消去,しょうきょ,"elimination, erasing",N1,N1_Group_8
証言,しょうげん,"evidence, testimony",N1,N1_Group_8
証拠,しょうこ,"evidence, proof",N1,N1_Group_8
照合,しょうごう,"check, verification",N1,N1_Group_8
濯ぐ,ゆすぐ,"to rinse, to wash out",N1,N1_Group_8
詳細,しょうさい,"detail, particulars",N1,N1_Group_8
昇進,しょうしん,promotion,N1,N1_Group_8
承諾,しょうだく,"consent, agreement",N1,N1_Group_8
象徴,しょうちょう,symbol,N1,N1_Group_8
情熱,じょうねつ,"passion, enthusiasm, zeal",N1,N1_Group_8
歪む,ひずむ,"to warp, to be distorted",N1,N1_Group_8
譲歩,じょうほ,"concession, conciliation, compromise",N1,N1_Group_8
上陸,じょうりく,"landing, disembarkation",N1,N1_Group_8
奨励,しょうれい,"encouragement, promotion",N1,N1_Group_8
除外,じょがい,"exception, exclusion",N1,N1_Group_8
職務,しょくむ,professional duties,N1,N1_Group_8
浸す,ひたす,"to soak, to dip, to drench",N1,N1_Group_8
助言,じょげん,"advice, suggestion",N1,N1_Group_8
所在,しょざい,whereabouts,N1,N1_Group_8
所持,しょじ,"possession, owning",N1,N1_Group_8
所定,しょてい,"fixed, prescribed",N1,N1_Group_8
処罰,しょばつ,punishment,N1,N1_Group_8
試みる,こころみる,"to try, to test",N1,N1_Group_8
初版,しょはん,first edition,N1,N1_Group_8
書評,しょひょう,book review,N1,N1_Group_8
処分,しょぶん,"disposal, dealing, punishment",N1,N1_Group_8
庶務,しょむ,general affairs,N1,N1_Group_8
所有,しょゆう,"one's possessions, ownership",N1,N1_Group_8
こす (みずを～),こす (みずを～),"to strain, to filter",N1,N1_Group_8
調べ,しらべ,"investigation, inspection",N1,N1_Group_8
指令,しれい,"orders, instructions, directive",N1,N1_Group_8
進化,しんか,"evolution, progress",N1,N1_Group_8
審議,しんぎ,deliberation,N1,N1_Group_8
審査,しんさ,"judging, inspection, examination",N1,N1_Group_8
籠もる,こもる,"to seclude oneself, to be confined in",N1,N1_Group_8
人材,じんざい,man of talent,N1,N1_Group_8
紳士,しんし,gentleman,N1,N1_Group_8
真実,しんじつ,"truth, reality",N1,N1_Group_8
信者,しんじゃ,"believer, devotee",N1,N1_Group_8
真珠,しんじゅ,pearl,N1,N1_Group_8
凝らす,こらす,"to concentrate, to devote, to peer into",N1,N1_Group_8
進出,しんしゅつ,advancement,N1,N1_Group_8
心情,しんじょう,mentality,N1,N1_Group_8
進呈,しんてい,presentation,N1,N1_Group_8
進展,しんてん,"progress, development",N1,N1_Group_8
進度,しんど,progress,N1,N1_Group_8
冴える,さえる,"to be clear, to be bright, to be skillful",N1,N1_Group_8
振動,しんどう,"oscillation, vibration",N1,N1_Group_8
神秘,しんぴ,mystery,N1,N1_Group_8
侵略,しんりゃく,"aggression, invasion, raid",N1,N1_Group_8
水源,すいげん,source of river,N1,N1_Group_8
推進,すいしん,"propulsion, driving force",N1,N1_Group_8
栄える,さかえる,"to flourish, to prosper, to thrive",N1,N1_Group_8
推測,すいそく,"guess, conjecture",N1,N1_Group_8
数詞,すうし,numeral,N1,N1_Group_8
進み,すすみ,progress,N1,N1_Group_8
ストロボ,ストロボ,"stroboscope (literally: strobo, strobe lamp, stroboscopic lamp)",N1,N1_Group_8
ずれ,ずれ,"difference, gap",N1,N1_Group_8
摩する,さする,"to rub, to stroke",N1,N1_Group_8
正義,せいぎ,"justice, right, righteousness",N1,N1_Group_8
星座,せいざ,constellation,N1,N1_Group_8
政策,せいさく,"political measures, policy",N1,N1_Group_8
成熟,せいじゅく,"maturity, ripeness",N1,N1_Group_8
清純,せいじゅん,"purity, innocence",N1,N1_Group_8
定める,さだめる,"to decide, to determine",N1,N1_Group_8
聖書,せいしょ,Bible,N1,N1_Group_8
正常,せいじょう,"normalcy, normality, normal",N1,N1_Group_8
整然,せいぜん,"orderly, regular, well-organized",N1,N1_Group_8
盛大,せいだい,"grand, prosperous, magnificent",N1,N1_Group_8
静的,せいてき,static,N1,N1_Group_8
察する,さっする,"to guess, to sense, to judge",N1,N1_Group_8
製鉄,せいてつ,iron manufacture,N1,N1_Group_8
制服,せいふく,uniform,N1,N1_Group_8
征服,せいふく,"conquest, subjugation, overcoming",N1,N1_Group_8
製法,せいほう,"manufacturing method, recipe, formula",N1,N1_Group_8
精密,せいみつ,"precise, exact, detailed, minute",N1,N1_Group_8
強いて,しいて,"to dare, to insist",N1,N1_Group_8
責務,せきむ,"duty, obligation",N1,N1_Group_8
世辞,せじ,"flattery, compliment",N1,N1_Group_8
是正,ぜせい,"correction, revision",N1,N1_Group_8
世代,せだい,generation,N1,N1_Group_8
切実,せつじつ,"compelling, serious, severe, acute",N1,N1_Group_8
強いる,しいる,"to force, to compel, to coerce",N1,N1_Group_8
接触,せっしょく,"touch, contact",N1,N1_Group_8
設置,せっち,"establishment, institution",N1,N1_Group_8
説得,せっとく,persuasion,N1,N1_Group_8
絶版,ぜっぱん,out of print,N1,N1_Group_8
設立,せつりつ,"establishment, foundation, institution",N1,N1_Group_8
悩ます,なやます,"to bother, to harass, to molest",N1,N1_Group_8
攻め,せめ,"attack, offense",N1,N1_Group_8
世論,せろん,public opinion,N1,N1_Group_8
繊維,せんい,"fiber, fiber, textile",N1,N1_Group_8
宣教,せんきょう,religious mission,N1,N1_Group_8
宣言,せんげん,"declaration, proclamation, announcement",N1,N1_Group_8
ねだる,ねだる,"to nag, to demand",N1,N1_Group_8
戦災,せんさい,war damage,N1,N1_Group_8
戦術,せんじゅつ,tactics,N1,N1_Group_8
潜水,せんすい,diving,N1,N1_Group_8
全盛,ぜんせい,height of prosperity,N1,N1_Group_8
先着,せんちゃく,first arrival,N1,N1_Group_8
逃れる,のがれる,to escape,N1,N1_Group_8
戦闘,せんとう,"battle, fight, combat",N1,N1_Group_8
潜入,せんにゅう,"infiltration, sneaking in",N1,N1_Group_8
船舶,せんぱく,ship,N1,N1_Group_8
全滅,ぜんめつ,annihilation,N1,N1_Group_8
占領,せんりょう,"occupation, possession, have a room to oneself",N1,N1_Group_8
受かる,うかる,to pass (examination),N1,N1_Group_8
戦力,せんりょく,war potential,N1,N1_Group_8
前例,ぜんれい,precedent,N1,N1_Group_8
相応,そうおう,"suitability, fitness",N1,N1_Group_8
増強,ぞうきょう,"reinforce, increase",N1,N1_Group_8
総合,そうごう,"synthesis, generalization",N1,N1_Group_8
埋める,うずめる,"to bury, to fill",N1,N1_Group_8
捜索,そうさく,"search (esp. for someone or something missing, investigation)",N1,N1_Group_8
蔵相,ぞうしょう,Minister of Finance,N1,N1_Group_8
増進,ぞうしん,"promoting, increase, advance",N1,N1_Group_8
相対,そうたい,relative,N1,N1_Group_8
壮大,そうだい,"magnificent, grand, majestic",N1,N1_Group_8
騒動,そうどう,"strife, riot, rebellion",N1,N1_Group_8
遭難,そうなん,"disaster, shipwreck, accident",N1,N1_Group_8
装備,そうび,equipment,N1,N1_Group_8
創立,そうりつ,"establishment, founding",N1,N1_Group_8
促進,そくしん,"promotion, acceleration, encouragement",N1,N1_Group_8
側面,そくめん,"side, sidelight, lateral",N1,N1_Group_8
素材,そざい,"raw materials, subject matter",N1,N1_Group_8
阻止,そし,"obstruction, check, hindrance",N1,N1_Group_8
措置,そち,"measure, step",N1,N1_Group_8
揃い,そろい,"set, suit, uniform",N1,N1_Group_8
損失,そんしつ,loss,N1,N1_Group_8
存続,そんぞく,"duration, continuance",N1,N1_Group_8
対応,たいおう,dealing with,N1,N1_Group_8
退化,たいか,"degeneration, retrogression",N1,N1_Group_8
大概,たいがい,"in general, mainly",N1,N1_Group_8
体格,たいかく,"physique, constitution",N1,N1_Group_8
退治,たいじ,extermination,N1,N1_Group_8
大衆,たいしゅう,general public,N1,N1_Group_9
著しい,いちじるしい,"remarkable, considerable",N1,N1_Group_9
対処,たいしょ,"deal with, cope",N1,N1_Group_9
丸々,まるまる,completely,N1,N1_Group_9
退職,たいしょく,retirement (from office),N1,N1_Group_9
上回る,うわまわる,to exceed,N1,N1_Group_9
卑しい,いやしい,"greedy, vulgar, shabby",N1,N1_Group_9
対談,たいだん,"talk, dialogue",N1,N1_Group_9
～薬,～やく,medicine,N1,N1_Group_9
対等,たいとう,equivalent,N1,N1_Group_9
お使い,おつかい,errand,N1,N1_Group_9
植わる,うわる,to be planted,N1,N1_Group_9
対比,たいひ,"contrast, comparison",N1,N1_Group_9
専ら,もっぱら,"wholly, solely, entirely",N1,N1_Group_9
大便,だいべん,feces,N1,N1_Group_9
味わい,あじわい,"flavor, relish",N1,N1_Group_9
台本,だいほん,"libretto, scenario",N1,N1_Group_9
遅らす,おくらす,"to retard, to delay",N1,N1_Group_9
～油,～ゆ,~ oil,N1,N1_Group_9
タイマー,タイマー,timer,N1,N1_Group_9
でかい,でかい,huge,N1,N1_Group_9
怠慢,たいまん,"negligence, carelessness",N1,N1_Group_9
余程,よほど,"very, much, to a large extent, quite",N1,N1_Group_9
おごる (ゆうしょくを～),おごる (ゆうしょくを～),to give (someone) a treat,N1,N1_Group_9
タイムリー,タイムリー,"timely, run-batted-in (baseball), RBI",N1,N1_Group_9
文化財,ぶんかざい,"cultural assets, cultural property",N1,N1_Group_9
代用,だいよう,substitution,N1,N1_Group_9
～掛け,～かけ,"rack, hanger",N1,N1_Group_9
体力,たいりょく,physical strength,N1,N1_Group_9
収まる,おさまる,to settle into; to be obtained,N1,N1_Group_9
見合い,みあい,formal marriage interview,N1,N1_Group_9
対話,たいわ,"conversation, dialogue",N1,N1_Group_9
さぞ (さぞや。さぞかし),さぞ (さぞや。さぞかし),"I am sure, certainly, no doubt",N1,N1_Group_9
妥協,だきょう,"compromise, giving in",N1,N1_Group_9
空しい,むなしい,"vacant, futile, vain",N1,N1_Group_9
納まる,おさまる,to settle into; to be obtained,N1,N1_Group_9
巧み,たくみ,"skill, cleverness",N1,N1_Group_9
妥結,だけつ,agreement,N1,N1_Group_9
助け,たすけ,assistance,N1,N1_Group_9
欲深い,よくふかい,greedy,N1,N1_Group_9
脱出,だっしゅつ,escape,N1,N1_Group_9
惜しむ,おしむ,"to be frugal, to value, to regret",N1,N1_Group_9
さっと,さっと,"suddenly, smoothly",N1,N1_Group_9
達成,たっせい,achievement,N1,N1_Group_9
平たい,ひらたい,"flat, even, level",N1,N1_Group_9
脱退,だったい,"secession, withdrawal",N1,N1_Group_9
だと,だと,if it's the case,N1,N1_Group_9
省みる,かえりみる,to reflect,N1,N1_Group_9
弛み,たるみ,"slack, slackening",N1,N1_Group_9
好ましい,このましい,"nice, likable, desirable",N1,N1_Group_9
タレント,タレント,"talent, star, personality",N1,N1_Group_9
短歌,たんか,31-syllable Japanese poem,N1,N1_Group_9
担架,たんか,"stretcher, litter",N1,N1_Group_9
顧みる,かえりみる,"to look back, to turn around, to review",N1,N1_Group_9
短気,たんき,quick temper,N1,N1_Group_9
団結,だんけつ,"unity, union, solidarity",N1,N1_Group_9
探検,たんけん,"exploration, expedition",N1,N1_Group_9
断言,だんげん,"assertion, declaration, affirmation",N1,N1_Group_9
炭素,たんそ,carbon (C),N1,N1_Group_9
掲げる,かかげる,"to hoist, to fly (a sail), to float (a flag)",N1,N1_Group_9
短大,たんだい,junior college,N1,N1_Group_9
単調,たんちょう,"monotony, monotone, dullness",N1,N1_Group_9
単独,たんどく,"sole, single",N1,N1_Group_9
断面,だんめん,cross section,N1,N1_Group_9
治安,ちあん,"public order, security",N1,N1_Group_9
かさむ,かさむ,"to pile up, to increase",N1,N1_Group_9
チームワーク,チームワーク,teamwork,N1,N1_Group_9
チェンジ,チェンジ,change,N1,N1_Group_9
畜産,ちくさん,animal husbandry,N1,N1_Group_9
畜生,ちくしょう,"beast, brute, damn",N1,N1_Group_9
蓄積,ちくせき,"accumulation, accumulate, store",N1,N1_Group_9
叶える,かなえる,"to grant (request, wish)",N1,N1_Group_9
知性,ちせい,intelligence,N1,N1_Group_9
秩序,ちつじょ,"order, regularity",N1,N1_Group_9
窒息,ちっそく,suffocation,N1,N1_Group_9
知的,ちてき,intellectual,N1,N1_Group_9
着手,ちゃくしゅ,"embarkation, launch",N1,N1_Group_9
構える,かまえる,to set up,N1,N1_Group_9
着目,ちゃくもく,attention,N1,N1_Group_9
中継,ちゅうけい,"relay, hook-up",N1,N1_Group_9
忠告,ちゅうこく,"advice, warning",N1,N1_Group_9
中傷,ちゅうしょう,"slander, libel, defamation",N1,N1_Group_9
中毒,ちゅうどく,poisoning,N1,N1_Group_9
着飾る,きかざる,to dress up,N1,N1_Group_9
中立,ちゅうりつ,neutrality,N1,N1_Group_9
中和,ちゅうわ,"neutralize, counteract",N1,N1_Group_9
聴覚,ちょうかく,the sense of hearing,N1,N1_Group_9
徴収,ちょうしゅう,"collection, levy",N1,N1_Group_9
調停,ちょうてい,"arbitration, conciliation, mediation",N1,N1_Group_9
きしむ,きしむ,"to jar, to creak, to grate",N1,N1_Group_9
調理,ちょうり,cooking,N1,N1_Group_9
調和,ちょうわ,harmony,N1,N1_Group_9
直面,ちょくめん,confrontation,N1,N1_Group_9
貯蓄,ちょちく,savings,N1,N1_Group_9
直感,ちょっかん,"intuition, instinct",N1,N1_Group_9
禁じる,きんじる,to prohibit,N1,N1_Group_9
賃金,ちんぎん,wages,N1,N1_Group_9
沈没,ちんぼつ,"sinking, foundering",N1,N1_Group_9
沈黙,ちんもく,"silence, reticence",N1,N1_Group_9
追及,ついきゅう,"investigation, inquiry",N1,N1_Group_9
追跡,ついせき,pursuit,N1,N1_Group_9
口吟む,くちずさむ,to humble,N1,N1_Group_9
追放,ついほう,"exile, banishment",N1,N1_Group_9
通常,つうじょう,"common, normal, usual",N1,N1_Group_9
痛切,つうせつ,"keen, deep",N1,N1_Group_9
月並,つきなみ,"conventional, trite, common",N1,N1_Group_9
継目,つぎめ,"joint, seam",N1,N1_Group_9
朽ちる,くちる,to rot,N1,N1_Group_9
津波,つなみ,"tsunami, tidal wave",N1,N1_Group_9
定義,ていぎ,definition,N1,N1_Group_9
提供,ていきょう,"offer, program sponsoring",N1,N1_Group_9
提携,ていけい,"cooperation, tie-up, joint business",N1,N1_Group_9
体裁,ていさい,"decency, style, form, appearance",N1,N1_Group_9
転じる,てんじる,"to turn, to shift",N1,N1_Group_9
提示,ていじ,"presentation, exhibit, suggest, citation",N1,N1_Group_9
訂正,ていせい,"correction, revision",N1,N1_Group_9
停滞,ていたい,"stagnation, tie-up, congestion, retention",N1,N1_Group_9
邸宅,ていたく,"mansion, residence",N1,N1_Group_9
定年,ていねん,retirement age,N1,N1_Group_9
転ずる,てんずる,"to turn, to shift",N1,N1_Group_9
堤防,ていぼう,"bank, weir",N1,N1_Group_9
適応,てきおう,"adaptation, accommodation, conformity",N1,N1_Group_9
適宜,てきぎ,suitability,N1,N1_Group_9
適性,てきせい,aptitude,N1,N1_Group_9
手際,てぎわ,"performance, skill, tact",N1,N1_Group_9
仕切る,しきる,"to partition, to divide, to mark off",N1,N1_Group_9
手順,てじゅん,"process, procedure, protocol",N1,N1_Group_9
鉄鋼,てっこう,iron and steel,N1,N1_Group_9
鉄棒,てつぼう,"iron rod, crowbar, horizontal bar (gymnastics)",N1,N1_Group_9
手配,てはい,"arrangement, search (by police)",N1,N1_Group_9
手筈,てはず,"arrangement, plan, program",N1,N1_Group_9
湿気る,しける,"to be damp, to be moist",N1,N1_Group_9
手引,てびき,"guidance, guide, introduction",N1,N1_Group_9
手本,てほん,"model, pattern",N1,N1_Group_9
テレックス,テレックス,"telex, teletypewriter exchange",N1,N1_Group_9
転回,てんかい,"revolution, rotation",N1,N1_Group_9
連帯,れんたい,solidarity,N1,N1_Group_9
沈める,しずめる,"to sink, to submerge",N1,N1_Group_9
連邦,れんぽう,"commonwealth, federation of states",N1,N1_Group_9
老衰,ろうすい,"senility, senile decay",N1,N1_Group_9
浪費,ろうひ,"waste, extravagance",N1,N1_Group_9
ロープウエイ,ロープウエイ,"ropeway, aerial tram",N1,N1_Group_9
露骨,ろこつ,"blunt, outspoken; conspicuous; broad, suggestive",N1,N1_Group_9
明かす,あかす,to reveal; to stay up,N1,N1_Group_9
論議,ろんぎ,discussion,N1,N1_Group_9
論理,ろんり,logic,N1,N1_Group_9
惑星,わくせい,planet,N1,N1_Group_9
詫び,わび,apology,N1,N1_Group_9
和文,わぶん,"Japanese text, sentence in Japanese",N1,N1_Group_9
嘲笑う,あざわらう,"to sneer at, to ridicule",N1,N1_Group_9
迫害,はくがい,persecution,N1,N1_Group_9
白状,はくじょう,confession,N1,N1_Group_9
漠然,ばくぜん,"obscure, vague, equivocal",N1,N1_Group_9
爆弾,ばくだん,bomb,N1,N1_Group_9
暴露,ばくろ,"disclosure, exposure, revelation",N1,N1_Group_9
あせる (こえが～),あせる (こえが～),"to fade, to discolor",N1,N1_Group_9
破損,はそん,damage,N1,N1_Group_9
裸足,はだし,barefoot,N1,N1_Group_9
蜂蜜,はちみつ,honey,N1,N1_Group_9
パチンコ,パチンコ,pachinko (Japanese pinball),N1,N1_Group_9
発芽,はつが,germination,N1,N1_Group_9
値する,あたいする,"to be worth, to deserve",N1,N1_Group_9
発言,はつげん,"utterance, speech, proposal",N1,N1_Group_9
質疑,しつぎ,question,N1,N1_Group_9
実態,じったい,"truth, fact",N1,N1_Group_9
失調,しっちょう,"lack of harmony, imbalance",N1,N1_Group_9
嫉妬,しっと,jealousy,N1,N1_Group_9
荒らす,あらす,to damage; to invade,N1,N1_Group_9
指摘,してき,"pointing out, identification",N1,N1_Group_9
自転,じてん,"rotation, spin",N1,N1_Group_9
屎尿,しにょう,human waste,N1,N1_Group_9
地主,じぬし,landlord,N1,N1_Group_9
司法,しほう,administration of justice,N1,N1_Group_9
合わす,あわす,"to join together, to face, to unite",N1,N1_Group_9
使命,しめい,"mission, errand, message",N1,N1_Group_9
地元,じもと,local,N1,N1_Group_9
視野,しや,"field of vision, outlook",N1,N1_Group_9
謝絶,しゃぜつ,refusal,N1,N1_Group_9
斜面,しゃめん,"slope, slanting surface, bevel",N1,N1_Group_9
案じる,あんじる,"to be anxious, to ponder",N1,N1_Group_9
私有,しゆう,private ownership,N1,N1_Group_9
周期,しゅうき,"cycle, period",N1,N1_Group_9
集計,しゅうけい,"totalization, aggregate",N1,N1_Group_9
襲撃,しゅうげき,"attack, charge, raid",N1,N1_Group_9
修士,しゅうし,Masters degree program,N1,N1_Group_9
"(花を〜) 生ける, 活ける",(はなを～) いける,to arrange (flowers),N1,N1_Group_9
充実,じゅうじつ,"fullness, perfection",N1,N1_Group_9
収集,しゅうしゅう,"gathering up, collection",N1,N1_Group_9
柔軟,じゅうなん,flexible,N1,N1_Group_9
重複,じゅうふく,"duplication, repetition, overlapping",N1,N1_Group_9
従来,じゅうらい,"up to now, so far, traditional",N1,N1_Group_9
いじる,いじる,"to touch, to tamper with",N1,N1_Group_9
祝賀,しゅくが,"celebration, congratulations",N1,N1_Group_9
主権,しゅけん,sovereignty,N1,N1_Group_9
主催,しゅさい,"organization, sponsorship, to host",N1,N1_Group_9
取材,しゅざい,"coverage, collecting data",N1,N1_Group_9
種々,しゅじゅ,variety,N1,N1_Group_9
擦れる,すれる,"to rub, to chafe",N1,N1_Group_9
主体,しゅたい,"subject, main constituent",N1,N1_Group_9
主題,しゅだい,"subject, theme, motif",N1,N1_Group_9
出演,しゅつえん,"leading performer, stage appearance",N1,N1_Group_9
出血,しゅっけつ,bleeding,N1,N1_Group_9
出現,しゅつげん,"appearance, arrival",N1,N1_Group_9
制する,せいする,"to control, to command",N1,N1_Group_9
出生,しゅっしょう,birth,N1,N1_Group_9
出生,しゅっせい,birth,N1,N1_Group_9
比例,ひれい,proportion,N1,N1_Group_9
貧困,ひんこん,"poverty, lack",N1,N1_Group_9
品質,ひんしつ,quality,N1,N1_Group_9
貧弱,ひんじゃく,"poor, meager, insubstantial",N1,N1_Group_9
品種,ひんしゅ,"breed, type, variety",N1,N1_Group_9
頻繁,ひんぱん,frequency,N1,N1_Group_9
貧乏,びんぼう,"poverty, destitute, poor",N1,N1_Group_9
不意,ふい,"sudden, abrupt, unexpected",N1,N1_Group_9
風習,ふうしゅう,custom,N1,N1_Group_9
風俗,ふうぞく,"manners, customs; sex industry",N1,N1_Group_9
部下,ぶか,one's subordinate,N1,N1_Group_9
不況,ふきょう,"recession, depression, slump",N1,N1_Group_9
布巾,ふきん,dish cloth,N1,N1_Group_9
福祉,ふくし,"welfare, well-being",N1,N1_Group_9
布告,ふこく,"edict, ordinance, proclamation",N1,N1_Group_9
負債,ふさい,"debt, liabilities",N1,N1_Group_9
不在,ふざい,absence,N1,N1_Group_9
不順,ふじゅん,"irregularity, unseasonableness",N1,N1_Group_9
負傷,ふしょう,"injury, wound",N1,N1_Group_9
侮辱,ぶじょく,"insult, contempt, slight",N1,N1_Group_9
不振,ふしん,"dullness, slump, stagnation",N1,N1_Group_10
けがらわしい,けがらわしい,"filthy, unfair",N1,N1_Group_10
武装,ぶそう,"arms, armament, armed",N1,N1_Group_10
いっそ,いっそ,"rather, sooner, might as well",N1,N1_Group_10
負担,ふたん,burden; load,N1,N1_Group_10
急かす,せかす,"to hurry, to urge on",N1,N1_Group_10
何気ない,なにげない,"casual, unconcerned",N1,N1_Group_10
復活,ふっかつ,"revival (e.g., musical), restoration",N1,N1_Group_10
～きり,～きり,only,N1,N1_Group_10
物議,ぶつぎ,public discussion (criticism),N1,N1_Group_10
悩ましい,なやましい,"seductive, melancholy, languid",N1,N1_Group_10
即する,そくする,"to conform to, to agree with, to be adapted to,",N1,N1_Group_10
復旧,ふっきゅう,"restoration, restitution, rehabilitation",N1,N1_Group_10
極めて,きわめて,"exceedingly, extremely (written expression)",N1,N1_Group_10
復興,ふっこう,"revival, renaissance, reconstruction",N1,N1_Group_10
望ましい,のぞましい,"desirable, hoped for",N1,N1_Group_10
仏像,ぶつぞう,Buddhist image (statue),N1,N1_Group_10
備わる,そなわる,to be furnished with,N1,N1_Group_10
干し～,ほし～,dried ~,N1,N1_Group_10
物体,ぶったい,object,N1,N1_Group_10
いやらしい,いやらしい,"unpleasant, disgusting, indecent",N1,N1_Group_10
不当,ふとう,"injustice, impropriety, unfair",N1,N1_Group_10
そこら,そこら,"everywhere, somewhere",N1,N1_Group_10
具わる,そなわる,to be furnished with,N1,N1_Group_10
腐敗,ふはい,"decay, depravity",N1,N1_Group_10
落ち着き,おちつき,"calm, composure",N1,N1_Group_10
不服,ふふく,"dissatisfaction, discontent, disapproval",N1,N1_Group_10
マイ～,マイ～,"my ~, one's own ~",N1,N1_Group_10
普遍,ふへん,"universality, ubiquity, omnipresence",N1,N1_Group_10
染まる,そまる,to be dyed,N1,N1_Group_10
おっかない,おっかない,"frightening, scary",N1,N1_Group_10
扶養,ふよう,"support, maintenance",N1,N1_Group_10
もろに,もろに,"completely, altogether, bodily",N1,N1_Group_10
浮力,ふりょく,buoyancy,N1,N1_Group_10
おびただしい,おびただしい,"abundantly, innumerably",N1,N1_Group_10
題する,だいする,to title,N1,N1_Group_10
憤慨,ふんがい,"indignation, resentment",N1,N1_Group_10
文語,ぶんご,"written language, literary language",N1,N1_Group_10
分散,ぶんさん,"dispersion, decentralization, variance (statistics)",N1,N1_Group_10
くすぐったい,くすぐったい,ticklish,N1,N1_Group_10
分子,ぶんし,"numerator, molecule",N1,N1_Group_10
携わる,たずさわる,"to engage, to involve",N1,N1_Group_10
やけに,やけに,"sure, very",N1,N1_Group_10
紛失,ふんしつ,losing something,N1,N1_Group_10
あくどい,あくどい,gaudy vicious,N1,N1_Group_10
分担,ぶんたん,"apportionment, sharing",N1,N1_Group_10
分配,ぶんぱい,"division, sharing",N1,N1_Group_10
脱する,だっする,"to escape from, to get out",N1,N1_Group_10
分母,ぶんぼ,denominator,N1,N1_Group_10
浅ましい,あさましい,"shameful, mean, despicable",N1,N1_Group_10
粉末,ふんまつ,fine powder,N1,N1_Group_10
分離,ぶんり,"separation, detachment, segregation",N1,N1_Group_10
兵器,へいき,"arms, weapons, ordinance",N1,N1_Group_10
束ねる,たばねる,"to tie up in a bundle, to control",N1,N1_Group_10
閉口,へいこう,shut mouth,N1,N1_Group_10
平常,へいじょう,"normal, usual",N1,N1_Group_10
平方,へいほう,"square (e.g., meter, square)",N1,N1_Group_10
ベストセラー,ベストセラー,best-seller,N1,N1_Group_10
便宜,べんぎ,"convenience, accommodation",N1,N1_Group_10
垂れる,たれる,"to hang, to droop; to drip",N1,N1_Group_10
偏見,へんけん,"prejudice, narrow view",N1,N1_Group_10
弁護,べんご,"defense, pleading, advocacy",N1,N1_Group_10
弁償,べんしょう,"compensation, reparation, reimbursement",N1,N1_Group_10
返答,へんとう,reply,N1,N1_Group_10
弁論,べんろん,"discussion, debate, argument",N1,N1_Group_10
告げる,つげる,to inform,N1,N1_Group_10
保育,ほいく,"nursing, nurturing, rearing",N1,N1_Group_10
防衛,ぼうえい,"defense, protection, self-defense",N1,N1_Group_10
防火,ぼうか,"fire prevention, fire fighting, fire proof",N1,N1_Group_10
崩壊,ほうかい,"collapse, decay (physics), crumbling",N1,N1_Group_10
妨害,ぼうがい,"disturbance, obstruction, interference",N1,N1_Group_10
つねる,つねる,to pinch,N1,N1_Group_10
封建,ほうけん,feudalistic,N1,N1_Group_10
豊作,ほうさく,"abundant harvest, bumper crop",N1,N1_Group_10
方策,ほうさく,"plan, policy",N1,N1_Group_10
方式,ほうしき,"form, method, system",N1,N1_Group_10
放射,ほうしゃ,"radiation, emission",N1,N1_Group_10
つぶる (めを～),つぶる (めを～),to close the eyes,N1,N1_Group_10
報酬,ほうしゅう,"remuneration, recompense, reward",N1,N1_Group_10
放出,ほうしゅつ,"release, emit",N1,N1_Group_10
紡績,ぼうせき,spinning,N1,N1_Group_10
膨張,ぼうちょう,"expansion, swelling, increase",N1,N1_Group_10
法廷,ほうてい,courtroom,N1,N1_Group_10
徹する,てっする,"to devote oneself, to believe in",N1,N1_Group_10
報道,ほうどう,"coverage, report",N1,N1_Group_10
暴動,ぼうどう,"insurrection, riot, uprising",N1,N1_Group_10
褒美,ほうび,"reward, prize",N1,N1_Group_10
暴力,ぼうりょく,violence,N1,N1_Group_10
飽和,ほうわ,saturation,N1,N1_Group_10
割込む,わりこむ,"to cut in, to disturb",N1,N1_Group_10
捕獲,ほかく,"capture, seizure",N1,N1_Group_10
補給,ほきゅう,"supply, supplying, replenishment",N1,N1_Group_10
補強,ほきょう,reinforcement,N1,N1_Group_10
募金,ぼきん,"fund-raising, collection of funds",N1,N1_Group_10
牧師,ぼくし,"pastor, minister, clergyman",N1,N1_Group_10
励ます,はげます,"to encourage, to cheer, to raise (the voice)",N1,N1_Group_10
捕鯨,ほげい,whaling,N1,N1_Group_10
保険,ほけん,"insurance, guarantee",N1,N1_Group_10
母校,ぼこう,alma mater,N1,N1_Group_10
ポジション,ポジション,position,N1,N1_Group_10
保守,ほしゅ,"conservative, maintaining",N1,N1_Group_10
恥じる,はじる,to feel ashamed,N1,N1_Group_10
補充,ほじゅう,"supplementation, replenishment, replenishing",N1,N1_Group_10
補助,ほじょ,"assistance, support, auxiliary",N1,N1_Group_10
舗装,ほそう,"pavement, road surface",N1,N1_Group_10
補足,ほそく,"supplement, complement",N1,N1_Group_10
墓地,ぼち,"cemetery, graveyard",N1,N1_Group_10
萎びる,しなびる,"to shrivel, to fade",N1,N1_Group_10
発作,ほっさ,"fit, attack",N1,N1_Group_10
没収,ぼっしゅう,forfeited,N1,N1_Group_10
発足,ほっそく,"starting, inauguration",N1,N1_Group_10
捕虜,ほりょ,prisoner of war,N1,N1_Group_10
本格,ほんかく,"propriety, full-scale",N1,N1_Group_10
染みる,しみる,to soak; pierce,N1,N1_Group_10
本館,ほんかん,main building,N1,N1_Group_10
本気,ほんき,"seriousness, truth, sanctity",N1,N1_Group_10
本音,ほんね,"(one's) real intention, motive",N1,N1_Group_10
本能,ほんのう,instinct,N1,N1_Group_10
前売,まえうり,"advance sale, booking",N1,N1_Group_10
膨れる,ふくれる,"to swell (out), to be inflated, to bulge",N1,N1_Group_10
真心,まごころ,"sincerity, devotion",N1,N1_Group_10
麻酔,ますい,anesthesia,N1,N1_Group_10
まと,まと,"mark, target",N1,N1_Group_10
纏め,まとめ,"settlement, conclusion",N1,N1_Group_10
招き,まねき,invitation,N1,N1_Group_10
老ける,ふける,to age,N1,N1_Group_10
麻痺,まひ,"paralysis, palsy, numbness",N1,N1_Group_10
満月,まんげつ,full moon,N1,N1_Group_10
未開,みかい,"savage land, backward region, uncivilized",N1,N1_Group_10
味覚,みかく,"taste, palate, sense of taste",N1,N1_Group_10
未婚,みこん,unmarried,N1,N1_Group_10
隔たる,へだたる,to be distant,N1,N1_Group_10
微塵,みじん,"particle, atom",N1,N1_Group_10
水気,みずけ,"moisture, dampness",N1,N1_Group_10
未練,みれん,"lingering affection, attachment, regret(s)",N1,N1_Group_10
民俗,みんぞく,folk customs,N1,N1_Group_10
無口,むくち,reticence,N1,N1_Group_10
報じる,ほうじる,"to inform, to report",N1,N1_Group_10
無効,むこう,"invalid, no effect, unavailable",N1,N1_Group_10
無言,むごん,silence,N1,N1_Group_10
無線,むせん,"wireless, radio",N1,N1_Group_10
無断,むだん,"without permission, without notice",N1,N1_Group_10
無知,むち,ignorance,N1,N1_Group_10
報ずる,ほうずる,"to inform, to report",N1,N1_Group_10
無念,むねん,"chagrin, regret",N1,N1_Group_10
無能,むのう,"inefficiency, incompetence",N1,N1_Group_10
名産,めいさん,noted product,N1,N1_Group_10
命中,めいちゅう,a hit,N1,N1_Group_10
明白,めいはく,"obvious, clear",N1,N1_Group_10
ぼやく,ぼやく,"to grumble, to complain",N1,N1_Group_10
明瞭,めいりょう,clarity,N1,N1_Group_10
明朗,めいろう,"bright, clear, cheerful",N1,N1_Group_10
目方,めかた,weight,N1,N1_Group_10
恵み,めぐみ,blessing,N1,N1_Group_10
目盛,めもり,"scale, gradations",N1,N1_Group_10
滅びる,ほろびる,"to be ruined, to perish, to be destroyed",N1,N1_Group_10
面会,めんかい,interview,N1,N1_Group_10
免除,めんじょ,"exemption, exoneration, discharge",N1,N1_Group_10
申込,もうしこみ,"application, request, proposal",N1,N1_Group_10
申出,もうしで,"request, claim, report",N1,N1_Group_10
盲点,もうてん,blind spot,N1,N1_Group_10
滅ぼす,ほろぼす,"to destroy, to overthrow, to ruin",N1,N1_Group_10
猛烈,もうれつ,"violent, vehement, rage",N1,N1_Group_10
目録,もくろく,"catalogue, catalog, list",N1,N1_Group_10
模型,もけい,"model, dummy, marquette",N1,N1_Group_10
模索,もさく,groping (for),N1,N1_Group_10
目下,もっか,"at present, now",N1,N1_Group_10
紛れる,まぎれる,"to be diverted, to slip into",N1,N1_Group_10
モニター,モニター,(computer) monitor,N1,N1_Group_10
模範,もはん,"model, example",N1,N1_Group_10
模倣,もほう,"imitation, copying",N1,N1_Group_10
夜具,やぐ,bedding,N1,N1_Group_10
屋敷,やしき,mansion,N1,N1_Group_10
交える,まじえる,"to mix, to converse with, to cross (swords)",N1,N1_Group_10
野心,やしん,"ambition, aspiration",N1,N1_Group_10
野生,やせい,wild,N1,N1_Group_10
憂鬱,ゆううつ,"depression, melancholy",N1,N1_Group_10
有益,ゆうえき,"beneficial, profitable",N1,N1_Group_10
融資,ゆうし,"financing, loan",N1,N1_Group_10
交わる,まじわる,"to cross, to intersect, to mingle with,",N1,N1_Group_10
優先,ゆうせん,"preference, priority",N1,N1_Group_10
誘導,ゆうどう,"guidance, leading, inducement",N1,N1_Group_10
融通,ゆうずう,"adaptability, versatility, finance",N1,N1_Group_10
優美,ゆうび,"grace, refinement, elegance",N1,N1_Group_10
遊牧,ゆうぼく,nomadism,N1,N1_Group_10
免れる,まぬがれる,"to escape from, to be exempted",N1,N1_Group_10
有力,ゆうりょく,"influence, prominence; potent",N1,N1_Group_10
幽霊,ゆうれい,"ghost, specter, phantom",N1,N1_Group_10
溶液,ようえき,solution,N1,N1_Group_10
用件,ようけん,business,N1,N1_Group_10
養護,ようご,"protection, nursing, protective care",N1,N1_Group_10
満たす,みたす,"to satisfy, to ingratiate, to fill, to fulfill",N1,N1_Group_10
用紙,ようし,a form,N1,N1_Group_10
様式,ようしき,"style, form, pattern",N1,N1_Group_10
要請,ようせい,"claim, demand, request, application",N1,N1_Group_10
様相,ようそう,aspect,N1,N1_Group_10
用品,ようひん,"articles, supplies, parts",N1,N1_Group_10
見なす,みなす,"to consider as, to regard",N1,N1_Group_10
洋風,ようふう,western style,N1,N1_Group_10
要望,ようぼう,"demand for, request",N1,N1_Group_10
浴室,よくしつ,"bathroom, bath",N1,N1_Group_10
欲望,よくぼう,"desire, appetite",N1,N1_Group_10
横綱,よこづな,sumo grand champion,N1,N1_Group_10
むしる,むしる,"to pluck, to pick, to tear",N1,N1_Group_10
汚れ,よごれ,"dirt, filth",N1,N1_Group_10
世論,よろん,public opinion,N1,N1_Group_10
酪農,らくのう,dairy farming,N1,N1_Group_10
楽観,らっかん,optimism,N1,N1_Group_10
利子,りし,interest (bank),N1,N1_Group_10
利息,りそく,interest (bank),N1,N1_Group_10
立方,りっぽう,cube,N1,N1_Group_10
利点,りてん,"advantage, point in favor",N1,N1_Group_10
略奪,りゃくだつ,"pillage, looting, robbery",N1,N1_Group_10
略語,りゃくご,"abbreviation, acronym",N1,N1_Group_10
領域,りょういき,"area, territory, region",N1,N1_Group_10
両極,りょうきょく,"both extremities, north and south poles",N1,N1_Group_10
良好,りょうこう,"favorable, satisfactory",N1,N1_Group_10
良心,りょうしん,conscience,N1,N1_Group_10
領地,りょうち,territory,N1,N1_Group_10
領土,りょうど,"territory, possession",N1,N1_Group_10
旅客,りょかく,passenger,N1,N1_Group_10
旅券,りょけん,passport,N1,N1_Group_10
理論,りろん,theory,N1,N1_Group_10
林業,りんぎょう,forestry,N1,N1_Group_10
類推,るいすい,analogy,N1,N1_Group_10
冷蔵,れいぞう,refrigeration,N1,N1_Group_10
冷淡,れいたん,"coolness, indifference",N1,N1_Group_11
荒っぽい,あらっぽい,"rough, rude",N1,N1_Group_11
浜辺,はまべ,"beach, foreshore",N1,N1_Group_11
ことごとく,ことごとく,"altogether, entirely",N1,N1_Group_11
繁栄,はんえい,"prospering, prosperity, flourishing",N1,N1_Group_11
群がる,むらがる,"to swarm, to gather",N1,N1_Group_11
すがすがしい,すがすがしい,"fresh, refreshing",N1,N1_Group_11
版画,はんが,art print,N1,N1_Group_11
～増し,～増し,~increase,N1,N1_Group_11
反響,はんきょう,"echo, reverberation, repercussion",N1,N1_Group_11
すばしこい,すばしこい,"nimble, smart, quick",N1,N1_Group_11
面する,めんする,"to face on, to look out on to",N1,N1_Group_11
判決,はんけつ,"judicial decision, judgment, sentence, decree",N1,N1_Group_11
しかしながら,しかしながら,"however, nevertheless",N1,N1_Group_11
反射,はんしゃ,"reflection, reverberation",N1,N1_Group_11
すれちがい,すれちがい,chance encounter,N1,N1_Group_11
繁盛,はんじょう,"prosperity, flourishing, thriving",N1,N1_Group_11
もがく,もがく,"to struggle, to wriggle, to be impatient",N1,N1_Group_11
～寄り,～より,"near to ~ (e.g., North by East)",N1,N1_Group_11
繁殖,はんしょく,"breed, multiply, propagation",N1,N1_Group_11
煩わしい,わずらわしい,"burdensome, troublesome, complicated",N1,N1_Group_11
判定,はんてい,"judgment, decision, award, verdict",N1,N1_Group_11
にも関わらず,にもかかわらず,"in spite of, nevertheless",N1,N1_Group_11
漏らす,もらす,"to let leak, to reveal",N1,N1_Group_11
反応,はんのう,"reaction, response",N1,N1_Group_11
ばかばかしい,ばかばかしい,stupid,N1,N1_Group_11
半端,はんぱ,"fragment, fraction, incompleteness",N1,N1_Group_11
～なんか,～なんか,in the least ~,N1,N1_Group_11
反発,はんぱつ,"repelling, rebound, oppose",N1,N1_Group_11
漏れる,もれる,"to leak out, to escape, to filter out",N1,N1_Group_11
ふさわしい,ふさわしい,appropriate,N1,N1_Group_11
反乱,はんらん,"rebellion, revolt, uprising",N1,N1_Group_11
かろうじて,かろうじて,"barely, narrowly",N1,N1_Group_11
悲観,ひかん,"pessimism, disappointment",N1,N1_Group_11
待ち遠しい,まちどおしい,looking forward to,N1,N1_Group_11
指差す,ゆびさす,to point at,N1,N1_Group_11
悲惨,ひさん,"tragedy, disaster; misery, wretched, pitiful",N1,N1_Group_11
比重,ひじゅう,specific gravity,N1,N1_Group_11
美術,びじゅつ,"art, fine arts",N1,N1_Group_11
まちまち,まちまち,"various, different",N1,N1_Group_11
秘書,ひしょ,(private) secretary,N1,N1_Group_11
避ける,よける,"to avoid (physical contact with; to ward off, to avert",N1,N1_Group_11
いたって,いたって,"very much, exceedingly, extremely",N1,N1_Group_11
微笑,びしょう,smile,N1,N1_Group_11
真ん丸い,まんまるい,perfectly circular,N1,N1_Group_11
密か,ひそか,"secret, private, surreptitious",N1,N1_Group_11
匹敵,ひってき,"comparing with, rival, equal",N1,N1_Group_11
ばてる,ばてる,"to be exhausted, to be worn out",N1,N1_Group_11
人質,ひとじち,hostage,N1,N1_Group_11
真ん円い,まんまるい,perfectly round,N1,N1_Group_11
一筋,ひとすじ,"a line, earnestly, blindly, straightforwardly",N1,N1_Group_11
人目,ひとめ,"glimpse, public gaze",N1,N1_Group_11
非難,ひなん,"blame, attack, criticism",N1,N1_Group_11
早める,はやめる,"to hasten, to quicken, to accelerate",N1,N1_Group_11
避難,ひなん,"taking refuge, finding shelter",N1,N1_Group_11
火花,ひばな,spark,N1,N1_Group_11
悲鳴,ひめい,"shriek, scream",N1,N1_Group_11
標語,ひょうご,"motto, slogan, catchword",N1,N1_Group_11
描写,びょうしゃ,"depiction, description, portrayal",N1,N1_Group_11
反する,はんする,"to be inconsistent with, to oppose, to contradict",N1,N1_Group_11
びり,びり,"last on the list, at the bottom",N1,N1_Group_11
比率,ひりつ,"ratio, proportion, percentage",N1,N1_Group_11
煌々と,こうこうと,brightly,N1,N1_Group_11
考古学,こうこがく,archeology,N1,N1_Group_11
香辛料,こうしんりょう,spices,N1,N1_Group_11
こだわる,こだわる,"to fuss over, to be particular about",N1,N1_Group_11
光熱費,こうねつひ,cost of fuel and light,N1,N1_Group_11
小切手,こぎって,"cheque, check",N1,N1_Group_11
焦げ茶,こげちゃ,dark brown,N1,N1_Group_11
骨董品,こっとうひん,curio,N1,N1_Group_11
細やか,こまやか,"meager, modest",N1,N1_Group_11
ごまかす,ごまかす,"to deceive, to falsify, to misrepresent",N1,N1_Group_11
座談会,ざだんかい,"symposium, round-table discussion",N1,N1_Group_11
さほど,さほど,"not so, not that much",N1,N1_Group_11
とんだ,とんだ,"terrible, awful, serious, absolutely not",N1,N1_Group_11
度忘れ,どわすれ,"lapse of memory, forget for a moment",N1,N1_Group_11
滑らか,なめらか,"smoothness, glassiness",N1,N1_Group_11
さえずる,さえずる,"to sing, to chirp, to twitter",N1,N1_Group_11
並びに,ならびに,and,N1,N1_Group_11
何だか,なんだか,"a little, somewhat, somehow",N1,N1_Group_11
にきび,にきび,"pimple, acne",N1,N1_Group_11
にせ物,にせもの,"imitation, counterfeit",N1,N1_Group_11
荷造り,にづくり,"packing, baling, crating",N1,N1_Group_11
差し支える,さしつかえる,"to interfere, to hinder",N1,N1_Group_11
バー,バー,bar,N1,N1_Group_11
ばい菌,ばいきん,"bacteria, germ(s)",N1,N1_Group_11
一部分,いちぶぶん,"a part, a portion",N1,N1_Group_11
一挙に,いっきょに,"at a stroke, with a single swoop",N1,N1_Group_11
いびき,いびき,snoring,N1,N1_Group_11
さっぱりする,さっぱりする,to refresh,N1,N1_Group_11
いやに,いやに,"awfully, terribly",N1,N1_Group_11
受持ち,うけもち,"charge (of something), matter in one's charge",N1,N1_Group_11
嘘つき,うそつき,liar,N1,N1_Group_11
梅干し,うめぼし,dried plum,N1,N1_Group_11
裏返し,うらがえし,"inside out, reverse",N1,N1_Group_11
仕上げる,しあげる,"to finish up, to complete",N1,N1_Group_11
於いて,おいて,"at, in, on",N1,N1_Group_11
御世辞,おせじ,"flattery, compliment",N1,N1_Group_11
同い年,おないどし,of the same age,N1,N1_Group_11
おまけ,おまけ,a discount; something additional,N1,N1_Group_11
おむつ,おむつ,"diaper, nappy",N1,N1_Group_11
仕入れる,しいれる,"to lay in stock, to replenish stock, to procure",N1,N1_Group_11
顔付き,かおつき,facial expression,N1,N1_Group_11
かかと,かかと,shoe heel,N1,N1_Group_11
箇条書,かじょうがき,"itemized form, itemization",N1,N1_Group_11
かつて,かつて,"once, before, formerly",N1,N1_Group_11
かりに,かりに,"temporarily; if, for argument's sake",N1,N1_Group_11
仕掛ける,しかける,"to lay, to set, to wage",N1,N1_Group_11
効き目,ききめ,"effect, virtue, efficacy",N1,N1_Group_11
几帳面,きちょうめん,"methodical, punctual, steady",N1,N1_Group_11
首飾り,くびかざり,necklace,N1,N1_Group_11
自尊心,じそんしん,"self-respect, conceit",N1,N1_Group_11
下調べ,したしらべ,preliminary investigation,N1,N1_Group_11
とがめる,とがめる,"to blame, to rebuke",N1,N1_Group_11
鮮やか,あざやか,"vivid, clear",N1,N1_Group_11
当て字,あてじ,"phonetic-equivalent character, substitute character",N1,N1_Group_11
跡継ぎ,あとつぎ,"heir, successor",N1,N1_Group_11
案の定,あんのじょう,"sure enough, as usual",N1,N1_Group_11
小児科,しょうにか,pediatrics,N1,N1_Group_11
取り調べる,とりしらべる,"to investigate, to examine",N1,N1_Group_11
使用人,しようにん,"employee, servant",N1,N1_Group_11
植民地,しょくみんち,colony,N1,N1_Group_11
スト,スト,(abbr.) strike,N1,N1_Group_11
ずばり,ずばり,"decisively, unreservedly, frankly",N1,N1_Group_11
税務署,ぜいむしょ,tax office,N1,N1_Group_11
取り立てる,とりたてる,"to collect, to extort",N1,N1_Group_11
接続詞,せつぞくし,conjunction,N1,N1_Group_11
ソロ,ソロ,solo,N1,N1_Group_11
足し算,たしざん,addition,N1,N1_Group_11
多数決,たすうけつ,majority rule,N1,N1_Group_11
蛋白質,たんぱくしつ,protein,N1,N1_Group_11
取り次ぐ,とりつぐ,"to act as an agent for, to announce (someone), to convey (a message)",N1,N1_Group_11
茶の間,ちゃのま,living room (Japanese style),N1,N1_Group_11
茶の湯,ちゃのゆ,tea ceremony,N1,N1_Group_11
宙返り,ちゅうがえり,"somersault, looping-the-loop",N1,N1_Group_11
聴診器,ちょうしんき,stethoscope,N1,N1_Group_11
塵取り,ちりとり,dustpan,N1,N1_Group_11
いたわる,いたわる,"to sympathize with, to console, to care for",N1,N1_Group_11
務まる,つとまる,"be equal, be fit",N1,N1_Group_11
つぶら,つぶら,"round, rotund",N1,N1_Group_11
釣り鐘,つりがね,temple bell (for striking),N1,N1_Group_11
吊り革,つりかわ,strap,N1,N1_Group_11
出直し,でなおし,"adjustment, touch up",N1,N1_Group_11
受け継ぐ,うけつぐ,"to inherit, to succeed",N1,N1_Group_11
手回し,てまわし,"preparations, arrangements",N1,N1_Group_11
手分け,てわけ,division of labor,N1,N1_Group_11
ろくな,ろくな,"satisfactory, decent",N1,N1_Group_11
渡り鳥,わたりどり,"migratory bird, bird of passage",N1,N1_Group_11
橋渡し,はしわたし,"bridge building', mediation",N1,N1_Group_11
打ち込む,うちこむ,"to devote oneself to, to shoot into",N1,N1_Group_11
実業家,じつぎょうか,"industrialist, businessman",N1,N1_Group_11
助動詞,じょどうし,auxiliary verb,N1,N1_Group_11
淑やか,しとやか,graceful,N1,N1_Group_11
三味線,しゃみせん,three-stringed Japanese guitar,N1,N1_Group_11
十字路,じゅうじろ,crossroads,N1,N1_Group_11
埋め込む,うめこむ,"to embed, implant",N1,N1_Group_11
不可欠,ふかけつ,"indispensable, essential",N1,N1_Group_11
不動産,ふどうさん,real estate,N1,N1_Group_11
ブル,ブル,bull,N1,N1_Group_11
ペア,ペア,"pair, pear",N1,N1_Group_11
放射能,ほうしゃのう,radioactivity,N1,N1_Group_11
追い込む,おいこむ,"to herd, to corner, to drive",N1,N1_Group_11
干し物,ほしもの,dried washing (clothes,N1,N1_Group_11
ほとり,ほとり,vicinity of lake; river,N1,N1_Group_11
前置き,まえおき,"preface, introduction",N1,N1_Group_11
纏まり,まとまり,"conclusion, settlement, consistency",N1,N1_Group_11
丸ごと,まるごと,"in its entirety, whole, wholly",N1,N1_Group_11
追い出す,おいだす,"to expel, to drive out",N1,N1_Group_11
真ん前,まんまえ,"right in front, under the nose",N1,N1_Group_11
見込み,みこみ,"prospects, expectation, hope",N1,N1_Group_11
見せ物,みせもの,"show, exhibition",N1,N1_Group_11
見通し,みとおし,"perspective, unobstructed view, prospect",N1,N1_Group_11
身振り,みぶり,gesture,N1,N1_Group_11
押し込む,おしこむ,"to push into, to crowd into",N1,N1_Group_11
目論見,もくろみ,"a plan, a scheme, intention",N1,N1_Group_11
夕焼け,ゆうやけ,sunset,N1,N1_Group_11
緩やか,ゆるやか,lenient,N1,N1_Group_11
夜更し,よふかし,"staying up late, keeping late hours",N1,N1_Group_11
夜更け,よふけ,late at night,N1,N1_Group_11
押し寄せる,おしよせる,"to push aside, to advance on",N1,N1_Group_11
腹立ち,はらだち,anger,N1,N1_Group_11
張り紙,はりがみ,"notice, poster",N1,N1_Group_11
日の丸,ひのまる,the Japanese flag,N1,N1_Group_11
ひび (かべの～),ひび (かべの～),"crack, fissure, flaw",N1,N1_Group_11
日焼け,ひやけ,sunburn,N1,N1_Group_11
おだてる,おだてる,to flatter,N1,N1_Group_11
サイズ,サイズ,size,N1,N1_Group_11
産婦人科,さんふじんか,maternity and gynecology department,N1,N1_Group_11
しきたり,しきたり,"custom, conventional practice, tradition",N1,N1_Group_11
ゲスト,ゲスト,guest,N1,N1_Group_11
トーン,トーン,tone,N1,N1_Group_11
落ち込む,おちこむ,to get depressed,N1,N1_Group_11
とっさに,とっさに,at once,N1,N1_Group_11
ドライ,ドライ,dry,N1,N1_Group_11
ドリル,ドリル,drill,N1,N1_Group_11
とろける,とろける,melt; to be enchanted with,N1,N1_Group_11
なにより,なにより,"most, best",N1,N1_Group_11
重んじる,おもんじる,"to respect, to honor, to esteem, to prize",N1,N1_Group_11
なるたけ,なるたけ,"as much as possible, if possible",N1,N1_Group_11
なんだかんだ,なんだかんだ,something or other,N1,N1_Group_11
なんなり,なんなり,"anything, whatever",N1,N1_Group_11
ねじまわし,ねじまわし,screwdriver,N1,N1_Group_11
受け入れ,うけいれ,"receiving, acceptance",N1,N1_Group_11
重んずる,おもんずる,"to honor, to respect, to value",N1,N1_Group_11
打ち消し,うちけし,"(gram) negation, denial, negative",N1,N1_Group_11
うぬぼれ,うぬぼれ,"pretension, conceit, hubris",N1,N1_Group_11
売り出し,うりだし,(bargain) sale,N1,N1_Group_11
うんざり,うんざり,"tedious, boring, being fed up with",N1,N1_Group_11
おおげさ,おおげさ,"grandiose, exaggerated",N1,N1_Group_11
おおまかな,おおまかな,"rough, approximate",N1,N1_Group_11
遅くとも,おそくとも,at the latest,N1,N1_Group_11
思い付き,おもいつき,"plan, idea, suggestion",N1,N1_Group_11
おろそか,おろそか,"neglect, negligence, carelessness",N1,N1_Group_11
ガイド,ガイド,guide,N1,N1_Group_11
駆けっこ,かけっこ,(foot) race,N1,N1_Group_11
がっしり,がっしり,"firmly, solidly, tough",N1,N1_Group_11
がっちり,がっちり,"solidly built, tightly",N1,N1_Group_11
カット,カット,"cut, cutting",N1,N1_Group_11
カルテ,カルテ,clinical records (GER: Karte),N1,N1_Group_11
代る代る,かわるがわる,alternately,N1,N1_Group_11
聞き取り,ききとり,listening comprehension,N1,N1_Group_11
きちっと,きちっと,"exactly, perfectly",N1,N1_Group_11
きっかり,きっかり,"exactly, precisely",N1,N1_Group_11
きっちり,きっちり,"precisely, tightly",N1,N1_Group_11
きっぱり,きっぱり,"clearly, plainly, distinctly",N1,N1_Group_11
生真面目,きまじめ,"serious, sincerity",N1,N1_Group_11
クイズ,クイズ,quiz,N1,N1_Group_12
見苦しい,みぐるしい,"unsightly, ugly",N1,N1_Group_12
くじびき,くじびき,"lottery, drawn lot",N1,N1_Group_12
ぺこぺこ,ぺこぺこ,"fawn, be very hungry",N1,N1_Group_12
グレー,グレー,"grey, gray",N1,N1_Group_12
掻き回す,かきまわす,"to stir up, to churn, to disturb",N1,N1_Group_12
目覚しい,めざましい,"brilliant, remarkable",N1,N1_Group_12
アラブ,アラブ,Arab,N1,N1_Group_12
ありのまま,ありのまま,"the truth, as it is, frankly",N1,N1_Group_12
ありふれる,ありふれる,"common, ordinary, routine",N1,N1_Group_12
物足りない,ものたりない,"unsatisfied, unsatisfactory",N1,N1_Group_12
かさばる,かさばる,to be bulky,N1,N1_Group_12
アルミ,アルミ,"aluminum (Al, aluminum)",N1,N1_Group_12
まるっきり,まるっきり,"completely, perfectly, just as if",N1,N1_Group_12
アワー,アワー,hour,N1,N1_Group_12
安っぽい,やすっぽい,"cheap-looking, tawdry",N1,N1_Group_12
イェス,イェス,yes; Jesus,N1,N1_Group_12
かぶれる,かぶれる,to react to; to be influenced by,N1,N1_Group_12
いかにも,いかにも,truly (same as 実に (じつに)),N1,N1_Group_12
ショー,ショー,show,N1,N1_Group_12
ややこしい,ややこしい,"puzzling, tangled, complicated, complex",N1,N1_Group_12
ずぶぬれ,ずぶぬれ,"soaked, dripping wet",N1,N1_Group_12
もしかして,もしかして,"perhaps, possibly",N1,N1_Group_12
噛み切る,かみきる,"to bite off, to gnaw through",N1,N1_Group_12
すみやか,すみやか,speedy,N1,N1_Group_12
華々しい,はなばなしい,"brilliant, magnificent, spectacular",N1,N1_Group_12
ずらっと,ずらっと,"in a line, in a row",N1,N1_Group_12
ずるずる,ずるずる,"dragging on, sound of sniffling",N1,N1_Group_12
セール,セール,sale,N1,N1_Group_12
食い違う,くいちがう,"to cross each other, to differ",N1,N1_Group_12
エレガント,エレガント,elegant,N1,N1_Group_12
ゼリー,ゼリー,jelly,N1,N1_Group_12
～どころか,～どころか,"rather, far from",N1,N1_Group_12
センス,センス,"sense (for music, style, tact, etc.)",N1,N1_Group_12
ソース,ソース,source,N1,N1_Group_12
組み込む,くみこむ,"to insert, to include, to cut in (printing)",N1,N1_Group_12
タイル,タイル,tile,N1,N1_Group_12
だったら,だったら,if it's the case,N1,N1_Group_12
だぶだぶ,だぶだぶ,"loose, baggy",N1,N1_Group_12
タワー,タワー,tower,N1,N1_Group_12
ダンプ,ダンプ,dump truck,N1,N1_Group_12
組み合わせる,くみあわせる,"to join together, to combine, to join up",N1,N1_Group_12
ちらっと,ちらっと,"at a glance, by accident",N1,N1_Group_12
手掛かり,てがかり,"hint, clue, key",N1,N1_Group_12
できもの,できもの,"boil, rash",N1,N1_Group_12
てっぺん,てっぺん,"top, summit, apex",N1,N1_Group_12
レンジ,レンジ,"range, stove",N1,N1_Group_12
意気込む,いきごむ,to be enthusiastic about,N1,N1_Group_12
ロープ,ロープ,rope,N1,N1_Group_12
ワット,ワット,watt,N1,N1_Group_12
シック,シック,chic,N1,N1_Group_12
じっくり,じっくり,"deliberately, carefully",N1,N1_Group_12
しなやか,しなやか,"supple, flexible, elastic",N1,N1_Group_12
付け加える,つけくわえる,to add one thing to another,N1,N1_Group_12
ジャズ,ジャズ,jazz,N1,N1_Group_12
ヒント,ヒント,hint,N1,N1_Group_12
ファン,ファン,fan,N1,N1_Group_12
ブーツ,ブーツ,boots,N1,N1_Group_12
ブーム,ブーム,boom,N1,N1_Group_12
突っ突く,つっつく,to prompt someone,N1,N1_Group_12
ブザー,ブザー,buzzer,N1,N1_Group_12
ふらふら,ふらふら,"unsteady on one's feet, totter, dizzy",N1,N1_Group_12
ふんだん,ふんだん,"plentiful, abundant, lavish",N1,N1_Group_12
ベース,ベース,"base, bass",N1,N1_Group_12
ベスト,ベスト,best; vest,N1,N1_Group_12
照り返す,てりかえす,"to reflect, to throw back light",N1,N1_Group_12
ホース,ホース,hose,N1,N1_Group_12
ポット,ポット,pot,N1,N1_Group_12
ほっぺた,ほっぺた,cheek,N1,N1_Group_12
ボルト,ボルト,volt; bolt,N1,N1_Group_12
ポンプ,ポンプ,pump,N1,N1_Group_12
恥じらう,はじらう,"to feel shy, to be bashful, to blush",N1,N1_Group_12
マーク,マーク,mark,N1,N1_Group_12
待ち合わせ,まちあわせ,appointment,N1,N1_Group_12
真っ二つ,まっぷたつ,in two equal parts,N1,N1_Group_12
ミセス,ミセス,Mrs.,N1,N1_Group_12
見積もり,みつもり,"estimation, quotation",N1,N1_Group_12
踏まえる,ふまえる,"to be based on, to have origin in",N1,N1_Group_12
見晴らし,みはらし,view,N1,N1_Group_12
ムード,ムード,mood,N1,N1_Group_12
もしくは,もしくは,"or, otherwise",N1,N1_Group_12
ライス,ライス,rice,N1,N1_Group_12
ランプ,ランプ,lamp; ramp,N1,N1_Group_12
震わせる,ふるわせる,"to be shaking, to be trembling",N1,N1_Group_12
リード,リード,lead; reed,N1,N1_Group_12
ルーズ,ルーズ,loose,N1,N1_Group_12
レース,レース,race; lace,N1,N1_Group_12
バット,バット,"bat, vat",N1,N1_Group_12
はらはら,はらはら,feel nervous,N1,N1_Group_12
へりくだる,へりくだる,to deprecate oneself and praise the listener,N1,N1_Group_12
パンク,パンク,"puncture, bursting; punk",N1,N1_Group_12
ひいては,ひいては,"not only…but also, in addition to, consequently",N1,N1_Group_12
ひたすら,ひたすら,"nothing but, earnestly, intently",N1,N1_Group_12
びっしょり,びっしょり,"wet through, drenched",N1,N1_Group_12
コーナー,コーナー,corner,N1,N1_Group_12
放り込む,ほうりこむ,to throw into,N1,N1_Group_12
コマーシャル,コマーシャル,a commercial,N1,N1_Group_12
コメント,コメント,comment,N1,N1_Group_12
ごらんなさい (かん),ごらんなさい (かん),"look, (please) try to do",N1,N1_Group_12
コントラスト,コントラスト,contrast,N1,N1_Group_12
コントロール,コントロール,control,N1,N1_Group_12
見落とす,みおとす,"to overlook, to fail to notice",N1,N1_Group_12
コンパス,コンパス,compass,N1,N1_Group_12
サイクル,サイクル,cycle,N1,N1_Group_12
サンキュー,サンキュー,thank you,N1,N1_Group_12
サンタクロース,サンタクロース,Santa Claus,N1,N1_Group_12
ジーパン,ジーパン,jeans,N1,N1_Group_12
見せびらかす,みせびらかす,"to show off, to flaunt",N1,N1_Group_12
ドライバー,ドライバー,"driver, screwdriver",N1,N1_Group_12
ドライブイン,ドライブイン,drive in,N1,N1_Group_12
トランジスター,トランジスター,transistor,N1,N1_Group_12
ナプキン,ナプキン,napkin,N1,N1_Group_12
ナンセンス,ナンセンス,nonsense,N1,N1_Group_12
見計らう,みはからう,to choose at one's own discretion,N1,N1_Group_12
ニュアンス,ニュアンス,nuance,N1,N1_Group_12
ノイローゼ,ノイローゼ,neurosis (GER: Neurose),N1,N1_Group_12
インターナショナル,インターナショナル,international,N1,N1_Group_12
インターフォン,インターフォン,"entry phone, intercom",N1,N1_Group_12
インフォメーション,インフォメーション,information,N1,N1_Group_12
結び付く,むすびつく,"to be connected or related, to join together",N1,N1_Group_12
インフレ,インフレ,(abbr.) inflation,N1,N1_Group_12
エアメール,エアメール,air mail,N1,N1_Group_12
エンジニア,エンジニア,engineer,N1,N1_Group_12
オートマチック,オートマチック,automatic,N1,N1_Group_12
オリエンテーション,オリエンテーション,orientation,N1,N1_Group_12
結び付ける,むすびつける,"to combine, to join, to tie on, to attach with a knot",N1,N1_Group_12
オンライン,オンライン,on-line,N1,N1_Group_12
カーペット,カーペット,carpet,N1,N1_Group_12
ガイドブック,ガイドブック,guidebook,N1,N1_Group_12
カクテル,カクテル,cocktail,N1,N1_Group_12
カメラマン,カメラマン,cameraman,N1,N1_Group_12
目覚める,めざめる,to wake up,N1,N1_Group_12
キャッチ,キャッチ,catch,N1,N1_Group_12
クレーン,クレーン,crane,N1,N1_Group_12
システム,システム,system,N1,N1_Group_12
アクセル,アクセル,(abbr.) accelerator,N1,N1_Group_12
アマチュア,アマチュア,amateur,N1,N1_Group_12
申し入れる,もうしいれる,"to propose, to suggest",N1,N1_Group_12
アルカリ,アルカリ,alkali,N1,N1_Group_12
アンコール,アンコール,encore,N1,N1_Group_12
スタジオ,スタジオ,studio,N1,N1_Group_12
スチーム,スチーム,steam,N1,N1_Group_12
ストライキ,ストライキ,strike,N1,N1_Group_12
申し出る,もうしでる,"to report to, to tell, to suggest",N1,N1_Group_12
ストロー,ストロー,straw,N1,N1_Group_12
スプリング,スプリング,spring,N1,N1_Group_12
スペース,スペース,space,N1,N1_Group_12
スポーツカー,スポーツカー,sports car,N1,N1_Group_12
スラックス,スラックス,slacks,N1,N1_Group_12
やりとげる,やりとげる,to accomplish,N1,N1_Group_12
セクション,セクション,section,N1,N1_Group_12
セックス,セックス,sex,N1,N1_Group_12
セレモニー,セレモニー,ceremony,N1,N1_Group_12
ソックス,ソックス,socks,N1,N1_Group_12
タイピスト,タイピスト,typist,N1,N1_Group_12
和らげる,やわらげる,"to soften, to moderate, to relieve",N1,N1_Group_12
タイミング,タイミング,timing,N1,N1_Group_12
チャンネル,チャンネル,a channel,N1,N1_Group_12
ティシュペーパー,ティシュペーパー,tissue,N1,N1_Group_12
デコレーション,デコレーション,decoration,N1,N1_Group_12
デッサン,デッサン,rough sketch (FRE: dessin),N1,N1_Group_12
寄り掛かる,よりかかる,"to lean against, to recline on, to lean on, to rely on",N1,N1_Group_12
デモンストレーション,デモンストレーション,demonstration,N1,N1_Group_12
レンタカー,レンタカー,rented car,N1,N1_Group_12
レントゲン,レントゲン,X-ray (lit: Roentgen),N1,N1_Group_12
ロマンチック,ロマンチック,romantic,N1,N1_Group_12
パジャマ,パジャマ,pajamas,N1,N1_Group_12
ばらまく,ばらまく,"to disseminate, to scatter",N1,N1_Group_12
シナリオ,シナリオ,scenario,N1,N1_Group_12
ジャンパー,ジャンパー,"jacket, jumper",N1,N1_Group_12
ジャンプ,ジャンプ,jump,N1,N1_Group_12
ジャンボ,ジャンボ,jumbo,N1,N1_Group_12
ジャンル,ジャンル,genre,N1,N1_Group_12
引っ掻く,ひっかく,to scratch,N1,N1_Group_12
ファイト,ファイト,fight,N1,N1_Group_12
ファイル,ファイル,file; portfolio,N1,N1_Group_12
フィルタ,フィルタ,filter,N1,N1_Group_12
フォーム,フォーム,foam; form,N1,N1_Group_12
フロント,フロント,front,N1,N1_Group_12
さらう (こどもを～),さらう (こどもを～),to kidnap,N1,N1_Group_12
ボイコット,ボイコット,boycott,N1,N1_Group_12
ポイント,ポイント,point,N1,N1_Group_12
マイクロフォン,マイクロフォン,microphone,N1,N1_Group_12
ミスプリント,ミスプリント,misprint,N1,N1_Group_12
ミュージック,ミュージック,music,N1,N1_Group_12
かく (はじを),かく (はじを),to humiliate oneself,N1,N1_Group_12
メーカー,メーカー,manufacturer,N1,N1_Group_12
メディア,メディア,media,N1,N1_Group_12
メロディー,メロディー,melody,N1,N1_Group_12
モーテル,モーテル,motel,N1,N1_Group_12
ユニーク,ユニーク,unique,N1,N1_Group_12
すくう (みずを～),すくう (みずを～),to scoop,N1,N1_Group_12
ユニフォーム,ユニフォーム,uniform,N1,N1_Group_12
よし (かん),よし (かん),all right!,N1,N1_Group_12
レギュラー,レギュラー,regular,N1,N1_Group_12
レッスン,レッスン,lesson,N1,N1_Group_12
レディー,レディー,lady,N1,N1_Group_12
またがる (うまを～),またがる (うまを～),to straddle,N1,N1_Group_12
バッテリー,バッテリー,battery,N1,N1_Group_12
パトカー,パトカー,patrol car,N1,N1_Group_12
ハンガー,ハンガー,(coat) hanger,N1,N1_Group_12
ビールス,ビールス,virus,N1,N1_Group_12
ビジネス,ビジネス,business,N1,N1_Group_12
ございます (かん),ございます (かん),"to be (polite, to exist)",N1,N1_Group_12
こつ (をつかむ),こつ (をつかむ),"secret, trick, hang",N1,N1_Group_12
さきに (いぜん),さきに (いぜん),"before, earlier than, previously",N1,N1_Group_12
とげ (をさす),とげ (をさす),thorn,N1,N1_Group_12
くじ (～をひく),くじ (～をひく),"lottery, lot",N1,N1_Group_12
そり (～にのる),そり (～にのる),"sleigh, sled",N1,N1_Group_12
つじつま (はなしの～),つじつま (はなしの～),"coherence, consistency",N1,N1_Group_12
よって (よりどころ),よって (よりどころ),"therefore, consequently",N1,N1_Group_12
コンタクト (レンズ),コンタクト (レンズ),contact; contact lens,N1,N1_Group_12
おおい (かん),おおい (かん),hey,N1,N1_Group_12
